node_id,metric_result
0,"[0.50378404 0.87658032 1.03523979 1.083767   1.10573837 1.11803827
 1.1258409  1.13121093 1.13512401 1.13809824 1.14043327 1.14231403
 1.1438607  1.14515462 1.14625283 1.14719644 1.14801584 1.14873396
 1.14936844 1.14993305 1.1504387  1.15089414 1.15130648 1.15168156
 1.15202419]"
1,"[0.59560425 1.28060543 1.33319527 1.33789373 1.33868661 1.33889015
 1.33896924 1.3390133  1.33904403 1.33906793 1.33908747 1.33910383
 1.33911774 1.33912967 1.33913999 1.33914897 1.33915684 1.33916378
 1.33916993 1.3391754  1.3391803  1.33918469 1.33918866 1.33919225
 1.33919552]"
2,"[0.63917336 1.19157637 1.34386153 1.41232223 1.45062366 1.47479981
 1.49134676 1.50334603 1.51243016 1.5195391  1.5252502  1.52993684
 1.53385084 1.53716803 1.54001483 1.54248438 1.54464683 1.54655598
 1.54825379 1.54977345 1.55114155 1.55237967 1.55350545 1.5545335
 1.55547601]"
3,"[0.72305456 1.28963781 1.3198896  1.30405454 1.28861408 1.27710515
 1.2687444  1.2625804  1.25792959 1.25433706 1.25150137 1.24921959
 1.24735214 1.24580086 1.24449523 1.24338358 1.24242732 1.24159718
 1.24087062 1.24023001 1.23966143 1.23915374 1.23869792 1.23828663
 1.23791382]"
4,"[0.8813042  0.74538916 0.62290341 0.55957049 0.52394313 0.50263866
 0.4891806  0.48024389 0.47404514 0.46958232 0.46626603 0.46373453
 0.4617572  0.46018187 0.45890517 0.4578549  0.45697951 0.45624136
 0.45561249 0.45507176 0.45460294 0.45419343 0.45383328 0.45351458
 0.45323096]"
5,"[0.94300861 1.34737751 1.45390056 1.49203055 1.50984434 1.51968166
 1.52574959 1.52979512 1.53265141 1.53475842 1.53636729 1.53763044
 1.5386451  1.53947588 1.54016719 1.54075047 1.54124855 1.54167836
 1.54205269 1.54238139 1.54267214 1.54293101 1.54316286 1.54337163
 1.54356054]"
6,"[0.7831807  1.23706826 1.32822469 1.34715086 1.35220708 1.35359046
 1.35379639 1.35359195 1.35324891 1.35287184 1.3525022  1.35215577
 1.35183748 1.35154755 1.35128429 1.35104531 1.3508281  1.35063026
 1.3504496  1.35028418 1.35013229 1.34999244 1.34986332 1.3497438
 1.34963288]"
7,"[0.46617379 0.63680276 0.6388417  0.63023462 0.6267913  0.62579539
 0.62574127 0.62603957 0.62645811 0.62690239 0.6273338  0.62773746
 0.62810886 0.62844807 0.62875704 0.62903845 0.62929506 0.62952952
 0.62974427 0.62994147 0.63012302 0.63029061 0.63044571 0.6305896
 0.63072341]"
8,"[0.53606959 1.10489361 1.20398589 1.24022504 1.25888073 1.27020145
 1.27777919 1.28319593 1.28725527 1.29040778 1.29292521 1.294981
 1.2966909  1.29813509 1.29937082 1.30044003 1.30137415 1.30219719
 1.3029278  1.3035807  1.30416761 1.30469805 1.30517977 1.30561919
 1.30602163]"
9,"[0.90595266 1.31942383 1.40101384 1.42298137 1.43217597 1.43706076
 1.44003806 1.44202141 1.44342751 1.44447138 1.44527431 1.44590954
 1.44642371 1.44684781 1.44720323 1.44750515 1.44776463 1.4479899
 1.44818723 1.44836144 1.44851633 1.44865491 1.4487796  1.44889236
 1.44899481]"
10,"[0.7952585  1.20434511 1.33235626 1.39139575 1.42407247 1.44439651
 1.45811207 1.46793375 1.47528802 1.48098847 1.48553002 1.48922981
 1.49229987 1.49488704 1.4970961  1.49900375 1.50066736 1.50213068
 1.50342765 1.50458498 1.50562396 1.5065618  1.50741253 1.5081877
 1.50889692]"
11,"[0.62950361 1.30504948 1.44004189 1.48435433 1.50367797 1.51368334
 1.51949969 1.5231713  1.52563562 1.52736971 1.52863661 1.52959082
 1.53032785 1.53090934 1.53137646 1.53175761 1.53207285 1.5323367
 1.53255988 1.53275044 1.53291453 1.53305691 1.53318129 1.53329064
 1.53338733]"
12,"[0.20936148 1.04287774 1.28385917 1.34602601 1.36211064 1.36463244
 1.36285392 1.35977696 1.35645607 1.353269   1.3503401  1.34769516
 1.3453221  1.34319568 1.34128776 1.33957141 1.33802236 1.33661941
 1.33534423 1.33418112 1.33311663 1.33213922 1.33123901 1.33040747
 1.32963724]"
13,"[0.54024134 0.66425479 0.83478807 0.90492713 0.94090384 0.96255711
 0.97696117 0.98721342 0.994874   1.0008112  1.00554564 1.00940802
 1.01261828 1.01532829 1.01764628 1.0196514  1.02140287 1.02294589
 1.02431551 1.02553937 1.02663954 1.02763385 1.02853685 1.02936056
 1.03011497]"
14,"[0.75320634 1.10503999 1.21342612 1.24598916 1.26017003 1.26791391
 1.27275962 1.27607087 1.2784754  1.28030051 1.28173312 1.2828876
 1.28383783 1.28463366 1.28530992 1.2858917  1.28639752 1.28684136
 1.28723396 1.28758371 1.28789728 1.28818    1.28843622 1.2886695
 1.28888279]"
15,"[0.71050136 1.18755057 1.28405052 1.30713906 1.31547435 1.31946474
 1.32175906 1.3232467  1.32429299 1.32507203 1.32567668 1.32616089
 1.32655818 1.32689055 1.32717302 1.32741626 1.32762805 1.32781423
 1.32797924 1.32812654 1.32825888 1.32837846 1.32848704 1.3285861
 1.32867685]"
16,"[0.07658484 0.63538184 0.85176462 0.92908501 0.96516821 0.98552039
 0.99847505 1.00741357 1.01394186 1.01891442 1.02282604 1.02598243
 1.02858248 1.03076101 1.03261263 1.03420565 1.03559062 1.03680574
 1.03788041 1.03883762 1.0396956  1.04046901 1.04116976 1.04180762
 1.04239067]"
17,"[0.71810423 1.1200326  1.24575581 1.31045669 1.35135911 1.37915764
 1.39907436 1.41396107 1.42547321 1.43462427 1.44206433 1.44822751
 1.45341384 1.45783688 1.46165257 1.46497731 1.46789969 1.47048829
 1.47279699 1.47486872 1.47673807 1.47843324 1.47997742 1.48138989
 1.48268677]"
18,"[1.21089407 1.59070859 1.58819929 1.55543582 1.53247228 1.51758446
 1.50758222 1.50053704 1.49535977 1.49141801 1.48832808 1.48584674
 1.48381364 1.48211932 1.48068681 1.47946051 1.47839939 1.4774725
 1.47665612 1.47593175 1.47528478 1.47470351 1.47417849 1.47370197
 1.47326756]"
19,"[0.71001046 1.47664283 1.6057629  1.62687169 1.62920829 1.62767814
 1.62547701 1.62337312 1.62153314 1.61996308 1.61862882 1.61749092
 1.61651421 1.61566961 1.61493377 1.61428803 1.61371751 1.61321024
 1.6127566  1.61234872 1.61198018 1.61164567 1.61134078 1.61106179
 1.6108056 ]"
20,"[0.69469328 1.1546435  1.30063562 1.3684385  1.40585545 1.42898197
 1.44449904 1.45555883 1.46380929 1.47018522 1.47525252 1.4793723
 1.48278508 1.48565695 1.48810609 1.49021881 1.49205953 1.49367732
 1.49511015 1.49638788 1.49753429 1.49856855 1.49950629 1.50036037
 1.50114148]"
21,"[1.17663328 1.46789934 1.50053469 1.49959453 1.49622913 1.49348971
 1.4914629  1.48995741 1.48881399 1.48792417 1.48721597 1.48664104
 1.48616619 1.48576812 1.48543004 1.48513964 1.4848877  1.48466718
 1.48447265 1.48429983 1.48414533 1.48400643 1.4838809  1.48376692
 1.48366298]"
22,"[0.89339031 1.21074965 1.26690006 1.29471439 1.31067919 1.32077629
 1.32766661 1.33264366 1.33639703 1.33932388 1.34166776 1.34358575
 1.34518352 1.34653463 1.34769181 1.34869384 1.34956983 1.35034207
 1.35102791 1.35164103 1.35219238 1.35269083 1.35314363 1.35355676
 1.35393519]"
23,"[0.64740337 1.04127204 1.09508118 1.10969783 1.11725957 1.12202358
 1.12530184 1.12768847 1.12949897 1.13091678 1.13205561 1.13298953
 1.13376871 1.13442832 1.1349937  1.13548353 1.13591191 1.13628965
 1.13662517 1.13692513 1.13719489 1.13743875 1.13766027 1.13786236
 1.13804747]"
24,"[0.48363578 1.17517019 1.34760247 1.39828162 1.41951695 1.43063071
 1.4373154  1.44172709 1.44483592 1.44713537 1.44890044 1.45029554
 1.45142454 1.4523561  1.45313733 1.45380157 1.45437304 1.45486976
 1.45530539 1.45569047 1.45603327 1.45634034 1.45661697 1.45686745
 1.45709529]"
25,"[0.77952272 1.20975208 1.30112896 1.33797217 1.35786219 1.37029417
 1.37878817 1.38495358 1.38962982 1.393297   1.39624926 1.39867673
 1.40070774 1.40243195 1.40391392 1.40520131 1.40633006 1.40732775
 1.40821596 1.40901175 1.40972883 1.41037832 1.41096935 1.41150946
 1.41200496]"
26,"[1.17713078 1.38090773 1.40078685 1.40615565 1.40863909 1.41000874
 1.41084094 1.41138166 1.41175117 1.41201385 1.41220662 1.41235182
 1.41246362 1.41255132 1.41262121 1.41267768 1.41272387 1.41276204
 1.4127939  1.41282071 1.41284345 1.41286286 1.41287953 1.41289394
 1.41290644]"
27,"[0.87736827 1.42672353 1.51065142 1.52314186 1.52477277 1.52437844
 1.52362313 1.52287613 1.52221678 1.52165179 1.52117015 1.52075816
 1.52040345 1.52009576 1.51982685 1.51959013 1.51938035 1.51919328
 1.5190255  1.51887424 1.51873721 1.51861252 1.5184986  1.51839412
 1.51829797]"
28,"[0.18200134 0.87396185 1.06755737 1.14982837 1.19433333 1.22193407
 1.24062332 1.25407631 1.26420492 1.27209687 1.27841461 1.28358379
 1.28788994 1.2915316  1.29465093 1.29735239 1.29971442 1.30179701
 1.30364685 1.3053008  1.30678834 1.30813333 1.30935529 1.31047032
 1.31149186]"
29,"[0.7868808  1.30190021 1.39407115 1.39780274 1.39154018 1.38541506
 1.38049895 1.37664332 1.37359063 1.37113345 1.36912173 1.36744867
 1.36603767 1.36483292 1.36379305 1.36288684 1.3620904  1.36138513
 1.36075635 1.36019236 1.35968371 1.35922268 1.35880292 1.35841915
 1.35806696]"
30,"[0.77800576 1.26550768 1.34896641 1.39403    1.42186961 1.43983477
 1.45213506 1.46100328 1.46766817 1.47284591 1.47697723 1.48034647
 1.48314453 1.48550402 1.48751975 1.48926122 1.49078048 1.49211729
 1.49330246 1.49436031 1.49531022 1.49616783 1.49694593 1.49765505
 1.49830395]"
31,"[1.14330767 1.75640657 1.79186601 1.75282058 1.71511589 1.68549344
 1.66264035 1.64478025 1.63055934 1.61902531 1.60951251 1.60154958
 1.59479664 1.58900393 1.58398452 1.57959616 1.57572889 1.57229652
 1.56923063 1.56647627 1.5639888  1.56173166 1.5596746  1.5577924
 1.55606387]"
32,"[0.66590236 1.25949869 1.40858505 1.46161398 1.48735327 1.50228007
 1.51194161 1.51867427 1.52362047 1.52740104 1.53038092 1.53278804
 1.53477182 1.53643416 1.53784684 1.53906185 1.54011775 1.54104371
 1.54186223 1.54259089 1.54324367 1.5438318  1.54436438 1.54484892
 1.5452916 ]"
33,"[0.81594259 1.41214155 1.50481215 1.51955677 1.52185121 1.52162101
 1.52086196 1.52005537 1.51932108 1.51868085 1.51812906 1.51765359
 1.51724212 1.51688388 1.51656996 1.51629307 1.51604734 1.51582796
 1.51563106 1.51545344 1.51529245 1.51514593 1.51501203 1.51488921
 1.51477618]"
34,"[0.85134966 1.56531893 1.72840282 1.75847107 1.75778798 1.74991475
 1.74091762 1.73244818 1.72489961 1.718285   1.71250838 1.70745284
 1.70300882 1.69908167 1.69559213 1.69247465 1.68967518 1.68714902
 1.68485913 1.68277463 1.68086962 1.67912228 1.67751413 1.67602938
 1.67465455]"
35,"[0.90107327 1.41148558 1.52020078 1.54618409 1.55333111 1.55499796
 1.5548282  1.55402036 1.55301719 1.55199242 1.55101437 1.55010747
 1.54927728 1.54852134 1.54783404 1.54720878 1.546639   1.54611858
 1.54564203 1.54520447 1.54480162 1.54442973 1.54408553 1.54376616
 1.54346913]"
36,"[1.15015398 1.5032767  1.51671695 1.49384866 1.47875939 1.47044814
 1.46575856 1.46295466 1.46117848 1.45999508 1.45917231 1.45857947
 1.45813924 1.4578039  1.4575428  1.45733565 1.45716858 1.45703188
 1.4569186  1.45682368 1.45674332 1.45667468 1.45661556 1.45656427
 1.45651947]"
37,"[0.61480054 1.20056548 1.37351332 1.44251946 1.47847724 1.50009432
 1.5143705  1.52444625 1.53191453 1.53766102 1.54221435 1.54590839
 1.54896381 1.55153211 1.5537206  1.55560735 1.55725049 1.55869419
 1.55997255 1.56111236 1.56213492 1.56305741 1.56389378 1.56465554
 1.56535223]"
38,"[0.87185024 1.25117685 1.34421498 1.37693738 1.39232315 1.40107952
 1.40670396 1.41061899 1.41350202 1.41571469 1.41746727 1.41889027
 1.42006903 1.42106168 1.42190924 1.42264143 1.4232804  1.42384292
 1.42434198 1.42478777 1.42518841 1.42555043 1.42587918 1.42617904
 1.42645368]"
39,"[0.13669998 0.57729374 0.76437302 0.83989195 0.87973192 0.90415038
 0.92058634 0.93237951 0.94124274 0.94814197 0.9536621  0.9581775
 0.96193869 0.9651195  0.9678443  0.97020434 0.97226813 0.97408804
 0.9757048  0.97715059 0.97845112 0.9796272  0.98069585 0.98167115
 0.98256478]"
40,"[0.28382567 1.00115862 1.23205496 1.31130931 1.34561311 1.36326724
 1.37356441 1.3801441  1.38464389 1.38788494 1.39031577 1.39219873
 1.39369603 1.39491269 1.39591938 1.39676522 1.39748532 1.39810539
 1.39864466 1.39911777 1.39953607 1.39990847 1.40024206 1.40054257
 1.40081464]"
41,"[0.84812944 1.39973527 1.5123656  1.54825156 1.56241107 1.56897194
 1.57236368 1.57425186 1.5753564  1.57602286 1.57643104 1.57668055
 1.57682944 1.57691297 1.57695328 1.57696465 1.57695652 1.57693527
 1.57690523 1.57686943 1.57682997 1.57678835 1.57674561 1.5767025
 1.57665956]"
42,"[0.74142073 1.19382531 1.34850071 1.40917039 1.43993061 1.45819963
 1.47020269 1.47865389 1.48491008 1.48972013 1.4935293  1.49661819
 1.49917205 1.50131797 1.5031459  1.5047213  1.50609286 1.50729758
 1.50836403 1.50931464 1.51016725 1.51093621 1.51163324 1.51226794
 1.5128483 ]"
43,"[0.31171959 1.13580018 1.29954467 1.35133506 1.37460437 1.38736769
 1.39529549 1.40064967 1.40448816 1.40736528 1.40959717 1.41137637
 1.4128264  1.41402996 1.41504439 1.41591065 1.41665875 1.41731114
 1.41788498 1.41839355 1.41884732 1.41925467 1.41962232 1.41995579
 1.42025961]"
44,"[0.41407017 0.49013804 0.46912822 0.48776829 0.50507381 0.5167985
 0.52489056 0.53073384 0.53512813 0.53854426 0.54127236 0.54349944
 0.54535094 0.54691394 0.54825067 0.54940675 0.55041634 0.55130555
 0.55209463 0.55279955 0.55343307 0.55400548 0.55452522 0.55499921
 0.55543323]"
45,"[0.50906533 1.20933789 1.37250035 1.42615543 1.45232122 1.4679038
 1.47827181 1.48567358 1.49122355 1.49553913 1.49899053 1.5018134
 1.50416485 1.50615372 1.50785775 1.50933396 1.51062512 1.51176392
 1.51277581 1.51368085 1.51449511 1.51523157 1.51590087 1.51651179
 1.51707164]"
46,"[0.16275828 0.82233563 1.03325922 1.12750732 1.17950099 1.21197856
 1.23402769 1.24991224 1.26187237 1.27118906 1.2786445  1.28474193
 1.28981918 1.29411114 1.29778607 1.30096754 1.30374831 1.30619934
 1.30837581 1.31032128 1.31207057 1.31365187 1.31508821 1.31639861
 1.31759891]"
47,"[0.94214834 1.37886161 1.39988715 1.39459546 1.38965936 1.38625502
 1.38393367 1.38230706 1.38113    1.38025234 1.37958045 1.3790542
 1.3786338  1.37829217 1.37801037 1.37777485 1.37757572 1.37740563
 1.37725899 1.37713154 1.37701993 1.37692153 1.37683425 1.37675641
 1.37668661]"
48,"[1.00148498 1.47460286 1.55585289 1.57769206 1.58702301 1.59205092
 1.59513076 1.5971797  1.59862498 1.59969034 1.60050315 1.60114068
 1.60165222 1.60207055 1.6024182  1.60271114 1.60296095 1.60317623
 1.60336347 1.60352768 1.60367273 1.60380172 1.60391711 1.60402088
 1.60411468]"
49,"[0.86442024 1.24743167 1.3386324  1.36612193 1.37755441 1.38342358
 1.38686869 1.38908403 1.39060532 1.39170297 1.39252601 1.39316241
 1.39366699 1.39407547 1.39441201 1.39469348 1.39493194 1.39513626
 1.39531307 1.39546742 1.39560321 1.39572352 1.39583078 1.39592695
 1.39601364]"
50,"[0.51520253 1.15560169 1.27182543 1.30124791 1.31276854 1.31863231
 1.32211732 1.32440536 1.32601428 1.32720358 1.3281166  1.32883861
 1.3294233  1.32990611 1.33031132 1.33065611 1.33095297 1.33121118
 1.33143779 1.33163823 1.33181676 1.33197678 1.33212101 1.33225167
 1.33237058]"
51,"[0.04673329 0.58137496 0.75202049 0.82052613 0.85708457 0.87971539
 0.8950625  0.90613678 0.91449612 0.92102559 0.92626446 0.93055965
 0.93414429 0.93718075 0.93978552 0.94204435 0.94402174 0.94576709
 0.94731892 0.94870767 0.94995773 0.95108886 0.95211725 0.95305626
 0.95391705]"
52,"[0.32109136 0.92873765 1.11024508 1.18604206 1.22677134 1.25189637
 1.26882494 1.28095534 1.29005121 1.29711311 1.30274852 1.30734655
 1.31116746 1.31439165 1.31714797 1.31953085 1.321611   1.32344242
 1.32506704 1.32651787 1.3278213  1.32899864 1.33006729 1.33104159
 1.33193348]"
53,"[1.09029326 1.37625781 1.46605037 1.50011157 1.5157804  1.52423847
 1.5293467  1.53268993 1.53501251 1.53670162 1.53797522 1.53896393
 1.53975011 1.5403879  1.54091419 1.54135483 1.54172845 1.54204875
 1.54232602 1.54256812 1.54278114 1.54296986 1.54313812 1.54328896
 1.5434249 ]"
54,"[0.81451959 1.38173962 1.43863177 1.44446304 1.44453095 1.44387469
 1.44323479 1.44271216 1.44229822 1.44196956 1.44170551 1.44149037
 1.44131264 1.44116388 1.44103791 1.44093008 1.4408369  1.44075568
 1.44068433 1.44062122 1.44056504 1.44051473 1.44046946 1.44042851
 1.44039131]"
55,"[0.49038536 0.9833969  1.08262228 1.12167485 1.1453379  1.16120037
 1.17242079 1.18070764 1.18704866 1.19204356 1.1960731  1.1993889
 1.20216316 1.20451735 1.20653944 1.20829461 1.20983214 1.21118993
 1.21239762 1.2134787  1.21445201 1.21533285 1.21613376 1.21686512
 1.21753559]"
56,"[1.84028508e-04 2.74844866e-01 5.74704163e-01 7.14593111e-01
 7.90045673e-01 8.35664041e-01 8.65628417e-01 8.86562101e-01
 9.01892578e-01 9.13542180e-01 9.22660638e-01 9.29972460e-01
 9.35954325e-01 9.40931395e-01 9.45132379e-01 9.48722433e-01
 9.51823570e-01 9.54527738e-01 9.56905459e-01 9.59011670e-01
 9.60889763e-01 9.62574444e-01 9.64093783e-01 9.65470719e-01
 9.66724171e-01]"
57,"[0.10328021 0.54520649 0.74412569 0.82428584 0.86666574 0.89269727
 0.91024871 0.92285869 0.93234545 0.93973602 0.94565317 0.95049597
 0.95453172 0.95794606 0.96087187 0.96340677 0.96562403 0.96757971
 0.96931745 0.97087169 0.97227    0.9735347  0.97468403 0.97573308
 0.9766944 ]"
58,"[0.72924013 1.38567497 1.52614805 1.56548728 1.58120602 1.58909187
 1.5936929  1.59667354 1.59875486 1.60029083 1.60147273 1.60241207
 1.60317795 1.60381537 1.60435489 1.604818   1.60522024 1.60557315
 1.6058855  1.60616405 1.60641413 1.60663997 1.60684501 1.60703204
 1.60720338]"
59,"[0.95999071 1.18037034 1.41297253 1.49617893 1.53371837 1.55390052
 1.56614625 1.57423529 1.57991984 1.5841058  1.58730235 1.58981518
 1.59183771 1.59349777 1.59488293 1.59605501 1.59705884 1.59792764
 1.59868652 1.59935481 1.5999476  1.60047684 1.60095209 1.60138113
 1.60177032]"
60,"[0.63312861 1.1383224  1.30698927 1.38426343 1.42587329 1.45117892
 1.46796564 1.47982669 1.48861328 1.49536434 1.50070358 1.50502622
 1.50859397 1.51158661 1.51413148 1.51632121 1.5182247  1.5198942
 1.52137008 1.52268396 1.52386096 1.52492131 1.52588144 1.52675484
 1.52755272]"
61,"[0.86986589 1.38445532 1.46265549 1.49341659 1.5088835  1.51771181
 1.52323583 1.52693825 1.52955388 1.5314796  1.53294507 1.53409084
 1.53500699 1.53575351 1.5363717  1.53689078 1.53733193 1.53771086
 1.5380394  1.53832665 1.53857966 1.53880403 1.5390042  1.53918378
 1.5393457 ]"
62,"[0.51557211 1.20678274 1.37982977 1.43736954 1.46337725 1.47769799
 1.48662044 1.49265961 1.4969955  1.50024838 1.50277301 1.504786
 1.50642658 1.50778812 1.50893544 1.5099149  1.51076046 1.51149758
 1.51214568 1.51271985 1.51323196 1.51369149 1.51410608 1.51448199
 1.51482434]"
63,"[0.39750282 1.21892167 1.39675065 1.45188537 1.47582266 1.4884768
 1.49606179 1.50101871 1.50446804 1.50698503 1.50889105 1.51037788
 1.51156617 1.51253518 1.5133389  1.51401526 1.51459158 1.51508805
 1.51551983 1.51589853 1.51623318 1.51653091 1.5167974  1.51703724
 1.51725418]"
64,"[0.13572424 0.8793058  1.11006799 1.222648   1.28767902 1.32927556
 1.35791571 1.378742   1.39452821 1.40688769 1.41681745 1.42496466
 1.43176682 1.43752983 1.44247379 1.446761   1.45051369 1.45382562
 1.45676992 1.4594044  1.46177541 1.4639205  1.46587042 1.4676506
 1.46928224]"
65,"[0.53089539 0.81387108 1.0211587  1.11438145 1.16544217 1.19721647
 1.21875245 1.2342577  1.24593083 1.25502504 1.26230415 1.26825907
 1.27321914 1.27741332 1.28100558 1.28411635 1.28683604 1.28923382
 1.2913635  1.29326756 1.29497997 1.29652821 1.29793478 1.29921823
 1.30039403]"
66,"[0.8598587  1.54842107 1.63256548 1.63915194 1.63495637 1.62980589
 1.62532782 1.62166729 1.61869853 1.61627338 1.61426923 1.6125924
 1.61117271 1.6099575  1.60890698 1.60799067 1.60718497 1.60647139
 1.60583524 1.60526478 1.60475045 1.60428447 1.60386039 1.60347286
 1.6031174 ]"
67,"[0.74295924 1.22276634 1.3684898  1.42262553 1.44994314 1.46621338
 1.47694126 1.48451837 1.49014214 1.49447525 1.49791283 1.50070453
 1.50301559 1.50495958 1.50661704 1.50804667 1.50929221 1.51038692
 1.51135654 1.51222126 1.51299719 1.51369728 1.51433211 1.51491038
 1.51543929]"
68,"[0.04821462 0.81023132 0.94524711 0.9871919  1.00761842 1.01976058
 1.02782346 1.03357114 1.03787677 1.04122291 1.04389822 1.04608607
 1.04790856 1.04945014 1.0507711  1.05191563 1.05291685 1.05380009
 1.05458503 1.05528722 1.05591908 1.05649068 1.05701024 1.05748455
 1.05791928]"
69,"[0.58766079 1.16864268 1.25056042 1.27311107 1.2841344  1.29076489
 1.29518583 1.29833553 1.30068866 1.30251099 1.30396256 1.30514531
 1.30612713 1.30695495 1.30766219 1.30827328 1.30880652 1.30927584
 1.30969204 1.31006363 1.3103974  1.31069883 1.31097239 1.31122177
 1.31145003]"
70,"[0.56387163 0.96479762 1.09714071 1.14526659 1.16946867 1.18402585
 1.19374916 1.20070456 1.20592689 1.20999211 1.21324635 1.21591023
 1.21813097 1.22001063 1.22162216 1.22301908 1.22424158 1.22532039
 1.22627944 1.22713761 1.22791002 1.2286089  1.22924429 1.22982444
 1.23035627]"
71,"[0.90711837 0.93238105 0.97763388 1.03606521 1.07188941 1.0942884
 1.10936854 1.12015837 1.12824483 1.13452518 1.13954145 1.14363935
 1.14704943 1.14993116 1.15239837 1.1545344  1.15640168 1.1580479
 1.15951009 1.16081746 1.16199335 1.16305664 1.16402276 1.16490444
 1.16571229]"
72,"[0.53912698 1.00932879 1.14674365 1.20004128 1.22691116 1.24280342
 1.25323305 1.26058282 1.26603426 1.27023586 1.27357194 1.27628435
 1.2785327  1.28042651 1.2820434  1.28343991 1.28465817 1.28573025
 1.28668093 1.28752973 1.28829217 1.2889808  1.28960583 1.29017568
 1.29069735]"
73,"[0.62867596 1.45569368 1.67676117 1.75341639 1.78774564 1.80605967
 1.81705985 1.82424357 1.82923279 1.83286435 1.83560682 1.83774004
 1.83944007 1.8408225  1.84196601 1.84292577 1.84374153 1.84444255
 1.84505081 1.84558312 1.84605252 1.84646929 1.84684161 1.84717608
 1.84747807]"
74,"[0.70768546 0.83395607 0.72934318 0.65021448 0.60764955 0.58660792
 0.57641976 0.57153464 0.56928139 0.56837129 0.56816299 0.56832524
 0.568681   0.569133   0.56962677 0.57013151 0.57062988 0.57111236
 0.57157398 0.57201251 0.57242733 0.57281875 0.5731876  0.57353502
 0.57386227]"
75,"[0.33807715 1.16663916 1.34687774 1.39997341 1.42217582 1.43386768
 1.44096965 1.44570626 1.44907751 1.45159377 1.45354098 1.45509114
 1.45635366 1.45740133 1.45828441 1.45903867 1.45969026 1.46025873
 1.46075897 1.46120253 1.4615985  1.46195412 1.46227524 1.46256665
 1.46283227]"
76,"[0.9661194  1.40953128 1.50318496 1.54900484 1.57536576 1.59193906
 1.60316909 1.61123218 1.61728412 1.62198619 1.62574108 1.62880697
 1.63135659 1.63350965 1.63535167 1.6369453  1.63833747 1.63956403
 1.64065282 1.64162577 1.6425004  1.64329089 1.6440088  1.64466367
 1.64526346]"
77,"[1.06274312 1.53090423 1.61017014 1.61125925 1.6022497  1.59322828
 1.58562087 1.57939378 1.57429009 1.5700661  1.56652872 1.5635315
 1.56096412 1.55874301 1.55680421 1.55509819 1.55358609 1.55223712
 1.55102657 1.54993439 1.54894422 1.54804253 1.54721806 1.54646137
 1.54576449]"
78,"[0.74023802 1.37456555 1.51958877 1.56556517 1.58563548 1.59627022
 1.60265062 1.60681961 1.60971766 1.6118288  1.61342404 1.61466534
 1.6156547  1.61645919 1.61712451 1.61768275 1.61815703 1.61856441
 1.61891769 1.61922668 1.61949899 1.61974061 1.61995633 1.62014999
 1.62032473]"
79,"[0.55986679 0.788482   0.91988919 1.00641054 1.05627195 1.08742296
 1.10850769 1.12366251 1.13505529 1.14392022 1.15100834 1.15680164
 1.16162312 1.1656971  1.16918405 1.17220178 1.17483865 1.17716223
 1.17922502 1.18106847 1.1827257  1.18422349 1.18558374 1.18682453
 1.18796089]"
80,"[0.29955181 0.8441987  1.04124987 1.1274083  1.17425778 1.20332071
 1.22297957 1.2371112  1.24773613 1.25600422 1.26261539 1.26801903
 1.27251631 1.27631643 1.27956906 1.28238407 1.28484387 1.28701147
 1.28893585 1.29065565 1.29220177 1.29359917 1.2948683  1.29602599
 1.29708627]"
81,"[0.87777422 1.52455997 1.56893263 1.57499232 1.57606753 1.57562905
 1.57469808 1.57364888 1.57262242 1.57166883 1.57080167 1.57001984
 1.5693167  1.56868399 1.56811346 1.56759754 1.56712947 1.56670341
 1.56631427 1.56595771 1.56562996 1.56532781 1.56504845 1.56478947
 1.56454878]"
82,"[1.17863205 1.32154984 1.32256945 1.33038077 1.33516378 1.33803165
 1.3399072  1.3412283  1.3422117  1.34297434 1.34358446 1.34408452
 1.34450241 1.34485719 1.34516238 1.34542785 1.34566099 1.34586744
 1.34605157 1.34621687 1.3463661  1.34650152 1.34662498 1.346738
 1.34684187]"
83,"[0.71672909 1.42101921 1.54810132 1.58061583 1.59227447 1.59731575
 1.59974753 1.60099471 1.60164969 1.60198777 1.60214791 1.6022048
 1.60220062 1.60216009 1.60209815 1.60202404 1.60194354 1.60186032
 1.60177673 1.60169423 1.60161374 1.60153581 1.60146075 1.6013887
 1.6013197 ]"
84,"[0.77595941 1.38263901 1.52551569 1.57292598 1.59310129 1.60328248
 1.60905323 1.6126055  1.61493002 1.61652421 1.61765879 1.6184908
 1.61911616 1.61959598 1.61997061 1.62026751 1.62050587 1.62069939
 1.62085806 1.6209893  1.62109867 1.62119045 1.62126793 1.6213337
 1.62138979]"
85,"[0.7290581  1.47607844 1.5833664  1.59283829 1.58824225 1.58202748
 1.57637421 1.57158636 1.56758573 1.56423317 1.56140098 1.55898569
 1.55690642 1.55510041 1.55351881 1.55212333 1.55088363 1.54977548
 1.54877933 1.54787926 1.54706215 1.54631718 1.54563529 1.54500886
 1.54443143]"
86,"[0.576476   1.19475568 1.32183241 1.36233532 1.3807677  1.39104963
 1.39753982 1.40198568 1.40521216 1.40765604 1.40956908 1.4111061
 1.41236738 1.41342061 1.41431309 1.41507885 1.41574298 1.41632438
 1.41683756 1.41729381 1.41770209 1.41806956 1.41840204 1.41870429
 1.41898024]"
87,"[0.21228583 0.89931867 1.0769282  1.12891572 1.15217651 1.16523806
 1.17358046 1.17936369 1.18360632 1.18685048 1.18941096 1.19148297
 1.19319392 1.19463052 1.19585378 1.1969079  1.19782565 1.19863186
 1.19934569 1.19998215 1.20055315 1.2010683  1.20153541 1.20196089
 1.20235006]"
88,"[0.70135919 1.31938352 1.39850024 1.40887506 1.40965782 1.40881975
 1.40778474 1.40684013 1.40603101 1.40534722 1.40476837 1.404275
 1.40385096 1.40348341 1.40316221 1.40287939 1.40262863 1.40240489
 1.40220408 1.40202292 1.40185867 1.40170912 1.40157238 1.40144689
 1.40133132]"
89,"[0.74812796 1.05690529 1.16968572 1.23013348 1.26432063 1.28571183
 1.30021592 1.31065236 1.31850441 1.32461855 1.32951053 1.3335115
 1.33684346 1.33966059 1.34207326 1.34416246 1.34598898 1.34759932
 1.34902964 1.35030845 1.35145858 1.3524985  1.35344329 1.35430542
 1.35509526]"
90,"[0.77717133 1.23946719 1.33205231 1.36575958 1.38460205 1.39694145
 1.40567512 1.41217454 1.4171923  1.4211784  1.42441847 1.42710229
 1.42936071 1.43128677 1.43294836 1.43439617 1.43566876 1.43679599
 1.43780131 1.43870342 1.43951738 1.44025547 1.44092779 1.44154275
 1.44210736]"
91,"[0.58283756 1.0517259  1.20477574 1.2667284  1.29877079 1.31810858
 1.33099101 1.34017103 1.34703797 1.35236563 1.35661818 1.3600906
 1.36297918 1.36541956 1.36750842 1.36931654 1.3708969  1.37228995
 1.37352711 1.37463315 1.37562784 1.3765272  1.37734428 1.37808989
 1.378773  ]"
92,"[0.761164   1.33183431 1.46148603 1.50765555 1.5292492  1.5411107
 1.54839314 1.55323431 1.55664742 1.55916415 1.56108641 1.56259672
 1.56381117 1.56480674 1.56563626 1.56633713 1.56693645 1.56745435
 1.56790602 1.56830317 1.56865492 1.56896851 1.56924972 1.56950324
 1.5697329 ]"
93,"[0.50704886 0.85473718 0.98586155 1.04325863 1.0750781  1.09516175
 1.1089313  1.11893385 1.12651713 1.13245811 1.13723495 1.14115747
 1.14443499 1.14721384 1.14959936 1.15166927 1.15348213 1.15508289
 1.15650663 1.1577811  1.15892856 1.15996707 1.1609114  1.16177379
 1.16256445]"
94,"[0.60335711 0.97375474 1.22550286 1.31781158 1.36007688 1.38282065
 1.39652766 1.4054915  1.41172128 1.41625797 1.41968554 1.42235302
 1.42448003 1.42621076 1.42764333 1.42884657 1.42987003 1.43075019
 1.43151446 1.43218381 1.43277449 1.43329933 1.43376853 1.43419033
 1.43457144]"
95,"[0.60914484 1.17168808 1.32549692 1.39222331 1.42963939 1.45363799
 1.47033956 1.48262544 1.49203626 1.49947151 1.50549167 1.51046403
 1.51463921 1.51819403 1.52125674 1.5239226  1.52626384 1.52833619
 1.53018336 1.53184006 1.53333426 1.5346887  1.53592207 1.53704989
 1.53808514]"
96,"[0.88906031 1.0781597  1.16602242 1.19854125 1.21555887 1.22609272
 1.23327076 1.23847902 1.24243055 1.24553083 1.24802779 1.25008163
 1.25180048 1.25325997 1.25451458 1.25560455 1.25656024 1.25740499
 1.25815702 1.25883079 1.25943789 1.25998773 1.26048806 1.26094525
 1.26136465]"
97,"[0.35360138 0.84056188 1.05373541 1.14496889 1.19371316 1.2235595
 1.24355902 1.25783614 1.26851419 1.27678967 1.28338521 1.28876176
 1.29322668 1.29699248 1.30021067 1.3029921  1.3054197  1.30755671
 1.30945219 1.3111448  1.31266535 1.31403875 1.31528533 1.31642184
 1.31746222]"
98,"[0.61141688 1.09132324 1.29941074 1.37983134 1.41938414 1.44220688
 1.4568387  1.46693214 1.47427706 1.47984289 1.48419629 1.48768893
 1.49054982 1.49293411 1.49495042 1.49667696 1.49817143 1.49947726
 1.50062776 1.50164886 1.5025611  1.50338087 1.50412147 1.50479378
 1.50540678]"
99,"[0.87384782 1.40587917 1.51788336 1.55290212 1.56818315 1.57620068
 1.5809352  1.58397194 1.58604215 1.587521   1.5886172  1.58945441
 1.59010982 1.59063365 1.59105974 1.59141163 1.5917061  1.59195537
 1.59216856 1.59235255 1.59251263 1.59265294 1.59277674 1.59288663
 1.59298471]"
100,"[0.24344228 1.02997941 1.12828145 1.14969429 1.15932934 1.16505491
 1.16890235 1.17167691 1.17377501 1.17541774 1.1767389  1.17782446
 1.17873221 1.17950248 1.18016428 1.18073896 1.18124266 1.18168774
 1.18208386 1.18243867 1.1827583  1.18304774 1.18331106 1.18355164
 1.18377231]"
101,"[0.62788405 1.27445862 1.40969224 1.45489951 1.47612018 1.48808995
 1.49565472 1.50081901 1.50454633 1.5073518  1.50953361 1.51127539
 1.51269594 1.5138753  1.51486923 1.51571769 1.51645006 1.51708836
 1.51764943 1.51814634 1.51858939 1.51898681 1.51934525 1.51967013
 1.51996591]"
102,"[0.47155828 1.18628305 1.39195861 1.46938457 1.50476847 1.52406661
 1.53595597 1.54392524 1.54960117 1.55383151 1.55709708 1.55968911
 1.5617936  1.56353448 1.56499736 1.56624317 1.56731638 1.56825019
 1.56906986 1.56979494 1.57044077 1.57101958 1.57154121 1.57201368
 1.57244358]"
103,"[0.86687618 1.2987154  1.39097586 1.42294402 1.43814977 1.44680412
 1.45231784 1.45611066 1.45886773 1.46095675 1.46259139 1.46390376
 1.46497967 1.46587719 1.46663692 1.46728811 1.4678523  1.46834574
 1.46878086 1.46916738 1.46951296 1.46982376 1.47010476 1.47036001
 1.47059291]"
104,"[0.9171564  1.46139946 1.51411415 1.51987158 1.52249355 1.52468091
 1.52653196 1.52807159 1.52934847 1.53041316 1.53130874 1.53206944
 1.53272186 1.53328653 1.53377939 1.53421292 1.53459693 1.53493928
 1.53524625 1.53552297 1.53577364 1.53600171 1.53621009 1.53640117
 1.53657701]"
105,"[0.88680682 1.23787693 1.34296111 1.37126573 1.38261681 1.38849134
 1.39204105 1.3944108  1.39610431 1.39737527 1.39836474 1.39915726
 1.39980656 1.40034842 1.40080757 1.4012017  1.40154377 1.40184348
 1.40210827 1.40234394 1.40255505 1.40274526 1.40291754 1.40307432
 1.40321761]"
106,"[0.78896417 1.34359042 1.49361397 1.53940591 1.55682141 1.56470303
 1.56868467 1.57083919 1.57205218 1.57274539 1.5731367  1.57334594
 1.57344239 1.57346768 1.57344766 1.57339878 1.57333175 1.57325362
 1.5731691  1.57308138 1.5729926  1.5729042  1.57281715 1.57273208
 1.57264939]"
107,"[0.59086799 1.11704149 1.33278204 1.41790066 1.4607577  1.48599823
 1.50245878 1.51397665 1.52245925 1.52895313 1.53407722 1.53821963
 1.54163549 1.54449913 1.54693355 1.54902792 1.55084844 1.55244526
 1.55385702 1.55511398 1.55624019 1.55725496 1.558174   1.55901019
 1.55977422]"
108,"[0.83171783 1.24687193 1.55843558 1.68301481 1.74145286 1.77332342
 1.79275506 1.80560364 1.81462741 1.82126376 1.82632377 1.83029517
 1.83348673 1.83610246 1.83828201 1.84012391 1.84169952 1.84306167
 1.84425027 1.84529598 1.84622273 1.84704943 1.84779124 1.84846044
 1.84906705]"
109,"[0.53744664 1.08371656 1.24777627 1.30886693 1.33934259 1.35738049
 1.36925359 1.37764618 1.38388778 1.38870924 1.39254475 1.39566818
 1.39826073 1.40044699 1.40231543 1.40393062 1.40534072 1.40658246
 1.40768426 1.4086685  1.40955305 1.41035231 1.41107804 1.41173995
 1.41234609]"
110,"[0.77670711 1.23602998 1.34182822 1.36396233 1.36849352 1.36891851
 1.36829686 1.36744505 1.36660131 1.36583283 1.36515217 1.36455441
 1.36402973 1.36356786 1.36315949 1.36279663 1.36247257 1.36218172
 1.36191944 1.36168187 1.36146577 1.36126843 1.36108756 1.36092123
 1.36076777]"
111,"[0.55558631 1.32633804 1.44756601 1.4858458  1.50244089 1.51099058
 1.5159421  1.51905926 1.52114712 1.52261388 1.52368397 1.52448892
 1.52510994 1.52559934 1.52599206 1.52631215 1.5265766  1.52679771
 1.52698453 1.52714387 1.52728093 1.52739972 1.52750339 1.52759442
 1.52767483]"
112,"[1.01694593 1.408556   1.44398708 1.46838426 1.48418662 1.49420201
 1.50086918 1.50554496 1.50897227 1.5115766  1.51361452 1.51524819
 1.5165844  1.51769599 1.51863415 1.51943585 1.52012838 1.52073229
 1.52126334 1.52173378 1.52215333 1.52252971 1.52286919 1.5231769
 1.52345705]"
113,"[0.87659419 0.73169197 0.73582341 0.76532    0.78094071 0.79022447
 0.7963639  0.8007301  0.80399787 0.80653726 0.80856837 0.81023045
 0.81161599 0.81278889 0.81379471 0.81466685 0.81543034 0.81610433
 0.81670369 0.81724019 0.81772324 0.81816044 0.81855804 0.81892119
 0.81925418]"
114,"[0.99124079 1.77615458 1.85636671 1.85450754 1.84805169 1.84386823
 1.84137112 1.83981968 1.83879591 1.83808013 1.83755409 1.83715116
 1.83683191 1.8365719  1.83635534 1.83617161 1.83601334 1.83587526
 1.83575349 1.83564513 1.83554794 1.83546018 1.83538045 1.83530765
 1.83524086]"
115,"[0.61444892 1.1686784  1.30160316 1.35168114 1.37731286 1.39278372
 1.40310635 1.41047256 1.41598829 1.42027057 1.42369023 1.42648333
 1.42880719 1.43077063 1.43245129 1.43390606 1.43517752 1.43629822
 1.43729344 1.4381831  1.43898314 1.43970643 1.4403635  1.44096305
 1.44151229]"
116,"[0.56459579 0.85863279 0.95153763 0.97326939 0.97970998 0.98202988
 0.98296063 0.98334519 0.98349194 0.9835283  0.9835118  0.98347012
 0.98341717 0.98336017 0.98330287 0.98324722 0.98319416 0.98314411
 0.98309718 0.98305331 0.98301236 0.98297416 0.98293851 0.98290521
 0.98287409]"
117,"[0.75257217 1.12707864 1.19572238 1.20001642 1.1977882  1.19513598
 1.19285759 1.19099496 1.18947573 1.18822475 1.18718188 1.1863017
 1.18555025 1.18490198 1.18433746 1.18384174 1.18340315 1.18301247
 1.18266236 1.18234686 1.18206112 1.18180117 1.18156367 1.18134586
 1.18114541]"
118,"[0.35391044 0.72347163 0.89179702 0.96009355 0.9962878  1.0185855
 1.03366233 1.04452166 1.05270901 1.05909905 1.06422322 1.06842273
 1.07192653 1.07489388 1.07743899 1.07964582 1.08157751 1.08328242
 1.08479821 1.08615466 1.08737562 1.08848038 1.08948478 1.09040188
 1.09124258]"
119,"[0.76227264 1.28568973 1.41188561 1.42620681 1.42386708 1.41967622
 1.41595704 1.41294968 1.41054572 1.40860749 1.40702312 1.40570927
 1.40460493 1.40366524 1.40285685 1.40215459 1.40153919 1.40099571
 1.40051239 1.40007986 1.39969061 1.39933848 1.39901846 1.39872638
 1.39845874]"
120,"[0.55923494 1.08035836 1.20568027 1.25570931 1.28312061 1.30037533
 1.31218334 1.32074616 1.32722766 1.33229833 1.33637036 1.33971052
 1.34249882 1.34486093 1.34688724 1.34864433 1.35018235 1.35153973
 1.35274646 1.35382623 1.35479803 1.35567726 1.35647651 1.35720621
 1.35787504]"
121,"[0.76799836 1.19443165 1.30397059 1.34549444 1.36735509 1.3809009
 1.39011751 1.39678803 1.40183486 1.40578369 1.40895601 1.41155936
 1.41373357 1.41557627 1.41715766 1.41852946 1.41973062 1.42079104
 1.42173403 1.42257802 1.42333779 1.42402533 1.42465045 1.42522127
 1.42574456]"
122,"[0.79043844 0.71722018 0.65470532 0.63475054 0.63640481 0.64268221
 0.64871378 0.65366997 0.65762493 0.66079051 0.66335575 0.66546483
 0.66722368 0.66870976 0.66998029 0.67107802 0.67203539 0.67287736
 0.6736234  0.67428888 0.6748861  0.67542499 0.67591367 0.67635882
 0.67676599]"
123,"[0.43382238 1.14459278 1.33119414 1.39911968 1.43235878 1.45168345
 1.46419935 1.47292089 1.47932675 1.48422156 1.48807857 1.49119339
 1.49375978 1.49590985 1.49773664 1.49930755 1.50067253 1.50186937
 1.5029272  1.5038688  1.50471226 1.5054721  1.50616013 1.50678603
 1.50735784]"
124,"[0.69963342 1.29419265 1.43447621 1.48382179 1.50809249 1.5223405
 1.53163711 1.53814733 1.54294399 1.54661625 1.54951319 1.55185412
 1.55378339 1.55539975 1.55677292 1.55795348 1.55897899 1.55987788
 1.56067208 1.56137875 1.56201153 1.56258137 1.56309716 1.5635662
 1.56399455]"
125,"[0.90068658 1.29088357 1.44720079 1.49398045 1.51119649 1.51843541
 1.52167353 1.5231101  1.52367051 1.52378375 1.52366343 1.52342167
 1.52311958 1.52279133 1.52245628 1.52212539 1.52180472 1.52149746
 1.52120509 1.52092806 1.52066621 1.52041904 1.52018584 1.51996584
 1.51975822]"
126,"[0.90763934 1.45808674 1.54887476 1.56642085 1.56974548 1.56946825
 1.56821123 1.56675115 1.56533588 1.56404045 1.56287942 1.56184612
 1.56092729 1.56010861 1.55937672 1.55871984 1.55812785 1.55759215
 1.55710545 1.55666159 1.55625535 1.55588227 1.55553855 1.55522093
 1.55492661]"
127,"[1.13691619 1.61681504 1.67077268 1.68011245 1.68442428 1.68724011
 1.68925994 1.69077656 1.69195306 1.69288981 1.6936519  1.69428321
 1.69481428 1.69526693 1.69565717 1.69599695 1.69629538 1.69655954
 1.69679497 1.69700608 1.69719644 1.69736896 1.69752602 1.6976696
 1.69780136]"
128,"[0.66306668 1.40863162 1.52258078 1.53511367 1.53173145 1.52617944
 1.52103966 1.51671555 1.51314945 1.51020452 1.50775249 1.5056899
 1.50393671 1.50243165 1.50112766 1.49998837 1.49898534 1.49809614
 1.49730287 1.49659112 1.49594917 1.49536739 1.49483784 1.49435388
 1.49390994]"
129,"[1.1753872  1.43377027 1.52238034 1.5582391  1.57544116 1.58510981
 1.59117471 1.59528436 1.59823089 1.60043595 1.60214232 1.60349866
 1.60460069 1.60551256 1.60627879 1.60693116 1.60749292 1.60798149
 1.6084101  1.60878903 1.60912634 1.60942846 1.60970057 1.60994688
 1.61017087]"
130,"[0.55722594 1.24912475 1.44656075 1.52507836 1.56360163 1.58560109
 1.59955291 1.60908248 1.61595653 1.62112541 1.62514077 1.62834268
 1.63095122 1.6331146  1.63493605 1.63648952 1.63782928 1.63899603
 1.64002085 1.64092785 1.64173603 1.64246054 1.64311362 1.64370523
 1.64424358]"
131,"[0.90342335 1.37793031 1.48671284 1.53032937 1.55323876 1.5671911
 1.57653853 1.58322678 1.58824626 1.59215151 1.59527638 1.5978336
 1.59996508 1.60176906 1.60331573 1.60465652 1.60583003 1.60686575
 1.60778664 1.60861082 1.60935276 1.61002421 1.61063477 1.61119237
 1.61170361]"
132,"[0.6823027  1.22936727 1.37784332 1.41729458 1.4323999  1.43975913
 1.44394514 1.44658858 1.4483864  1.44967805 1.45064579 1.45139517
 1.45199108 1.45247538 1.45287619 1.45321301 1.45349981 1.4537468
 1.45396163 1.4541501  1.45431674 1.45446508 1.45459796 1.45471765
 1.454826  ]"
133,"[0.64428654 1.16161782 1.31188325 1.38691495 1.43102741 1.45936453
 1.47888219 1.49306544 1.50380705 1.51221007 1.51895628 1.52448801
 1.52910405 1.53301313 1.53636535 1.53927129 1.54181419 1.54405785
 1.546052   1.54783597 1.54944124 1.55089333 1.55221311 1.55341785
 1.55452193]"
134,"[0.19082955 0.87489966 1.09186874 1.18580453 1.23623687 1.26712603
 1.28779602 1.30252405 1.31351781 1.32202205 1.32878823 1.33429521
 1.33886194 1.34270865 1.34599214 1.34882701 1.35129887 1.35347292
 1.35539971 1.357119   1.35866247 1.3600557  1.36131953 1.36247116
 1.36352483]"
135,"[0.31482789 0.84795928 1.03604823 1.12453624 1.17276419 1.20250461
 1.22250772 1.23682295 1.24754966 1.25587553 1.26251973 1.26794194
 1.27244912 1.27625381 1.27950772 1.28232195 1.28477969 1.28694445
 1.28886554 1.29058181 1.2921243  1.29351806 1.29478359 1.29593778
 1.29699467]"
136,"[0.24727357 0.83627043 1.04714688 1.13983812 1.19000622 1.22095995
 1.24180431 1.25673558 1.26793083 1.27662363 1.28356208 1.28922494
 1.29393224 1.29790572 1.30130375 1.30424237 1.30680847 1.30906843
 1.31107378 1.31286511 1.31447487 1.31592926 1.31724969 1.31845382
 1.31955632]"
137,"[0.68633103 1.17994093 1.29558593 1.33463681 1.3525106  1.36235115
 1.36845515 1.37256467 1.37550014 1.37769242 1.3793872  1.38073394
 1.38182834 1.38273432 1.38349611 1.3841452  1.38470464 1.38519162
 1.38561924 1.38599765 1.38633482 1.38663708 1.38690957 1.38715645
 1.38738114]"
138,"[0.8297752  1.21972518 1.3642992  1.42525845 1.45637718 1.4746314
 1.48642481 1.49458941 1.50053953 1.50504998 1.50857692 1.51140475
 1.51371919 1.5156463  1.51727443 1.51866725 1.51987171 1.52092316
 1.52184872 1.52266948 1.52340212 1.52406    1.5246539  1.52519265
 1.52568354]"
139,"[0.78643844 1.06799964 1.16497041 1.19997503 1.21781879 1.22863048
 1.2358739  1.24106038 1.24495463 1.24798479 1.25040902 1.25239215
 1.25404429 1.25544177 1.25663916 1.2576765  1.25858383 1.25938411
 1.26009522 1.26073126 1.26130351 1.26182109 1.26229149 1.26272086
 1.26311434]"
140,"[0.80390512 1.26469631 1.41888294 1.48418554 1.51841167 1.53911502
 1.55287959 1.56265278 1.56993344 1.57555888 1.58003156 1.58367044
 1.58668737 1.58922836 1.59139723 1.59326979 1.59490262 1.59633882
 1.59761176 1.5987477  1.59976756 1.60068822 1.60152344 1.60228457
 1.60298102]"
141,"[0.86981159 1.2418858  1.32845299 1.35290303 1.36213952 1.36648768
 1.3688504  1.37026678 1.37117828 1.37179712 1.37223516 1.37255576
 1.37279692 1.37298251 1.37312811 1.37324424 1.3733382  1.37341517
 1.37347893 1.37353226 1.37357726 1.37361553 1.3736483  1.37367655
 1.37370105]"
142,"[0.86713316 1.30722912 1.42491073 1.46663251 1.48651998 1.49775789
 1.50484131 1.50965732 1.51311799 1.51571156 1.5177204  1.51931806
 1.52061657 1.52169119 1.52259421 1.52336302 1.52402499 1.52460062
 1.52510554 1.52555186 1.52594908 1.5263048  1.52662512 1.52691502
 1.5271786 ]"
143,"[0.08169414 0.54432126 0.7097541  0.78583122 0.82668401 0.85111167
 0.86698258 0.87797613 0.88597891 0.89203639 0.89676661 0.90055507
 0.90365328 0.90623162 0.90840928 0.91027195 0.91188274 0.91328909
 0.9145273  0.91562562 0.91660636 0.91748732 0.91828292 0.91900494
 0.91966309]"
144,"[1.22758444 1.42417678 1.4706157  1.484421   1.48865568 1.49018916
 1.49079077 1.49102028 1.49108655 1.49107735 1.4910328  1.49097239
 1.49090593 1.49083848 1.49077262 1.49070963 1.49065007 1.49059412
 1.49054174 1.49049278 1.49044705 1.49040432 1.49036436 1.49032697
 1.49029193]"
145,"[0.49561614 1.09092835 1.21270009 1.23959807 1.24922748 1.25384937
 1.25650649 1.25822271 1.25942222 1.26030885 1.26099182 1.26153478
 1.26197723 1.26234503 1.26265582 1.26292205 1.26315275 1.26335467
 1.26353293 1.26369149 1.26383347 1.26396137 1.2640772  1.2641826
 1.26427892]"
146,"[0.20848736 1.18279138 1.41113828 1.49212364 1.53053973 1.55226117
 1.56604427 1.57551003 1.5823903  1.58760769 1.59169557 1.59498259
 1.59768184 1.59993728 1.60184962 1.60349133 1.60491587 1.60616353
 1.60726526 1.60824518 1.60912238 1.60991219 1.61062702 1.61127705
 1.61187069]"
147,"[0.71150214 0.94812442 1.08003218 1.13385748 1.15982513 1.17485194
 1.18459554 1.1914087  1.19643393 1.20029032 1.20334165 1.20581535
 1.20786078 1.20958001 1.21104512 1.21230846 1.21340895 1.21437611
 1.21523275 1.21599677 1.21668239 1.21730108 1.21786217 1.21837335
 1.21884097]"
148,"[0.65191174 0.86485383 1.06161143 1.1496076  1.19795445 1.22818127
 1.2487584  1.26362868 1.27485864 1.2836303  1.29066654 1.2964334
 1.30124443 1.30531814 1.30881138 1.31183956 1.3144895  1.31682771
 1.31890603 1.3207654  1.32243862 1.32395227 1.3253281  1.32658408
 1.3277352 ]"
149,"[1.09437594 1.27288415 1.20228547 1.16607609 1.15735063 1.156578
 1.15775748 1.15929752 1.1607736  1.16208466 1.16322319 1.16420738
 1.16506018 1.16580291 1.16645375 1.16702766 1.16753687 1.16799129
 1.16839905 1.16876678 1.16909997 1.16940318 1.16968021 1.16993426
 1.17016804]"
150,"[0.48789583 1.3285459  1.52997023 1.59079911 1.61478573 1.62631582
 1.63265548 1.63648579 1.63896537 1.64065706 1.64185972 1.6427435
 1.64341084 1.64392632 1.64433221 1.64465714 1.644921   1.64513796
 1.64531834 1.64546979 1.64559806 1.64570757 1.64580172 1.6458832
 1.64595414]"
151,"[0.4318003  0.91952085 1.07792609 1.1585366  1.20405262 1.23258284
 1.25194216 1.26587066 1.27634383 1.28449229 1.29100603 1.29632849
 1.30075701 1.30449809 1.30769948 1.3104696  1.31288976 1.31502209
 1.31691491 1.3186063  1.32012671 1.32150075 1.32274854 1.32388668
 1.324929  ]"
152,"[0.38873512 0.89576183 1.07814172 1.16187374 1.20750995 1.23573449
 1.25476524 1.26840874 1.27864453 1.2865959  1.29294478 1.29812792
 1.30243743 1.30607585 1.30918784 1.31187946 1.31423017 1.31630065
 1.31813803 1.31977946 1.32125463 1.3225875  1.32379768 1.32490132
 1.32591187]"
153,"[0.69339724 1.44948868 1.57244024 1.5973741  1.60332182 1.60424171
 1.60362982 1.60255973 1.60140039 1.60028341 1.59925266 1.59831798
 1.59747598 1.59671858 1.59603652 1.59542084 1.59486339 1.59435701
 1.59389546 1.59347338 1.59308615 1.59272979 1.59240088 1.59209645
 1.59181394]"
154,"[0.87944359 1.29914181 1.39707761 1.44043522 1.46413366 1.47873276
 1.48850643 1.49545829 1.50063389 1.50462583 1.50779259 1.51036273
 1.51248836 1.51427439 1.51579538 1.51710574 1.51824603 1.5192471
 1.52013279 1.52092184 1.52162916 1.52226675 1.52284437 1.52337008
 1.52385054]"
155,"[0.5622806  0.71945315 0.75294946 0.77909442 0.81009164 0.83735714
 0.85885325 0.87549553 0.88851091 0.89886898 0.90726327 0.91418161
 0.91996984 0.92487716 0.92908634 0.93273393 0.93592363 0.93873547
 0.94123206 0.94346309 0.94546841 0.94728033 0.94892534 0.95042534
 0.95179857]"
156,"[0.60815706 1.18709455 1.21381031 1.18030797 1.15234491 1.13338272
 1.12063477 1.11181854 1.10550706 1.10083796 1.09728191 1.09450442
 1.09228742 1.09048439 1.08899409 1.08774478 1.0866845  1.08577482
 1.0849868  1.08429832 1.08369215 1.08315478 1.08267542 1.08224538
 1.0818576 ]"
157,"[0.70697973 1.20017452 1.31596559 1.35820551 1.37921123 1.39161397
 1.39975669 1.40549805 1.40975825 1.41304256 1.4156507  1.41777141
 1.41952934 1.42101005 1.42227423 1.42336606 1.4243185  1.42515661
 1.42589979 1.42656329 1.42715927 1.42769752 1.42818604 1.42863142
 1.42903912]"
158,"[0.92117512 1.21902802 1.31259025 1.34790823 1.365879   1.37653201
 1.38350459 1.3883943  1.39200085 1.39476492 1.39694785 1.39871384
 1.40017098 1.40139322 1.40243275 1.40332746 1.40410549 1.40478815
 1.40539191 1.40592962 1.40641154 1.40684588 1.40723935 1.40759743
 1.40792468]"
159,"[0.65060057 1.24989179 1.34032308 1.36673126 1.37880795 1.3856524
 1.39003841 1.39308123 1.3953127  1.39701761 1.39836188 1.39944856
 1.40034495 1.40109686 1.40173652 1.40228725 1.40276635 1.40318692
 1.40355904 1.40389061 1.40418791 1.40445598 1.40469893 1.40492012
 1.40512234]"
160,"[0.49676509 0.44246414 0.51741726 0.61820161 0.67268012 0.70392738
 0.72354054 0.73677845 0.74622804 0.75327323 0.75870927 0.76302109
 0.76651928 0.76941107 0.77183961 0.77390673 0.77568671 0.77723496
 0.77859359 0.77979517 0.78086525 0.78182417 0.78268829 0.78347093
 0.78418303]"
161,"[0.49809242 1.10882564 1.27745475 1.29871374 1.29631875 1.29043004
 1.28485038 1.28019519 1.27641381 1.2733415  1.27082314 1.26873522
 1.2669838  1.26549819 1.26422497 1.26312348 1.26216239 1.2613173
 1.260569   1.25990218 1.25930453 1.25876605 1.25827853 1.2578352
 1.25743042]"
162,"[0.84609993 1.33762727 1.4469491  1.48149991 1.49651461 1.50432966
 1.50889537 1.51178655 1.51372957 1.51509645 1.51609354 1.5168426
 1.51741923 1.51787232 1.51823463 1.51852877 1.51877073 1.51897208
 1.51914138 1.51928504 1.51940795 1.51951389 1.51960583 1.5196861
 1.51975659]"
163,"[0.91341583 1.39288028 1.40124085 1.36423764 1.33846783 1.32270121
 1.3128488  1.30639974 1.30197662 1.29881515 1.29647459 1.29468955
 1.29329353 1.29217818 1.29127059 1.2905203  1.28989146 1.28935801
 1.28890065 1.28850481 1.28815933 1.28785551 1.2875865  1.28734685
 1.28713214]"
164,"[0.98814345 0.79114943 0.92596414 0.99566188 1.03217811 1.05437794
 1.06921728 1.07980345 1.08772123 1.0938595  1.09875384 1.1027455
 1.10606191 1.10886028 1.11125273 1.1133213  1.11512737 1.11671779
 1.11812889 1.11938932 1.12052192 1.12154517 1.12247414 1.12332127
 1.12409689]"
165,"[0.51957621 1.01614511 1.16746449 1.22956538 1.2629404  1.28364004
 1.29768217 1.30781275 1.31545681 1.32142499 1.32621143 1.33013409
 1.33340657 1.33617764 1.338554   1.34061415 1.34241712 1.34400814
 1.34542243 1.34668783 1.34782664 1.34885693 1.34979348 1.3506485
 1.35143219]"
166,"[0.54151624 1.21500307 1.41246857 1.47333835 1.49729503 1.50887958
 1.51531763 1.51925707 1.52184174 1.52362919 1.52491716 1.52587628
 1.52661003 1.52718414 1.52764197 1.52801309 1.5283182  1.52857217
 1.5287859  1.52896752 1.52912321 1.52925771 1.52937473 1.52947721
 1.52956747]"
167,"[0.98251669 1.29892392 1.40589277 1.45797743 1.48714812 1.50550444
 1.5180479  1.52713951 1.53402321 1.53941251 1.5437446  1.54730188
 1.55027463 1.55279569 1.55496057 1.55683965 1.55848594 1.55994014
 1.56123397 1.56239256 1.56343603 1.56438073 1.56524002 1.56602499
 1.56674487]"
168,"[0.28289801 0.88633918 0.99626628 1.03161289 1.05140189 1.06446344
 1.07367245 1.08046631 1.08566118 1.08975058 1.09304755 1.09575891
 1.09802618 1.09994915 1.10160005 1.10303239 1.10428662 1.10539381
 1.10637827 1.10725925 1.10805218 1.10876958 1.10942172 1.1100171
 1.11056278]"
169,"[1.00829692 1.55716808 1.64817884 1.65531745 1.64984323 1.64306532
 1.6369907  1.63187018 1.62759915 1.62402218 1.62100065 1.61842343
 1.61620404 1.61427557 1.61258602 1.61109463 1.60976915 1.60858384
 1.60751788 1.60655434 1.6056793  1.60488122 1.60415046 1.60347892
 1.60285972]"
170,"[0.58053923 1.12906773 1.24811382 1.28067488 1.29183329 1.2966757
 1.29925843 1.30086488 1.3019739  1.30279403 1.30342922 1.30393739
 1.30435377 1.30470131 1.3049957  1.30524814 1.30546685 1.30565805
 1.30582651 1.30597595 1.30610936 1.30622912 1.30633716 1.30643508
 1.30652421]"
171,"[1.24734297 1.83945678 1.82396007 1.77412693 1.73655779 1.71033104
 1.69176501 1.67822912 1.66805764 1.66020181 1.6539873  1.64896843
 1.64484223 1.64139721 1.63848213 1.63598642 1.63382766 1.63194329
 1.63028508 1.62881531 1.62750408 1.62632741 1.62526587 1.62430357
 1.62342737]"
172,"[0.91399616 1.37162581 1.51650728 1.5640664  1.58529781 1.59686001
 1.60400102 1.60880168 1.61223004 1.61479114 1.61677202 1.61834695
 1.61962745 1.620688   1.62158014 1.62234059 1.62299622 1.6235671
 1.62406852 1.62451232 1.62490783 1.62526246 1.62558219 1.6258719
 1.62613561]"
173,"[0.74090938 1.22180313 1.34096139 1.37526227 1.38997589 1.39782802
 1.40261398 1.40580101 1.40806082 1.40973968 1.41103254 1.41205687
 1.41288734 1.41357355 1.41414967 1.41463995 1.41506206 1.41542917
 1.41575129 1.41603615 1.41628981 1.4165171  1.41672191 1.41690739
 1.41707614]"
174,"[0.08050824 0.50954436 0.70918019 0.80192474 0.84901045 0.87631309
 0.89384713 0.90597173 0.9148242  0.92155892 0.92684893 0.93111132
 0.9346176  0.93755178 0.94004288 0.94218395 0.94404376 0.94567421
 0.9471152  0.9483979  0.94954699 0.95058231 0.95151993 0.95237305
 0.95315259]"
175,"[0.52609113 1.20337621 1.36267254 1.42256116 1.45213283 1.4693319
 1.48044361 1.48816075 1.49380908 1.49811055 1.50148943 1.50421029
 1.50644624 1.50831501 1.50989938 1.51125912 1.51243849 1.51347087
 1.51438196 1.51519181 1.51591631 1.51656821 1.51715784 1.51769368
 1.51818273]"
176,"[0.86241551 1.22810963 1.33794477 1.38151305 1.40349325 1.41643124
 1.42485684 1.43074279 1.43507056 1.43837864 1.44098526 1.44308982
 1.44482326 1.44627496 1.44750791 1.44856773 1.44948826 1.45029511
 1.45100799 1.45164233 1.45221038 1.45272195 1.45318505 1.45360622
 1.4539909 ]"
177,"[0.54194247 0.99024233 1.04236284 1.00619325 0.96734055 0.9364276
 0.91272389 0.89439831 0.87997353 0.86840068 0.85894965 0.85110791
 0.84450967 0.83888891 0.83404855 0.82984003 0.82614953 0.82288857
 0.81998743 0.81739052 0.81505296 0.81293823 0.81101625 0.80926208
 0.80765488]"
178,"[0.93402601 1.38788362 1.47332726 1.50889755 1.5291184  1.54203636
 1.55092821 1.55739176 1.56228909 1.56612188 1.56920016 1.57172514
 1.57383279 1.57561812 1.5771495  1.57847729 1.57963943 1.580665
 1.58157668 1.58239238 1.58312649 1.58379062 1.58439432 1.58494546
 1.58545061]"
179,"[0.52565609 1.18089714 1.32412076 1.36913685 1.3895145  1.40084633
 1.40798424 1.41286658 1.41640604 1.4190849  1.42118064 1.42286371
 1.42424434 1.42539692 1.42637337 1.42721104 1.42793743 1.42857326
 1.42913442 1.42963329 1.43007968 1.43048143 1.43084491 1.43117532
 1.43147697]"
180,"[0.57301073 1.1539958  1.2772435  1.3200257  1.34093269 1.35324833
 1.36136072 1.36710957 1.37139783 1.37472018 1.37737037 1.37953389
 1.38133365 1.38285437 1.38415632 1.38528357 1.3862691  1.38713805
 1.38790998 1.38860028 1.38922125 1.38978283 1.39029317 1.39075896
 1.39118581]"
181,"[0.1554403  0.82571544 1.01497847 1.07460412 1.10169055 1.11687731
 1.12652454 1.13317255 1.13802251 1.14171272 1.14461259 1.1469503
 1.14887421 1.15048485 1.15185273 1.15302871 1.15405043 1.15494629
 1.15573816 1.1564431  1.15707465 1.1576437  1.15815906 1.15862799
 1.15905647]"
182,"[0.63192719 1.18925497 1.23565084 1.20622137 1.17843079 1.15867198
 1.14496347 1.13525562 1.12817532 1.1228584  1.1187588  1.11552367
 1.11291876 1.11078433 1.10900857 1.10751145 1.10623443 1.10513384
 1.10417658 1.10333717 1.10259567 1.10193633 1.10134654 1.10081608
 1.10033662]"
183,"[3.00989278e-10 6.70658012e-05 2.73873177e-03 1.30870327e-02
 2.83910560e-02 4.37142248e-02 5.69837653e-02 6.79400516e-02
 7.68965693e-02 8.42508804e-02 9.03481679e-02 9.54598934e-02
 9.97931634e-02 1.03505109e-01 1.06715500e-01 1.09516453e-01
 1.11979575e-01 1.14161154e-01 1.16105918e-01 1.17849786e-01
 1.19421887e-01 1.20846066e-01 1.22142008e-01 1.23326094e-01
 1.24412062e-01]"
184,"[0.95229284 1.4383429  1.49790545 1.5069325  1.50895895 1.50954347
 1.50973388 1.509795   1.50980876 1.50980425 1.50979286 1.50977931
 1.50976559 1.50975253 1.50974045 1.50972941 1.50971939 1.50971031
 1.50970208 1.5096946  1.5096878  1.5096816  1.50967593 1.50967073
 1.50966594]"
185,"[1.05749741 1.39780452 1.4422019  1.45228003 1.45603428 1.45797051
 1.4591695  1.45999479 1.46060185 1.461069   1.46144046 1.46174331
 1.46199514 1.46220796 1.46239023 1.46254814 1.46268626 1.46280812
 1.46291644 1.46301335 1.46310058 1.4631795  1.46325125 1.46331676
 1.46337682]"
186,"[0. 0. 0. 0. 0. 0. 0. 0. 0. 0. 0. 0. 0. 0. 0. 0. 0. 0. 0. 0. 0. 0. 0. 0.
 0.]"
187,"[0.54793827 1.2182137  1.29189591 1.30537586 1.31049641 1.31309136
 1.31458464 1.31551377 1.31612519 1.31654519 1.31684368 1.31706175
 1.31722474 1.3173489  1.317445   1.31752041 1.31758027 1.31762827
 1.31766709 1.31769872 1.31772464 1.317746   1.31776369 1.31777838
 1.31779061]"
188,"[0.89389107 1.21959871 1.32895489 1.38463565 1.41757095 1.43911129
 1.45420269 1.46532086 1.47383156 1.48054513 1.48597068 1.49044312
 1.49419137 1.49737691 1.50011682 1.50249799 1.50458619 1.5064321
 1.50807541 1.50954762 1.51087402 1.51207519 1.51316802 1.51416649
 1.51508228]"
189,"[0.77529572 1.1594256  1.30932245 1.37254664 1.40693333 1.42818636
 1.44246673 1.45265606 1.46026202 1.46614177 1.47081529 1.47461487
 1.47776211 1.48041016 1.48266806 1.48461544 1.48631181 1.48780244
 1.48912241 1.49029927 1.491355   1.49230729 1.49317058 1.49395672
 1.49467559]"
190,"[0.71027501 1.03434051 1.29168882 1.39098895 1.43578018 1.45850468
 1.47102914 1.47834726 1.4828003  1.48558245 1.48734484 1.48846215
 1.48915963 1.48957775 1.48980676 1.4899062  1.48991614 1.48986408
 1.48976917 1.48964491 1.48950092 1.48934411 1.48917947 1.48901062
 1.48884018]"
191,"[0.96698755 1.31787809 1.37729316 1.40151571 1.41461428 1.42268615
 1.42810721 1.43197914 1.43487455 1.43711761 1.43890452 1.44036056
 1.44156924 1.44258833 1.44345897 1.44421126 1.44486771 1.44544548
 1.44595787 1.44641535 1.44682629 1.44719742 1.44753425 1.44784131
 1.44812239]"
192,"[0.62080883 1.0784742  1.22968626 1.27827038 1.29903101 1.30972523
 1.31595883 1.31992018 1.32260236 1.3245085  1.32591575 1.32698714
 1.32782372 1.32849096 1.32903279 1.32947963 1.32985312 1.33016898
 1.33043889 1.33067168 1.3308741  1.33105144 1.33120785 1.33134663
 1.33147047]"
193,"[1.4338684  1.49182282 1.34446377 1.24861788 1.20142281 1.1796478
 1.16949613 1.16462185 1.16224623 1.16111521 1.16063196 1.16049668
 1.16055146 1.16070983 1.16092295 1.16116263 1.1614124  1.16166258
 1.16190757 1.1621442  1.16237082 1.16258669 1.16279163 1.16298582
 1.16316963]"
194,"[0.65620366 1.06920016 1.04293323 0.98739683 0.94499338 0.91417027
 0.89127216 0.87375576 0.85999082 0.84892103 0.83984257 0.83227228
 0.8258691  0.8203862  0.81564096 0.81149557 0.80784419 0.80460431
 0.80171067 0.79911101 0.79676303 0.79463211 0.79268967 0.79091191
 0.78927885]"
195,"[0.67585649 0.74003547 0.88262031 0.94278736 0.97573631 0.99666206
 1.01114694 1.02176565 1.02988008 1.03627998 1.04145508 1.04572516
 1.04930783 1.05235624 1.0549813  1.05726526 1.0592704  1.06104474
 1.06262588 1.06404369 1.0653222  1.06648094 1.06753597 1.0685006
 1.06938595]"
196,"[0.84384465 1.23320889 1.35275132 1.40766226 1.43800392 1.45687317
 1.46961706 1.47875368 1.48560378 1.49092015 1.49516074 1.49861914
 1.50149178 1.5039148  1.50598542 1.50777488 1.5093365  1.51071098
 1.51192991 1.51301819 1.51399567 1.5148784  1.51567947 1.51640968
 1.51707801]"
197,"[0.2603243  1.00543228 1.18625875 1.25022152 1.28073339 1.2980764
 1.30910297 1.31667276 1.32216558 1.32632102 1.32956826 1.33217226
 1.33430494 1.33608241 1.33758584 1.33887355 1.33998853 1.34096312
 1.34182211 1.34258478 1.3432664  1.34387917 1.34443297 1.34493589
 1.3453946 ]"
198,"[0.86585493 0.64536164 0.51421641 0.52392078 0.54013233 0.55148145
 0.55945157 0.56529343 0.56974422 0.57324334 0.57606481 0.57838737
 0.58033223 0.58198441 0.58340525 0.58464009 0.58572319 0.58668085
 0.58753367 0.58829795 0.58898679 0.58961084 0.59017881 0.59069794
 0.59117427]"
199,"[0.73732469 1.17626574 1.29117984 1.35527148 1.39472544 1.42038265
 1.4380594  1.45085386 1.46049148 1.46798805 1.47397327 1.47885551
 1.48290999 1.48632836 1.4892479  1.49176938 1.49396835 1.4959025
 1.49761662 1.49914601 1.50051883 1.50175782 1.50288155 1.50390532
 1.50484184]"
200,"[0.65656618 1.16814136 1.27606947 1.30912114 1.3241993  1.33275277
 1.33825426 1.34208867 1.34491386 1.34708193 1.34879826 1.35019073
 1.3513431  1.35231254 1.35313941 1.353853   1.35447509 1.35502223
 1.35550719 1.35594    1.35632864 1.35667955 1.35699796 1.35728818
 1.35755381]"
201,"[0.71194472 1.16056712 1.27177916 1.31328195 1.33400296 1.34622067
 1.35421854 1.35983933 1.36399664 1.36719199 1.36972248 1.37177488
 1.37347232 1.37489914 1.37611502 1.37716335 1.37807643 1.37887876
 1.37958928 1.38022287 1.38079136 1.38130425 1.38176932 1.38219294
 1.38258041]"
202,"[0.784076   1.35427007 1.43069693 1.44965108 1.45763134 1.46207888
 1.4649491  1.46696744 1.46846871 1.46963079 1.47055767 1.47131448
 1.47194425 1.47247654 1.47293239 1.47332718 1.47367241 1.47397687
 1.47424738 1.47448931 1.47470697 1.47490383 1.47508274 1.47524605
 1.47539571]"
203,"[0.69155586 1.23397451 1.34425933 1.38217247 1.40036226 1.41086836
 1.41766995 1.4224212  1.42592399 1.42861186 1.430739   1.43246407
 1.43389111 1.43509119 1.43611443 1.43699723 1.43776664 1.4384432
 1.43904275 1.43957774 1.44005807 1.4404917  1.44088513 1.44124371
 1.44157187]"
204,"[0.53874812 0.91166101 1.11246063 1.19228578 1.22917222 1.24919053
 1.26142659 1.26957077 1.27533953 1.27962155 1.2829172  1.28552756
 1.28764376 1.28939252 1.29086103 1.2921111  1.29318773 1.29412444
 1.29494667 1.29567409 1.29632211 1.29690301 1.29742665 1.29790107
 1.29833287]"
205,"[0.73289017 1.10872851 1.16270967 1.17745272 1.18388335 1.18747518
 1.18978973 1.19141851 1.19263347 1.19357779 1.19433451 1.19495539
 1.19547449 1.19591525 1.19629435 1.19662399 1.19691333 1.19716939
 1.19739763 1.19760237 1.19778709 1.1979546  1.1981072  1.19824681
 1.19837502]"
206,"[0.37844287 1.0033729  1.17505263 1.24241906 1.27630854 1.2962442
 1.30923632 1.31832519 1.32501945 1.33014564 1.33419204 1.33746464
 1.34016447 1.34242887 1.34435473 1.34601231 1.34745376 1.34871859
 1.34983727 1.35083365 1.35172669 1.35253162 1.35326084 1.35392452
 1.3545311 ]"
207,"[0.75938607 1.10769001 1.25664347 1.31764807 1.34985636 1.36957241
 1.38282863 1.39233325 1.39947327 1.40502967 1.40947478 1.41311063
 1.41613917 1.41870047 1.42089469 1.42279531 1.42445747 1.42592333
 1.42722568 1.4283904  1.42943818 1.43038578 1.43124689 1.43203283
 1.43275303]"
208,"[5.85718809e-06 8.97145222e-02 3.38511400e-01 4.61689637e-01
 5.25943928e-01 5.63843543e-01 5.88331836e-01 6.05255843e-01
 6.17562582e-01 6.26871849e-01 6.34137571e-01 6.39953788e-01
 6.44707781e-01 6.48661867e-01 6.51999549e-01 6.54852775e-01
 6.57318705e-01 6.59470376e-01 6.61363700e-01 6.63042166e-01
 6.64540092e-01 6.65884904e-01 6.67098774e-01 6.68199818e-01
 6.69202972e-01]"
209,"[0.52698549 0.80662009 0.99301355 1.08373559 1.12862788 1.15389831
 1.1696975  1.18037507 1.18802238 1.19374683 1.19818213 1.20171433
 1.20459086 1.20697712 1.20898761 1.210704   1.21218602 1.21347835
 1.21461504 1.21562248 1.21652145 1.2173285  1.21805701 1.21871786
 1.21932005]"
210,"[0.92695453 1.29599349 1.42811133 1.48403164 1.51233371 1.52881423
 1.53939342 1.54667459 1.55195225 1.55593299 1.55903139 1.56150504
 1.56352166 1.56519469 1.56660341 1.56780477 1.56884067 1.56974254
 1.57053443 1.57123503 1.57185904 1.57241823 1.57292206 1.57337829
 1.57379328]"
211,"[0.50663038 1.31776234 1.53407936 1.60823154 1.64066561 1.65774456
 1.66795096 1.67461356 1.67925111 1.68263909 1.68520897 1.68721756
 1.68882616 1.69014068 1.69123325 1.69215454 1.69294111 1.69361996
 1.69421141 1.69473103 1.69519096 1.69560077 1.6959681  1.69629916
 1.69659899]"
212,"[0.39466464 1.16129517 1.34398326 1.4099266  1.44257017 1.46179457
 1.47438721 1.48324713 1.48980821 1.49485701 1.49885965 1.50210928
 1.50479928 1.50706225 1.50899208 1.51065709 1.51210815 1.51338392
 1.51451428 1.51552271 1.5164279  1.51724491 1.51798599 1.51866126
 1.51927909]"
213,"[0.80330787 1.5280217  1.61703834 1.61950476 1.61073038 1.60154961
 1.59367771 1.58718159 1.58183523 1.57740134 1.57368503 1.57053573
 1.56783882 1.56550688 1.56347271 1.56168411 1.56010009 1.55868809
 1.55742199 1.55628061 1.55524662 1.55430573 1.55344603 1.55265755
 1.55193187]"
214,"[0.64771157 1.24889475 1.40310648 1.44822127 1.46100581 1.46289056
 1.46087407 1.45751351 1.4538117  1.4501724  1.44675231 1.44360193
 1.44072563 1.4381084  1.435728   1.4335606  1.43158328 1.42977502
 1.42811702 1.4265927  1.42518752 1.42388875 1.42268528 1.4215674
 1.42052659]"
215,"[0.44483578 1.00826957 1.17974054 1.25232192 1.29100415 1.31471527
 1.33063848 1.34203276 1.35057403 1.35720716 1.36250346 1.36682794
 1.37042436 1.37346155 1.37606005 1.3783082  1.38027217 1.38200249
 1.38353841 1.38491088 1.38614461 1.3872596  1.38827216 1.38919577
 1.39004164]"
216,"[0.00151477 0.55156948 0.87244396 1.00294677 1.06629916 1.10170093
 1.12364527 1.13832935 1.14873752 1.15644949 1.16236696 1.16703694
 1.1708082  1.17391255 1.17650947 1.17871203 1.1806024  1.18224166
 1.18367613 1.18494146 1.18606559 1.18707067 1.18797449 1.18879146
 1.18953345]"
217,"[0.36735415 0.88641062 1.07956506 1.16246315 1.20691103 1.2341721
 1.25244728 1.26549095 1.27524173 1.28279393 1.28880906 1.29370927
 1.29777604 1.30120399 1.30413183 1.30666099 1.30886733 1.3108087
 1.31252993 1.31406633 1.31544606 1.31669184 1.31782223 1.31885251
 1.31979537]"
218,"[0.87145867 1.40009862 1.48724178 1.50806377 1.51476729 1.51738181
 1.51852302 1.51904814 1.51928793 1.51938609 1.51941073 1.51939633
 1.51936125 1.51931559 1.51926509 1.51921302 1.51916126 1.51911088
 1.51906245 1.51901625 1.5189724  1.5189309  1.51889167 1.51885463
 1.51881966]"
219,"[1.05427643 1.54578101 1.61573001 1.6310669  1.63620216 1.63808444
 1.63868462 1.63873158 1.63853206 1.63822574 1.63787943 1.63752593
 1.63718127 1.63685302 1.63654426 1.6362558  1.63598721 1.63573749
 1.63550535 1.63528947 1.63508848 1.63490114 1.63472625 1.63456273
 1.63440961]"
220,"[0.55834724 1.13348337 1.27791669 1.31771065 1.33196252 1.33812684
 1.3411609  1.34279385 1.34372921 1.34428843 1.34463205 1.34484609
 1.34497929 1.34506056 1.3451077  1.34513203 1.34514093 1.34513932
 1.34513054 1.34511689 1.34509999 1.34508096 1.34506061 1.34503952
 1.34501811]"
221,"[0.9037889  1.32548712 1.43953714 1.47988794 1.49780939 1.50723816
 1.51280223 1.51636399 1.51878581 1.5205108  1.52178549 1.52275595
 1.52351325 1.52411659 1.52460582 1.52500861 1.52534465 1.52562827
 1.52587013 1.52607828 1.52625888 1.52641675 1.52655567 1.52667867
 1.52678818]"
222,"[0.38536517 0.8918182  1.07656463 1.12882329 1.14532795 1.15053418
 1.15173036 1.15141851 1.15054863 1.1495054  1.14844898 1.14744474
 1.14651643 1.1456693  1.14490049 1.14420392 1.1435725  1.1429992
 1.14247746 1.14200141 1.14156585 1.1411662  1.14079848 1.14045924
 1.14014544]"
223,"[0.33191531 0.85438288 1.06037216 1.12045647 1.1393175  1.14475626
 1.14530811 1.14399445 1.14199935 1.13981716 1.13765937 1.13561406
 1.13371329 1.13196331 1.13035868 1.12888909 1.12754258 1.12630718
 1.1251716  1.12412554 1.12315975 1.122266   1.121437   1.12066634
 1.11994834]"
224,"[0.86951348 1.34335729 1.45779318 1.49559327 1.5115436  1.51962952
 1.52426816 1.52717041 1.52910588 1.5304611  1.53144722 1.53218738
 1.53275734 1.53320576 1.53356505 1.5338575  1.53409881 1.53430032
 1.5344704  1.53461531 1.53473982 1.53484763 1.53494163 1.5350241
 1.53509687]"
225,"[0.50160944 1.27760111 1.49225985 1.56986037 1.60608358 1.62628127
 1.63894594 1.64755397 1.65375431 1.65841883 1.66204801 1.66494819
 1.66731671 1.66928613 1.67094864 1.67237023 1.67359937 1.6746724
 1.67561712 1.67645511 1.67720341 1.6778756  1.6784827  1.67903368
 1.67953594]"
226,"[0.74747976 0.96351495 1.1125415  1.18297965 1.21938521 1.24110979
 1.2554378  1.26556607 1.27309361 1.27890322 1.28352039 1.28727684
 1.29039203 1.29301683 1.29525834 1.29719464 1.29888398 1.30037071
 1.30168916 1.30286633 1.30392376 1.3048788  1.30574564 1.30653593
 1.30725938]"
227,"[0.19472909 1.08725544 1.32546025 1.40600083 1.44463287 1.4668071
 1.48104466 1.49090793 1.49812346 1.5036218  1.5079461  1.51143364
 1.51430447 1.51670805 1.51874937 1.52050425 1.52202882 1.52336548
 1.52454685 1.52559844 1.52654047 1.52738917 1.52815773 1.52885697
 1.52949584]"
228,"[3.84104102e-06 4.38366456e-03 3.09442989e-02 6.47870300e-02
 9.15022139e-02 1.10729094e-01 1.24653147e-01 1.35014152e-01
 1.42949674e-01 1.49187972e-01 1.54203709e-01 1.58314842e-01
 1.61740453e-01 1.64635542e-01 1.67112438e-01 1.69254305e-01
 1.71123913e-01 1.72769452e-01 1.74228488e-01 1.75530715e-01
 1.76699895e-01 1.77755257e-01 1.78712521e-01 1.79584661e-01
 1.80382472e-01]"
229,"[0.68153757 1.2112486  1.33297312 1.3882683  1.42032285 1.44112813
 1.45563876 1.46629555 1.47443414 1.48084274 1.48601453 1.49027297
 1.49383852 1.49686645 1.49946909 1.50172968 1.50371117 1.50546202
 1.50702012 1.50841552 1.50967236 1.51081024 1.51184523 1.51279065
 1.51365762]"
230,"[0.81157469 1.30169988 1.4450909  1.48518358 1.50081362 1.50824112
 1.5122419  1.51458841 1.516051   1.51700456 1.51764768 1.5180927
 1.51840664 1.51863121 1.51879334 1.51891094 1.5189962  1.51905766
 1.51910138 1.51913172 1.51915192 1.51916436 1.51917083 1.5191727
 1.51917103]"
231,"[0.70327309 0.62583593 0.78985234 0.88036185 0.92779819 0.95642068
 0.97542572 0.98891199 0.99895676 1.00671793 1.01288942 1.01791129
 1.02207568 1.02558388 1.028579   1.03116548 1.03342133 1.03540593
 1.03716529 1.03873559 1.04014568 1.04141883 1.04257402 1.0436269
 1.04459044]"
232,"[0.977419   1.40541902 1.45349083 1.46488843 1.47365348 1.48051664
 1.48575272 1.48977462 1.49291983 1.49542878 1.49746802 1.49915352
 1.50056737 1.50176881 1.5028014  1.50369779 1.50448284 1.50517582
 1.50579183 1.50634287 1.50683862 1.50728692 1.50769422 1.50806586
 1.50840629]"
233,"[0.48690866 1.22025874 1.40631443 1.46668876 1.49217543 1.50519532
 1.51275616 1.51755845 1.52081529 1.52313684 1.52485758 1.52617362
 1.52720634 1.5280343  1.52871022 1.52927066 1.52974163 1.53014206
 1.53048606 1.53078428 1.53104495 1.53127445 1.53147786 1.53165922
 1.53182181]"
234,"[1.00592557 1.64224558 1.77781343 1.79817198 1.79778521 1.79352476
 1.78892252 1.78476174 1.78116361 1.77808337 1.77544277 1.77316637
 1.77119014 1.76946201 1.76794013 1.76659099 1.76538759 1.76430809
 1.76333466 1.76245267 1.76164999 1.76091653 1.7602438  1.75962463
 1.75905293]"
235,"[0.57260195 1.02992752 1.12264375 1.15443105 1.16933784 1.17783041
 1.18328704 1.18708206 1.18987218 1.19200921 1.19369816 1.19506647
 1.19619747 1.19714795 1.19795791 1.19865635 1.19926483 1.19979966
 1.20027346 1.2006961  1.20107544 1.20141781 1.20172837 1.20201135
 1.20227027]"
236,"[0.55724922 0.80513664 0.96792245 1.0345534  1.06975656 1.09136667
 1.10593416 1.11640045 1.12427534 1.13041111 1.1353244  1.13934624
 1.14269834 1.14553469 1.14796552 1.15007183 1.15191439 1.15353975
 1.15498411 1.15627606 1.15743849 1.15848992 1.1594455  1.16031776
 1.16111713]"
237,"[0.9008317  1.4568711  1.58887803 1.61267048 1.61413319 1.61085431
 1.6068106  1.60298723 1.59960256 1.59666219 1.59411568 1.5919038
 1.58997239 1.58827561 1.58677567 1.58544177 1.58424879 1.58317617
 1.58220702 1.58132738 1.58052561 1.57979197 1.57911826 1.57849749
 1.57792375]"
238,"[0.81090098 1.27542364 1.3551335  1.36949707 1.3736249  1.3752774
 1.37608649 1.3765361  1.37680801 1.37698255 1.3770996  1.37718073
 1.3772384  1.37728021 1.37731097 1.37733386 1.37735101 1.37736393
 1.37737366 1.37738098 1.37738644 1.37739047 1.37739337 1.37739538
 1.3773967 ]"
239,"[0.92689981 1.56963443 1.6664722  1.67229527 1.66440447 1.65544951
 1.64760718 1.6410753  1.63567091 1.63117263 1.62739192 1.62418081
 1.62142566 1.61903934 1.61695458 1.61511902 1.61349139 1.61203887
 1.61073508 1.60955859 1.60849183 1.60752031 1.60663194 1.60581657
 1.60506563]"
240,"[0.23113971 0.89402448 1.08165366 1.13900972 1.16468699 1.17903097
 1.18814655 1.19443948 1.19904044 1.2025489  1.20531167 1.20754311
 1.20938273 1.21092522 1.21223707 1.21336633 1.21434859 1.21521077
 1.21597359 1.21665328 1.2172627  1.21781221 1.21831023 1.21876366
 1.21917823]"
241,"[0.34951689 0.34761119 0.33784891 0.32842236 0.32072101 0.314666
 0.30990418 0.30611199 0.30304396 0.30052242 0.29841957 0.29664269
 0.29512355 0.29381118 0.29266689 0.29166089 0.29076992 0.28997556
 0.28926311 0.28862064 0.28803842 0.28750843 0.287024   0.28657953
 0.28617031]"
242,"[0.67912514 1.22140115 1.28897596 1.30899332 1.31900218 1.32515514
 1.32935291 1.33240624 1.33472796 1.33655268 1.33802418 1.33923565
 1.34025019 1.34111202 1.34185309 1.34249704 1.34306171 1.34356085
 1.34400521 1.34440332 1.34476201 1.34508685 1.3453824  1.34565245
 1.34590016]"
243,"[0.54007797 1.12711148 1.29859392 1.34719674 1.36649146 1.37619595
 1.38187946 1.38556397 1.38812889 1.39001    1.39144529 1.39257483
 1.39348604 1.39423617 1.39486418 1.39539747 1.39585586 1.39625402
 1.39660305 1.39691147 1.39718597 1.39743182 1.39765329 1.39785381
 1.39803622]"
244,"[0.72449096 1.32611681 1.47063108 1.51103843 1.52576607 1.53225233
 1.53547236 1.53719728 1.53816512 1.53872055 1.53903882 1.53921509
 1.5393038  1.53933736 1.53933578 1.5393117  1.53927331 1.53922602
 1.53917341 1.5391179  1.53906114 1.53900423 1.53894791 1.53889269
 1.53883888]"
245,"[1.01594265 1.3094587  1.39796553 1.43711274 1.45983348 1.47475078
 1.48527961 1.49309218 1.49910989 1.50388208 1.50775602 1.51096164
 1.51365701 1.51595424 1.51793502 1.51966019 1.52117603 1.5225183
 1.52371509 1.52478875 1.5257573  1.52663541 1.52743516 1.52816654
 1.52883796]"
246,"[0.45263178 1.09328932 1.25392035 1.29454213 1.30784207 1.31308118
 1.31537135 1.31641141 1.31686617 1.31702829 1.31703818 1.31696766
 1.31685523 1.31672224 1.31658081 1.31643785 1.31629731 1.31616139
 1.31603124 1.31590736 1.31578989 1.31567875 1.31557372 1.31547451
 1.31538079]"
247,"[0.96261845 1.71484763 1.76873132 1.73812658 1.70702725 1.68302185
 1.6650503  1.65145771 1.64097644 1.63272748 1.6261097  1.6207079
 1.61623037 1.61246819 1.60926885 1.60651901 1.60413302 1.60204515
 1.60020424 1.59856996 1.59711013 1.59579881 1.59461487 1.59354093
 1.59256262]"
248,"[0.79333084 1.30062246 1.40517216 1.43578781 1.44912698 1.45639084
 1.46090913 1.46397447 1.46618414 1.46784967 1.46914861 1.47018926
 1.47104127 1.47175142 1.47235228 1.47286716 1.47331324 1.47370339
 1.47404748 1.47435319 1.47462659 1.47487253 1.47509495 1.47529705
 1.4754815 ]"
249,"[0.98401921 1.48152399 1.58102859 1.60258847 1.60864672 1.61052243
 1.61103147 1.61104462 1.61087262 1.61063709 1.61038816 1.61014664
 1.60992069 1.60971282 1.60952302 1.60935021 1.60919292 1.6090496
 1.60891875 1.60879901 1.60868915 1.60858811 1.60849492 1.60840876
 1.60832889]"
250,"[0.3586485  1.24518885 1.4836841  1.5548633  1.58501307 1.60088853
 1.61048293 1.61684118 1.62133802 1.62467477 1.62724328 1.62927844
 1.63092902 1.6322936  1.63343996 1.63441616 1.6352572  1.63598915
 1.63663182 1.63720052 1.63770725 1.63816158 1.63857119 1.63894236
 1.63928022]"
251,"[0.87476282 0.81114981 0.76886581 0.74304206 0.72724315 0.71827166
 0.71339977 0.71084338 0.70957646 0.70903074 0.7088912  0.70898061
 0.70919739 0.70948231 0.7098004  0.71013087 0.71046139 0.71078473
 0.71109681 0.7113955  0.71167985 0.71194963 0.7122051  0.71244675
 0.71267522]"
252,"[1.03564629 1.48923985 1.49071418 1.47605828 1.46634836 1.45995453
 1.45551233 1.45227178 1.44981302 1.44788793 1.44634191 1.44507422
 1.44401658 1.44312117 1.44235359 1.44168845 1.44110664 1.4405935
 1.4401376  1.43972992 1.43936321 1.43903162 1.43873034 1.43845541
 1.43820354]"
253,"[0.80614498 1.35877698 1.52269586 1.57084476 1.5900574  1.59972553
 1.60538652 1.60905673 1.61161304 1.61348951 1.61492291 1.61605242
 1.61696487 1.61771706 1.61834767 1.6188839  1.61934542 1.6197468
 1.62009908 1.62041073 1.62068841 1.62093737 1.62116185 1.6213653
 1.62155053]"
254,"[0.01157432 0.62810104 0.90074605 1.00236914 1.04737292 1.07018679
 1.08299641 1.09076778 1.09577167 1.09914738 1.10151105 1.10321684
 1.10447887 1.10543216 1.10616493 1.10673663 1.10718835 1.10754918
 1.10784012 1.10807662 1.10827019 1.10842958 1.10856148 1.10867108
 1.10876247]"
255,"[0.70769309 1.09413726 1.23444707 1.30865761 1.3541814  1.38476137
 1.40661717 1.42296668 1.43563336 1.4457228  1.45394191 1.46076262
 1.46651142 1.47142108 1.47566186 1.47936112 1.4826159  1.48550148
 1.48807709 1.49038998 1.49247829 1.49437312 1.49610011 1.49768056
 1.49913233]"
256,"[0.75952894 1.18332847 1.35259607 1.41497242 1.44318192 1.45817474
 1.46707522 1.47279277 1.47668802 1.47946498 1.48151737 1.48307935
 1.48429732 1.48526664 1.48605165 1.48669702 1.4872346  1.48768757
 1.48807317 1.48840442 1.48869131 1.48894162 1.48916148 1.48935576
 1.48952841]"
257,"[0.45183534 1.25359289 1.48918569 1.57113008 1.60775705 1.62752052
 1.63960489 1.6476562  1.65336201 1.65759679 1.66085409 1.66343162
 1.66551876 1.66724126 1.66868574 1.66991364 1.67096971 1.67188728
 1.67269164 1.67340232 1.67403465 1.67460081 1.67511058 1.67557192
 1.67599138]"
258,"[0.167645   0.8361129  1.0190112  1.075507   1.10087944 1.1150461
 1.1240367  1.13023442 1.13475982 1.1382067  1.14091828 1.14310648
 1.14490911 1.14641959 1.14770347 1.14880809 1.14976848 1.15061112
 1.15135638 1.15202019 1.15261521 1.15315158 1.15363757 1.15407994
 1.15448431]"
259,"[0.34584518 1.1042281  1.31312968 1.38890741 1.42552534 1.44650943
 1.45991815 1.46915124 1.47586287 1.4809453  1.48491877 1.48810556
 1.49071531 1.4928899  1.49472862 1.49630293 1.49766551 1.49885602
 1.49990484 1.50083567 1.50166722 1.50241446 1.50308951 1.5037023
 1.504261  ]"
260,"[0.97638329 0.85091486 0.94889281 0.99972708 1.02393678 1.03749883
 1.04605158 1.051907   1.05615801 1.05938142 1.06190847 1.06394235
 1.06561441 1.06701321 1.06820066 1.06922128 1.0701079  1.0708853
 1.07157249 1.0721843  1.07273251 1.07322653 1.07367403 1.07408128
 1.07445348]"
261,"[0.67493117 0.94598059 0.88832003 0.81881586 0.76913804 0.73479372
 0.71057727 0.6930223  0.67994396 0.66995425 0.66215186 0.65593671
 0.65089927 0.6467534  0.64329481 0.64037471 0.63788276 0.63573574
 0.63386996 0.63223598 0.63079495 0.62951597 0.62837421 0.62734955
 0.62642549]"
262,"[0.92512972 1.50577184 1.59498123 1.60344837 1.59761819 1.5896074
 1.58204262 1.57544008 1.56979244 1.56497143 1.56083774 1.55726936
 1.5541661  1.55144746 1.54904913 1.54691954 1.54501719 1.54330841
 1.54176567 1.54036633 1.53909158 1.53792572 1.53685554 1.53586985
 1.53495913]"
263,"[0.82667053 1.16011816 1.23261497 1.25998609 1.27233952 1.27895831
 1.28297113 1.28562678 1.28750004 1.28888628 1.28995081 1.29079262
 1.29147426 1.29203708 1.29250943 1.29291138 1.29325748 1.29355857
 1.29382286 1.29405669 1.29426502 1.2944518  1.29462019 1.29477279
 1.29491171]"
264,"[0.88137083 1.60976708 1.72974338 1.74684133 1.74512505 1.73985827
 1.73438443 1.72946173 1.72519995 1.72154213 1.71839771 1.71568
 1.71331526 1.71124324 1.70941535 1.70779246 1.70634295 1.70504116
 1.70386607 1.70280038 1.70182974 1.70094215 1.70012751 1.69937729
 1.69868421]"
265,"[0.64587055 1.19976501 1.31762885 1.35643094 1.37471626 1.3851777
 1.39190539 1.39657999 1.40001077 1.40263313 1.40470134 1.40637356
 1.40775318 1.40891059 1.40989532 1.41074324 1.41148095 1.41212858
 1.41270166 1.41321234 1.41367026 1.4140832  1.41445745 1.41479821
 1.41510978]"
266,"[0.32070854 0.73261565 0.92759409 1.00846951 1.05166582 1.07825622
 1.09617817 1.10904003 1.11870383 1.12622285 1.13223582 1.13715186
 1.14124476 1.14470452 1.14766701 1.15023193 1.15247406 1.15445058
 1.15620595 1.15777524 1.15918649 1.16046239 1.1616215  1.16267911
 1.163648  ]"
267,"[0.54927991 1.16165243 1.28109746 1.32514034 1.34865974 1.36342322
 1.37355663 1.38093365 1.38653743 1.39093459 1.3944745  1.3973841
 1.39981706 1.40188105 1.40365372 1.40519241 1.40654042 1.407731
 1.40879012 1.40973835 1.41059219 1.41136503 1.41206786 1.41270974
 1.41329828]"
268,"[0.69997023 1.08833483 1.24901888 1.32506952 1.36688824 1.39285914
 1.41043171 1.42307098 1.43258195 1.4399905  1.44592053 1.45077244
 1.45481455 1.45823329 1.46116208 1.46369892 1.46591738 1.4678737
 1.46961168 1.47116587 1.47256391 1.47382817 1.47497696 1.47602538
 1.47698601]"
269,"[1.12515093 1.49101193 1.56239689 1.56959762 1.56584527 1.56048027
 1.55541231 1.55099952 1.54723283 1.54402231 1.5412723  1.53889991
 1.53683754 1.53503114 1.53343767 1.53202271 1.53075862 1.529623
 1.52859755 1.52766723 1.52681957 1.52604416 1.52533222 1.52467635
 1.52407023]"
270,"[1.00226841 1.34263792 1.37039607 1.37222522 1.37226032 1.37242217
 1.37272952 1.37309473 1.37346641 1.37382099 1.37414936 1.37444928
 1.37472158 1.37496837 1.37519212 1.37539534 1.37558034 1.37574922
 1.37590381 1.37604574 1.37617641 1.37629704 1.3764087  1.37651231
 1.3766087 ]"
271,"[0.51882841 1.2278887  1.42860373 1.50489529 1.54399775 1.56775323
 1.58373718 1.59523723 1.60391151 1.61068856 1.6161296  1.62059414
 1.62432326 1.62748469 1.63019876 1.63255406 1.63461724 1.63643941
 1.63806043 1.63951183 1.64081888 1.64200207 1.64307819 1.64406115
 1.64496251]"
272,"[0.56341486 1.09450147 1.25769413 1.33398371 1.37775956 1.4057775
 1.42511498 1.43921537 1.4499317  1.45834211 1.46511373 1.47068041
 1.47533599 1.47928634 1.48267986 1.48562617 1.48820796 1.49048879
 1.49251826 1.49433568 1.49597257 1.49745451 1.49880247 1.50003383
 1.50116305]"
273,"[0.92759593 1.36556267 1.41328807 1.42188727 1.42527837 1.42724254
 1.42858254 1.42957377 1.43034298 1.43095959 1.43146584 1.43188935
 1.43224905 1.43255847 1.43282749 1.43306358 1.43327244 1.43345854
 1.43362541 1.43377589 1.43391228 1.43403647 1.43415003 1.43425426
 1.43435028]"
274,"[0.71963974 1.2493362  1.39743428 1.45318829 1.47814549 1.49097041
 1.49827051 1.5027508  1.5056609  1.50763577 1.50902315 1.51002532
 1.51076585 1.5113234  1.51174975 1.51208002 1.51233864 1.51254296
 1.51270556 1.51283571 1.51294035 1.51302474 1.51309291 1.513148
 1.51319246]"
275,"[0.2689319  1.03630709 1.17707635 1.197436   1.19962098 1.19829808
 1.19640193 1.19460487 1.19304399 1.19171918 1.19059805 1.18964512
 1.18882941 1.18812565 1.18751367 1.18697751 1.18650446 1.18608438
 1.18570911 1.18537202 1.1850677  1.18479169 1.18454029 1.1843104
 1.18409942]"
276,"[0.54806658 0.85468556 0.99147228 1.04808352 1.07806091 1.09643904
 1.10880002 1.11766006 1.12431162 1.12948383 1.13361814 1.13699695
 1.13980912 1.14218561 1.14422004 1.14598107 1.14752018 1.14887673
 1.1500813  1.15115803 1.1521262  1.1530014  1.1537964  1.15452171
 1.15518611]"
277,"[0.4688361  1.03686125 1.16199424 1.19675093 1.20942379 1.21509782
 1.21803355 1.21971649 1.22075627 1.22143602 1.2219003  1.22222863
 1.22246745 1.22264523 1.22278015 1.22288421 1.22296557 1.22302993
 1.22308135 1.22312278 1.2231564  1.22318384 1.22320636 1.22322491
 1.22324024]"
278,"[0.93739232 1.30357158 1.35972568 1.37660379 1.38558044 1.39134053
 1.39535027 1.39828992 1.40052951 1.40228811 1.40370318 1.404865
 1.40583513 1.40665687 1.4073615  1.40797219 1.40850638 1.40897752
 1.40939605 1.40977029 1.41010686 1.41041115 1.41068758 1.41093978
 1.4111708 ]"
279,"[1.09248862 1.36994393 1.41982425 1.43060637 1.43273499 1.43262965
 1.43191917 1.43108374 1.43027442 1.42953598 1.42887658 1.42829184
 1.4277736  1.42731326 1.42690283 1.42653538 1.42620497 1.42590657
 1.42563597 1.42538959 1.42516443 1.42495794 1.42476794 1.42459257
 1.42443025]"
280,"[0.80205592 1.19783209 1.28749538 1.31842536 1.33379203 1.342947
 1.34900317 1.35329514 1.35649005 1.35895777 1.36091949 1.36251538
 1.36383844 1.36495274 1.36590384 1.36672499 1.367441   1.36807078
 1.36862896 1.36912706 1.36957426 1.36997795 1.37034418 1.37067791
 1.37098328]"
281,"[0.61068386 1.22063993 1.34355728 1.37802847 1.39256865 1.40032788
 1.40509621 1.40830778 1.41061272 1.41234544 1.41369463 1.41477452
 1.41565823 1.41639464 1.41701768 1.41755163 1.4180143  1.41841904
 1.4187761  1.41909341 1.41937727 1.41963269 1.41986374 1.42007375
 1.42026547]"
282,"[0.87930727 1.21833328 1.32373604 1.3661144  1.3880506  1.40132231
 1.41018674 1.41651834 1.42126412 1.42495239 1.42790066 1.43031106
 1.43231833 1.43401571 1.43546976 1.43672929 1.43783084 1.43880238
 1.43966562 1.44043772 1.44113237 1.44176067 1.44233169 1.44285292
 1.44333059]"
283,"[0.04080207 0.58540559 0.78427529 0.86749011 0.9124485  0.94039777
 0.95938472 0.97309655 0.98345102 0.99154062 0.99803199 1.0033544
 1.00779646 1.01155927 1.01478715 1.01758633 1.02003671 1.02219953
 1.02412253 1.02584342 1.02739245 1.02879408 1.03006838 1.03123192
 1.03229854]"
284,"[0.17834831 0.52983215 0.65226783 0.73589954 0.78781298 0.82075541
 0.84298175 0.85883275 0.8706513  0.87977927 0.88703078 0.8929251
 0.89780772 0.90191686 0.90542182 0.90844611 0.91108187 0.91339918
 0.91545229 0.91728382 0.91892772 0.92041135 0.92175701 0.92298306
 0.92410473]"
285,"[0.92387552 1.75240155 1.92081465 1.95160331 1.95104862 1.94338642
 1.93471388 1.92662848 1.91948127 1.91326124 1.90786034 1.90315652
 1.89903876 1.89541285 1.89220096 1.88933931 1.8867757  1.88446731
 1.8823788  1.88048086 1.87874903 1.87716277 1.87570474 1.87436018
 1.87311649]"
286,"[0.40994527 0.95886442 1.09145643 1.14493281 1.17307296 1.19025239
 1.20177257 1.21001177 1.21618694 1.22098249 1.22481174 1.22793859
 1.23053924 1.23273568 1.23461503 1.23624111 1.23766174 1.23891344
 1.24002459 1.24101754 1.24191017 1.24271692 1.2434496  1.24411793
 1.24473004]"
287,"[1.11526297 1.41360975 1.48316592 1.507338   1.51938583 1.52655179
 1.53126477 1.53457931 1.53702644 1.53890137 1.54038044 1.54157509
 1.54255896 1.54338254 1.54408156 1.54468196 1.54520299 1.54565926
 1.54606201 1.54642006 1.54674039 1.54702862 1.5472893  1.54752618
 1.54774236]"
288,"[1.35237791 1.4815011  1.47711025 1.4817676  1.48876174 1.49494018
 1.49992281 1.50389682 1.50709612 1.50970905 1.51187494 1.51369526
 1.51524429 1.51657716 1.51773536 1.51875062 1.51964754 1.52044545
 1.52115974 1.52180279 1.52238468 1.52291369 1.52339666 1.52383934
 1.52424653]"
289,"[1.13773573 1.33100745 1.37600069 1.38995167 1.39487408 1.39694628
 1.39793725 1.39845421 1.39873998 1.39890365 1.39899884 1.39905383
 1.39908437 1.39909967 1.39910528 1.39910468 1.39910009 1.39909294
 1.3990842  1.39907451 1.39906431 1.39905388 1.39904343 1.39903309
 1.39902295]"
290,"[0.13469805 0.92195792 1.18602317 1.29469944 1.35055949 1.38373431
 1.40543283 1.42062271 1.4318016  1.44034882 1.44708301 1.45251848
 1.45699361 1.46073959 1.46391949 1.46665149 1.46902323 1.47110103
 1.47293597 1.474568   1.47602881 1.47734385 1.4785338  1.4796156
 1.48060329]"
291,"[0.59653198 1.10562251 1.24519327 1.27942209 1.29141389 1.29681852
 1.29969837 1.30142232 1.30254516 1.30332425 1.30389183 1.30432152
 1.30465702 1.30492566 1.30514532 1.30532811 1.3054825  1.30561459
 1.30572884 1.30582864 1.30591655 1.30599458 1.30606429 1.30612696
 1.30618361]"
292,"[0.88612388 0.98842461 1.0824368  1.10712808 1.11703942 1.12230818
 1.12562506 1.12794051 1.12966746 1.13101461 1.13209981 1.13299537
 1.13374848 1.13439148 1.13494739 1.13543308 1.13586128 1.13624176
 1.13658215 1.13688854 1.13716582 1.13741799 1.13764831 1.13785954
 1.13805396]"
293,"[0.28424925 0.99603096 1.18243366 1.25134551 1.28563082 1.30581926
 1.31902728 1.3283074  1.33517066 1.34044575 1.34462334 1.3480118
 1.35081437 1.35317025 1.35517795 1.35690908 1.35841693 1.35974195
 1.36091541 1.36196185 1.36290079 1.36374795 1.36451613 1.36521588
 1.36585592]"
294,"[1.00113651 1.38757869 1.4970817  1.53810029 1.55825377 1.57001581
 1.57767251 1.58303836 1.5870023  1.59004813 1.59246081 1.59441877
 1.59603928 1.59740257 1.59856531 1.59956871 1.6004434  1.60121265
 1.60189444 1.60250287 1.60304918 1.60354243 1.60398998 1.6043979
 1.60477124]"
295,"[0.84416767 1.28194293 1.35173008 1.37784144 1.39037445 1.39745681
 1.40194227 1.4050175  1.40724984 1.40894098 1.41026503 1.41132912
 1.41220258 1.41293221 1.41355071 1.41408159 1.4145422  1.41494557
 1.41530175 1.41561853 1.4159021  1.41615742 1.4163885  1.41659863
 1.41679053]"
296,"[0.79533891 1.44394471 1.55570099 1.57273371 1.57311763 1.57000597
 1.56636965 1.56295961 1.55994226 1.55731753 1.55504069 1.55306001
 1.55132822 1.54980512 1.5484575  1.54725817 1.54618488 1.5452194
 1.5443467  1.54355433 1.54283191 1.54217073 1.54156345 1.54100381
 1.54048649]"
297,"[0.12064817 0.84442069 1.0550696  1.14635257 1.19583219 1.22645541
 1.24713848 1.26199262 1.27315468 1.28183806 1.28878022 1.29445403
 1.29917618 1.30316647 1.30658209 1.30953841 1.31212192 1.31439874
 1.31642029 1.31822711 1.3198516  1.32131999 1.3226537  1.32387042
 1.32498486]"
298,"[0.87535626 1.30255727 1.40535651 1.45259268 1.48087577 1.49961421
 1.51286137 1.52268586 1.53024564 1.53623474 1.54109238 1.54510921
 1.5484848  1.55136054 1.55383928 1.55599761 1.55789364 1.55957231
 1.56106887 1.56241133 1.5636223  1.56472013 1.56571995 1.56663431
 1.56747368]"
299,"[0.90540137 1.1954955  1.2918004  1.33580501 1.35892184 1.37284567
 1.38207697 1.38862362 1.39349993 1.39726938 1.40026877 1.40271136
 1.40473855 1.40644774 1.40790813 1.40917026 1.41027187 1.41124169
 1.41210202 1.41287037 1.41356073 1.4141844  1.41475057 1.41526685
 1.41573954]"
300,"[0.55880846 1.17052734 1.29930247 1.33492809 1.34885129 1.35573256
 1.3596884  1.3622065  1.36392956 1.36517336 1.36610876 1.36683527
 1.3674144  1.367886   1.36827694 1.36860594 1.36888641 1.3691282
 1.36933867 1.36952347 1.36968696 1.36983259 1.36996311 1.37008072
 1.37018723]"
301,"[0.60113444 0.96417615 1.10628796 1.17949054 1.22131053 1.24770412
 1.26568542 1.2786542  1.288421   1.29602776 1.30211273 1.30708726
 1.3112277  1.31472625 1.31772061 1.32031191 1.32257601 1.32457097
 1.3263419  1.32792441 1.32934696 1.33063256 1.33180003 1.33286491
 1.33384011]"
302,"[0.44073695 0.97228068 1.17114142 1.23576476 1.26327691 1.27734343
 1.28548237 1.2906225  1.29408582 1.29653796 1.29834334 1.29971515
 1.30078491 1.30163743 1.30232944 1.30290009 1.30337714 1.30378075
 1.30412584 1.30442367 1.30468287 1.30491014 1.30511078 1.305289
 1.3054482 ]"
303,"[0.06423544 0.70137108 0.94678387 1.04573744 1.09284049 1.11897399
 1.13521432 1.14616429 1.15400176 1.15986967 1.16441871 1.16804415
 1.17099894 1.17345206 1.17552046 1.17728755 1.17881439 1.18014664
 1.18131912 1.18235886 1.18328711 1.18412084 1.18487376 1.18555703
 1.18617989]"
304,"[0.40564449 0.70661866 0.7310389  0.73280997 0.73558851 0.73867208
 0.74136303 0.74355882 0.74532758 0.74675978 0.74793246 0.74890484
 0.7497212  0.75041455 0.75100966 0.75152535 0.75197608 0.75237308
 0.75272521 0.75303952 0.75332168 0.7535763  0.75380717 0.75401742
 0.75420965]"
305,"[0.66287214 1.05455698 1.23250403 1.32150924 1.37115344 1.40203565
 1.42286347 1.43776941 1.4489252  1.45756871 1.46445258 1.47005881
 1.47470955 1.4786278  1.48197267 1.48486055 1.48737852 1.48959296
 1.49155534 1.49330617 1.49487776 1.49629617 1.49758267 1.49875478
 1.49982705]"
306,"[0.95103597 1.31850326 1.36069898 1.39978555 1.42659003 1.4443438
 1.45659409 1.46544117 1.4720854  1.47723816 1.48134077 1.48467902
 1.48744512 1.4897726  1.49175689 1.49346787 1.49495783 1.49626662
 1.49742513 1.49845763 1.4993835  1.50021832 1.50097483 1.50166349
 1.50229299]"
307,"[0.2933121  1.0261013  1.19081869 1.2500704  1.27871275 1.29516945
 1.30573057 1.31304032 1.31838266 1.32244985 1.3256459  1.32822154
 1.33034029 1.33211311 1.33361792 1.33491093 1.33603375 1.33701778
 1.33788717 1.33866079 1.3393536  1.3399776  1.34054253 1.34105638
 1.34152576]"
308,"[0.83596037 1.42581902 1.51452458 1.5438124  1.55708964 1.56427034
 1.56864457 1.57154136 1.57358047 1.57508371 1.57623254 1.57713613
 1.5778637  1.57846105 1.57895958 1.57938149 1.57974287 1.58005566
 1.58032889 1.58056951 1.58078295 1.5809735  1.58114462 1.5812991
 1.58143922]"
309,"[0.22433902 1.1292992  1.22100741 1.19135482 1.16327747 1.14372425
 1.13037791 1.12104544 1.11430633 1.10928567 1.10543934 1.10242008
 1.0999997  1.09802381 1.09638516 1.09500741 1.09383499 1.09282666
 1.09195126 1.09118488 1.09050888 1.08990858 1.08937223 1.08889036
 1.08845524]"
310,"[0.13794271 0.84812341 1.09169868 1.2117362  1.28007498 1.32332271
 1.352897   1.37430564 1.39048242 1.40311886 1.4132537  1.42155809
 1.42848411 1.43434698 1.43937302 1.44372878 1.44753952 1.4509012
 1.45388858 1.45656071 1.4589649  1.46113942 1.46311563 1.46491943
 1.46657241]"
311,"[0.65260271 1.23833546 1.45519473 1.53543243 1.57375599 1.59552468
 1.60935861 1.61885217 1.62573842 1.63094603 1.63501384 1.63827453
 1.6409439  1.64316777 1.64504799 1.64665781 1.64805115 1.64926862
 1.65034128 1.65129337 1.65214399 1.65290847 1.65359917 1.65422624
 1.65479805]"
312,"[0.53148755 0.89298221 1.22954015 1.36943755 1.44022299 1.4817024
 1.50856192 1.52722552 1.54088448 1.55128348 1.55944947 1.56602329
 1.57142418 1.57593725 1.57976285 1.58304567 1.58589272 1.58838477
 1.5905839  1.59253861 1.59428727 1.59586067 1.59728378 1.59857706
 1.59975743]"
313,"[0.96615131 1.34774263 1.43858607 1.4818283  1.50536559 1.51980556
 1.52949553 1.53642836 1.54162742 1.545668   1.54889722 1.55153651
 1.55373364 1.55559093 1.55718144 1.55855871 1.5597629  1.56082465
 1.56176781 1.56261117 1.56336977 1.56405577 1.5646791  1.56524798
 1.56576923]"
314,"[0.55117656 1.22505941 1.41458319 1.47244949 1.49583576 1.50719167
 1.5134305  1.51717198 1.51956666 1.52117801 1.52230607 1.5231215
 1.52372671 1.52418592 1.52454093 1.52481982 1.52504196 1.52522105
 1.52536696 1.52548695 1.52558644 1.52566954 1.5257394  1.52579847
 1.52584868]"
315,"[0.44237078 1.1783094  1.36455545 1.4249302  1.45205482 1.46680998
 1.4758664  1.48190247 1.48617238 1.48933173 1.49175271 1.49366059
 1.49519896 1.49646321 1.49751902 1.49841292 1.49917877 1.49984171
 1.50042082 1.50093077 1.50138305 1.50178676 1.50214922 1.50247635
 1.50277301]"
316,"[0.90717119 1.39684483 1.47247842 1.49168277 1.50125288 1.50743774
 1.5118296  1.5151091  1.51764507 1.51965999 1.52129656 1.52265041
 1.52378784 1.52475619 1.52559008 1.52631538 1.52695179 1.52751456
 1.52801565 1.5284646  1.5288691  1.52923538 1.52956858 1.52987298
 1.53015212]"
317,"[0.91311675 0.93121041 0.98541355 0.95413171 0.91688596 0.8860279
 0.86163423 0.84227877 0.82669105 0.81392861 0.80331544 0.79436529
 0.78672372 0.78012794 0.7743799  0.76932782 0.76485373 0.76086459
 0.75728618 0.75405856 0.75113284 0.74846876 0.74603289 0.74379722
 0.74173814]"
318,"[0.89689967 1.35624916 1.35670438 1.33757481 1.32413451 1.31508662
 1.30876653 1.30416324 1.30068556 1.29797699 1.29581355 1.29404882
 1.29258368 1.29134888 1.29029473 1.28938473 1.28859149 1.28789409
 1.28727629 1.28672529 1.2862309  1.28578485 1.28538044 1.28501212
 1.28467529]"
319,"[0.1120902  0.7770082  0.96840436 1.02881185 1.05486005 1.0689403
 1.07769916 1.08366516 1.08798986 1.09126927 1.09384205 1.09591479
 1.09762062 1.09904923 1.10026322 1.10130767 1.10221582 1.10301275
 1.10371775 1.10434588 1.10490907 1.10541691 1.10587718 1.10629628
 1.1066795 ]"
320,"[1.01148265 1.56854273 1.65514472 1.6583297  1.6500436  1.64124337
 1.6336601  1.62737612 1.62218269 1.61785758 1.61421764 1.61112099
 1.60845937 1.60614996 1.60412893 1.60234652 1.60076356 1.59934883
 1.59807719 1.59692822 1.59588515 1.59493411 1.59406354 1.5932637
 1.59252636]"
321,"[0.37772085 0.83098293 1.04167767 1.1335922  1.18311742 1.21364825
 1.23421984 1.24897193 1.26004653 1.2686562  1.27553623 1.28115739
 1.28583456 1.28978609 1.29316807 1.29609494 1.29865248 1.30090628
 1.30290726 1.30469562 1.30630346 1.30775675 1.30907671 1.31028086
 1.31138377]"
322,"[0.13486564 0.51910949 0.48443485 0.49192602 0.50475788 0.51481008
 0.52231791 0.52803024 0.53249174 0.53606178 0.5389787  0.54140455
 0.54345262 0.54520415 0.54671885 0.5480415  0.54920629 0.55023981
 0.551163   0.55199259 0.55274209 0.55342255 0.55404308 0.55461123
 0.55513337]"
323,"[0.62625087 1.08076617 1.19127519 1.23746088 1.26197073 1.27689361
 1.28684196 1.29391151 1.29917781 1.30324494 1.30647651 1.30910372
 1.31128028 1.31311214 1.31467466 1.31602283 1.31719768 1.31823047
 1.31914537 1.31996141 1.32069372 1.32135451 1.32195375 1.32249962
 1.32299893]"
324,"[0.6905514  1.2070057  1.26392405 1.26419291 1.25935658 1.25508763
 1.25179817 1.24928424 1.24733187 1.24578439 1.2445335  1.24350434
 1.24264439 1.24191603 1.24129177 1.24075115 1.24027865 1.23986232
 1.23949282 1.23916274 1.23886616 1.23859825 1.23835508 1.23813341
 1.23793051]"
325,"[3.00989278e-10 6.70658012e-05 2.73873177e-03 1.30870327e-02
 2.83910560e-02 4.37142248e-02 5.69837653e-02 6.79400516e-02
 7.68965693e-02 8.42508804e-02 9.03481679e-02 9.54598934e-02
 9.97931634e-02 1.03505109e-01 1.06715500e-01 1.09516453e-01
 1.11979575e-01 1.14161154e-01 1.16105918e-01 1.17849786e-01
 1.19421887e-01 1.20846066e-01 1.22142008e-01 1.23326094e-01
 1.24412062e-01]"
326,"[0.38501097 1.18850566 1.4110518  1.48422134 1.51650868 1.53383534
 1.54438152 1.55137586 1.55630975 1.55995498 1.56274651 1.56494622
 1.56672037 1.56817911 1.56939813 1.57043098 1.57131658 1.57208381
 1.57275458 1.57334573 1.57387047 1.57433924 1.57476043 1.57514087
 1.57548612]"
327,"[0.53576702 1.09956765 1.17516957 1.18764726 1.19217015 1.19480433
 1.19664214 1.19802485 1.19910904 1.19998316 1.20070293 1.20130576
 1.20181782 1.20225804 1.20264044 1.20297564 1.20327182 1.20353537
 1.20377137 1.20398391 1.20417631 1.20435129 1.20451109 1.20465761
 1.20479243]"
328,"[0.19753432 0.82979776 1.04223458 1.13424977 1.18357599 1.21384392
 1.23416259 1.24869046 1.25957112 1.26801392 1.27475007 1.28024648
 1.2848148  1.28867073 1.29196819 1.29481987 1.29731017 1.29950348
 1.3014498  1.30318852 1.30475112 1.306163   1.30744492 1.30861402
 1.30968453]"
329,"[4.90128581e-05 1.35338957e-02 5.09310953e-02 8.35726311e-02
 1.07964115e-01 1.26162368e-01 1.39944047e-01 1.50587887e-01
 1.58978784e-01 1.65723602e-01 1.71241729e-01 1.75827550e-01
 1.79691578e-01 1.82987246e-01 1.85828458e-01 1.88301239e-01
 1.90471595e-01 1.92390914e-01 1.94099736e-01 1.95630436e-01
 1.97009148e-01 1.98257193e-01 1.99392117e-01 2.00428492e-01
 2.01378508e-01]"
330,"[0.90242286 1.28371384 1.3796815  1.42548432 1.45240305 1.46983437
 1.48192926 1.49076852 1.49749147 1.50276769 1.50701408 1.51050271
 1.5134183  1.51589038 1.51801243 1.51985348 1.52146564 1.5228889
 1.52415452 1.52528721 1.52630681 1.52722941 1.52806817 1.52883401
 1.52953602]"
331,"[1.02617389 1.06748991 1.05046115 1.05403083 1.06137368 1.06772504
 1.07271221 1.07660893 1.07969792 1.08219102 1.08423832 1.08594601
 1.08739016 1.0886263  1.08969567 1.09062946 1.09145164 1.09218092
 1.09283206 1.0934169  1.093945   1.0944242  1.09486095 1.09526063
 1.09562774]"
332,"[0.68809476 1.42616923 1.64906712 1.72150529 1.75169315 1.76675122
 1.77525075 1.78048901 1.78393432 1.78631623 1.78802905 1.78930053
 1.79026946 1.79102423 1.79162326 1.79210638 1.7925015  1.79282862
 1.79310239 1.79333372 1.7935309  1.79370028 1.7938468  1.79397436
 1.79408607]"
333,"[1.07266514 1.20307981 1.28563372 1.31605018 1.32768492 1.33304428
 1.33591075 1.33762055 1.33872584 1.33948522 1.34003218 1.34044124
 1.34075661 1.34100593 1.34120721 1.34137262 1.34151063 1.34162731
 1.34172709 1.34181329 1.34188843 1.34195444 1.34201285 1.34206487
 1.34211147]"
334,"[0.89706595 1.50049499 1.63327906 1.65836039 1.66122993 1.65899802
 1.655708   1.65244001 1.64947748 1.64686733 1.64458557 1.64259039
 1.6408395  1.63929532 1.63792605 1.63670528 1.63561118 1.63462571
 1.63373396 1.6329235  1.63218393 1.63150653 1.6308839  1.63030974
 1.62977869]"
335,"[0.65959267 0.92983509 1.04759169 1.10409145 1.13588221 1.15588084
 1.16951312 1.17936435 1.18680112 1.19260746 1.19726325 1.20107789
 1.20425943 1.20695283 1.20926204 1.21126357 1.21301491 1.2145601
 1.21593345 1.21716206 1.21826764 1.21926774 1.22017676 1.22100659
 1.22176712]"
336,"[0.46735892 1.31149533 1.43951367 1.47071429 1.48284686 1.48907104
 1.49282674 1.49533516 1.49712877 1.49847516 1.49952319 1.50036224
 1.5010492  1.50162202 1.50210699 1.50252289 1.50288349 1.50319915
 1.50347777 1.50372552 1.50394725 1.50414686 1.5043275  1.50449176
 1.50464177]"
337,"[0.3076944  0.32339273 0.31828273 0.30979202 0.30192367 0.29530242
 0.28983358 0.28530469 0.28151986 0.27832262 0.27559272 0.27323839
 0.2711893  0.26939102 0.26780102 0.26638563 0.26511798 0.26397633
 0.26294297 0.26200332 0.26114528 0.26035874 0.25963517 0.25896734
 0.25834908]"
338,"[0.35937995 1.15518441 1.35688744 1.42517092 1.45747239 1.47598023
 1.48789216 1.49617274 1.5022515  1.50689844 1.51056355 1.5135269
 1.51597164 1.51802249 1.51976726 1.52126951 1.52257642 1.52372365
 1.52473875 1.52564324 1.52645424 1.52718552 1.52784826 1.52845164
 1.52900331]"
339,"[0.84018839 1.38785673 1.50583638 1.5371332  1.54920397 1.55524691
 1.55882561 1.56119372 1.5628842  1.56415753 1.56515516 1.56596044
 1.56662572 1.56718563 1.56766405 1.56807801 1.56844003 1.56875952
 1.56904371 1.56929824 1.56952762 1.56973545 1.56992468 1.57009772
 1.5702566 ]"
340,"[0.5751371  1.25865366 1.39605048 1.443082   1.46575114 1.47878064
 1.48713021 1.4928924  1.49708809 1.50026947 1.50275923 1.5047577
 1.50639539 1.50776075 1.50891577 1.50990507 1.5107616  1.51151018
 1.51216983 1.5127554  1.51327861 1.51374885 1.51417373 1.51455947
 1.51491121]"
341,"[0.28971046 1.13757512 1.34555595 1.41773239 1.45004266 1.4673457
 1.47783151 1.48476277 1.48964299 1.49324605 1.4960057  1.49818188
 1.49993902 1.50138574 1.50259654 1.50362407 1.50450653 1.50527231
 1.50594288 1.5065348  1.50706102 1.50753183 1.50795547 1.50833864
 1.50868685]"
342,"[0.68288439 1.52723298 1.63743096 1.64308015 1.63665855 1.62956959
 1.62350041 1.61852983 1.61446953 1.61112348 1.60833337 1.60597876
 1.60396911 1.60223611 1.60072773 1.59940384 1.59823311 1.59719081
 1.59625716 1.59541621 1.59465494 1.59396262 1.59333038 1.59275077
 1.59221752]"
343,"[0.68247615 1.57889295 1.73205132 1.76012412 1.76381686 1.76223448
 1.75966563 1.75716246 1.75496234 1.75308314 1.75148674 1.75012637
 1.74895974 1.74795178 1.74707428 1.74630474 1.74562521 1.74502133
 1.74448149 1.74399628 1.743558   1.74316027 1.74279782 1.74246624
 1.74216178]"
344,"[0.82841881 1.2916664  1.3873526  1.42020044 1.43571714 1.44455005
 1.45020238 1.45411497 1.4569787  1.45916342 1.46088415 1.4622741
 1.4634201  1.46438107 1.46519842 1.46590209 1.46651423 1.46705159
 1.46752709 1.46795081 1.46833079 1.46867345 1.46898404 1.46926686
 1.46952548]"
345,"[0.81656324 1.28182248 1.3747833  1.39698188 1.40456497 1.40785353
 1.40952085 1.41046191 1.41103561 1.41140606 1.41165606 1.41183074
 1.41195623 1.41204843 1.41211744 1.41216987 1.41221021 1.41224156
 1.41226613 1.41228549 1.41230083 1.41231302 1.41232271 1.41233042
 1.41233653]"
346,"[0.7617837  1.0905229  1.23843182 1.29393585 1.32109717 1.33688345
 1.34711554 1.35425614 1.35951034 1.36353295 1.36670883 1.36927841
 1.37139936 1.37317924 1.37469389 1.37599829 1.37713325 1.37812968
 1.37901142 1.37979716 1.38050173 1.38113706 1.38171287 1.38223714
 1.38271648]"
347,"[1.11775305 1.51190711 1.52571947 1.50265465 1.48578664 1.47466513
 1.46707532 1.46164845 1.45760456 1.45448672 1.45201491 1.45000986
 1.44835215 1.4469595  1.44577348 1.44475155 1.44386203 1.44308087
 1.44238946 1.44177324 1.44122059 1.4407222  1.44027045 1.43985912
 1.43948301]"
348,"[1.06386467 1.20186187 1.30397921 1.34005522 1.35820648 1.36919286
 1.3765764  1.38188422 1.38588452 1.38900736 1.39151265 1.39356685
 1.39528155 1.39673437 1.39798094 1.39906221 1.40000897 1.4008448
 1.4015881  1.4022534  1.40285236 1.40339442 1.4038873  1.40433741
 1.40475007]"
349,"[1.14566801 1.50579584 1.4898838  1.46751248 1.45497062 1.44789243
 1.44361872 1.44086487 1.43899115 1.43765843 1.43667547 1.43592843
 1.43534628 1.43488292 1.43450739 1.43419825 1.43394029 1.43372244
 1.43353653 1.43337638 1.43323725 1.43311547 1.43300815 1.43291298
 1.43282811]"
350,"[0.91733545 1.33845764 1.35772004 1.35789344 1.3607108  1.36445781
 1.36805686 1.37121238 1.37390454 1.37618971 1.37813598 1.37980463
 1.38124627 1.38250148 1.38360256 1.38457521 1.38543996 1.38621338
 1.38690889 1.38753747 1.3881082  1.38862859 1.38910493 1.38954252
 1.38994586]"
351,"[0.63755604 1.13570916 1.27404402 1.33026152 1.35974904 1.37767787
 1.3896585  1.39820283 1.40459219 1.40954499 1.4134939  1.41671446
 1.41939025 1.42164816 1.42357864 1.42524786 1.42670535 1.42798888
 1.42912776 1.4301451  1.43105932 1.43188531 1.43263525 1.43331914
 1.43394535]"
352,"[1.19106735 1.49960302 1.62357997 1.65120906 1.65540907 1.65393669
 1.65115105 1.64825634 1.64558987 1.64322491 1.64115198 1.63933805
 1.63774662 1.63634417 1.63510191 1.6339957  1.63300552 1.63211479
 1.63130977 1.63057903 1.62991299 1.62930362 1.62874411 1.62822869
 1.62775243]"
353,"[0.30188162 1.00733664 1.20173471 1.27260727 1.30625146 1.32536067
 1.33756129 1.34599254 1.35215591 1.35685333 1.36055011 1.36353419
 1.36599299 1.36805368 1.36980551 1.37131296 1.37262377 1.37377399
 1.37479141 1.37569775 1.37651023 1.37724271 1.37790644 1.37851065
 1.37906301]"
354,"[0.72468024 0.98154729 1.12379734 1.15956697 1.17365682 1.18117795
 1.18592113 1.18921431 1.19164525 1.19351773 1.19500619 1.19621859
 1.1972256  1.19807553 1.19880256 1.1994316  1.19998125 1.20046566
 1.2008958  1.20128031 1.20162609 1.20193871 1.20222272 1.20248189
 1.20271933]"
355,"[0.77405418 1.25155043 1.40984104 1.4626287  1.48425679 1.49450004
 1.49986488 1.50287463 1.50464219 1.50570938 1.50636106 1.50675637
 1.50698862 1.50711476 1.5071707  1.50717968 1.50715711 1.50711338
 1.5070556  1.50698871 1.50691615 1.50684037 1.50676307 1.50668547
 1.50660843]"
356,"[0.78305359 0.94818557 1.07196531 1.11198704 1.13073396 1.14153637
 1.1485454  1.15345487 1.15708266 1.15987142 1.16208136 1.16387535
 1.16536049 1.16661006 1.16767591 1.16859571 1.16939752 1.17010264
 1.17072755 1.17128519 1.17178584 1.17223782 1.17264789 1.1730216
 1.1733636 ]"
357,"[1.10065853 1.59199986 1.68116998 1.69236636 1.69165245 1.68914571
 1.68668109 1.68457668 1.6828337  1.68139284 1.68019326 1.67918468
 1.67832788 1.67759273 1.67695611 1.67640013 1.67591081 1.67547715
 1.67509037 1.6747434  1.6744305  1.67414697 1.67388892 1.6736531
 1.6734368 ]"
358,"[0.30249043 1.15298171 1.34603323 1.39560024 1.40916024 1.41213462
 1.41165651 1.41004384 1.40812698 1.40621695 1.40442724 1.40279229
 1.40131438 1.39998327 1.39878456 1.39770328 1.39672541 1.39583839
 1.39503117 1.39429418 1.39361916 1.39299899 1.39242751 1.39189942
 1.3914101 ]"
359,"[0.83763915 1.36432054 1.49592634 1.53078693 1.54266133 1.54733025
 1.5492526  1.54999023 1.55017641 1.55009546 1.54988463 1.54961365
 1.54931908 1.54902043 1.54872807 1.54844732 1.54818068 1.54792905
 1.54769246 1.54747042 1.5472622  1.54706695 1.54688377 1.54671179
 1.54655016]"
360,"[0.57668668 1.26033063 1.4904418  1.57573304 1.61542344 1.6375183
 1.65139015 1.66084612 1.66768189 1.67284409 1.67687562 1.68010888
 1.6827583  1.68496816 1.68683902 1.68844304 1.68983331 1.69104977
 1.69212301 1.69307685 1.69393012 1.69469791 1.69539242 1.69602365
 1.69659986]"
361,"[0.79602395 1.42801165 1.48198323 1.49616829 1.50414946 1.50912208
 1.5123817  1.51462025 1.51622164 1.5174076  1.51831191 1.51901865
 1.51958267 1.52004093 1.52041909 1.5207354  1.52100311 1.52123209
 1.52142977 1.52160186 1.5217528  1.52188609 1.52200451 1.52211031
 1.52220533]"
362,"[0.51970904 1.00706863 1.20714013 1.27231287 1.2993863  1.31274383
 1.32016589 1.32465621 1.32755034 1.32950866 1.33088565 1.33188436
 1.3326274  1.33319209 1.33362901 1.33397228 1.33424556 1.33446561
 1.33464456 1.33479137 1.33491273 1.33501373 1.33509827 1.33516941
 1.33522954]"
363,"[0.48627209 0.7975484  0.93118393 0.98881601 1.01964315 1.03853826
 1.05121329 1.06027138 1.06705291 1.07231348 1.07650966 1.07993291
 1.08277766 1.08517845 1.08723126 1.08900637 1.09055636 1.09192139
 1.0931326  1.09421454 1.09518682 1.09606527 1.09686281 1.09759012
 1.09825607]"
364,"[0.98250257 1.39374957 1.44586201 1.44567417 1.44095605 1.43687138
 1.43375644 1.43139681 1.42957929 1.42814979 1.42700259 1.42606509
 1.42528661 1.42463106 1.42407221 1.42359063 1.42317168 1.4228041
 1.42247916 1.42218996 1.421931   1.42169784 1.42148684 1.42129504
 1.42111996]"
365,"[0.60005744 1.05134846 1.15884912 1.19975174 1.22050145 1.23270651
 1.24061822 1.24611263 1.25012812 1.25317982 1.25557162 1.25749335
 1.25906921 1.26038365 1.26149594 1.26244888 1.26327407 1.26399535
 1.26463099 1.26519528 1.2656995  1.26615268 1.26656215 1.26693391
 1.2672729 ]"
366,"[1.08266267 1.43342623 1.51945106 1.54218742 1.54986027 1.55288972
 1.55417757 1.55472183 1.55492061 1.55495043 1.55489579 1.55479946
 1.55468396 1.55456142 1.55443846 1.55431861 1.55420372 1.55409465
 1.55399168 1.5538948  1.55380379 1.55371835 1.55363815 1.55356284
 1.55349206]"
367,"[0.77418623 1.26056409 1.3838711  1.41737884 1.4296846  1.43529049
 1.43824028 1.43995652 1.44103094 1.44174187 1.44223304 1.4425843
 1.44284266 1.44303717 1.4431865  1.44330307 1.44339537 1.44346936
 1.44352931 1.44357835 1.44361878 1.44365236 1.44368044 1.44370404
 1.44372398]"
368,"[0.8635677  1.20200807 1.26930407 1.29974488 1.31623126 1.32619016
 1.33274736 1.33735336 1.34075082 1.34335317 1.34540676 1.34706672
 1.34843524 1.34958223 1.35055705 1.3513955  1.35212414 1.35276311
 1.35332791 1.3538307  1.3542811  1.35468688 1.35505432 1.35538859
 1.35569399]"
369,"[0.93186242 0.85822036 0.90104806 1.02578703 1.09195892 1.12924929
 1.15252471 1.16823109 1.17946484 1.18786335 1.19436276 1.19953289
 1.20373878 1.20722426 1.21015805 1.21266042 1.21481926 1.21670028
 1.21835353 1.21981777 1.22112349 1.22229499 1.22335185 1.22431005
 1.22518274]"
370,"[0.92583263 1.46387855 1.55091207 1.56729121 1.56921861 1.56763084
 1.56524152 1.56282322 1.56059779 1.55861332 1.5568615  1.55531733
 1.55395309 1.55274306 1.55166487 1.55069955 1.54983122 1.54904659
 1.54833455 1.54768577 1.5470924  1.54654778 1.54604627 1.54558302
 1.54515388]"
371,"[0.7675274  1.24893616 1.33555049 1.35858255 1.36765687 1.37221045
 1.37487395 1.37660002 1.3778021  1.3786846  1.37935891 1.37989047
 1.38032005 1.38067436 1.38097155 1.38122438 1.38144209 1.38163153
 1.38179787 1.3819451  1.38207633 1.38219404 1.38230023 1.38239649
 1.38248418]"
372,"[0.156375   0.27128745 0.29732743 0.30243315 0.30210403 0.30037742
 0.29841578 0.2965625  0.29490592 0.29345209 0.29218181 0.29107033
 0.2900939  0.28923182 0.2884666  0.28778373 0.28717123 0.28661916
 0.28611929 0.28566476 0.2852498  0.28486958 0.28451998 0.2841975
 0.28389917]"
373,"[0.76379055 1.21451539 1.29161742 1.30971408 1.31610048 1.31897217
 1.32046847 1.32132825 1.32185769 1.32220078 1.3224319  1.32259235
 1.32270637 1.32278889 1.32284946 1.32289437 1.32292791 1.32295304
 1.32297189 1.32298596 1.32299637 1.32300396 1.32300935 1.32301302
 1.32301534]"
374,"[0.95913451 1.57443841 1.65151446 1.65372479 1.64598307 1.63827332
 1.63200162 1.62707818 1.62320584 1.6201218  1.61762806 1.61558101
 1.6138769  1.61244008 1.6112147  1.61015888 1.60924078 1.60843584
 1.60772488 1.60709273 1.60652724 1.60601859 1.60555879 1.60514123
 1.60476044]"
375,"[0.75228081 1.17665534 1.33454302 1.40111781 1.43538859 1.45566689
 1.46886635 1.47806175 1.48479833 1.48992766 1.49395377 1.49719241
 1.49985067 1.50206962 1.50394849 1.50555901 1.50695421 1.50817414
 1.50924956 1.5102045  1.51105796 1.51182518 1.5125185  1.51314804
 1.51372217]"
376,"[0.65823104 1.18607273 1.32538585 1.38777728 1.42356959 1.44680133
 1.46306713 1.47506996 1.48427906 1.49156112 1.49745969 1.50233241
 1.50642401 1.50990744 1.5129083  1.51551996 1.51781325 1.51984282
 1.52165157 1.52327356 1.52473622 1.52606188 1.52726887 1.52837242
 1.52938525]"
377,"[0.31229882 1.05027466 1.26497047 1.34641696 1.38276142 1.40172202
 1.41286552 1.42001216 1.42490308 1.42842054 1.43105052 1.4330792
 1.43468442 1.43598174 1.43704908 1.43794068 1.4386953  1.43934133
 1.43989997 1.44038734 1.44081589 1.4411954  1.44153362 1.44183679
 1.44210995]"
378,"[0.48453734 1.10582281 1.24569084 1.29530786 1.31698271 1.32833934
 1.33513756 1.33960476 1.34274299 1.34505951 1.34683548 1.3482382
 1.34937299 1.35030924 1.35109447 1.35176224 1.35233691 1.35283657
 1.35327493 1.35366257 1.35400778 1.35431713 1.35459591 1.35484844
 1.35507823]"
379,"[0.71351315 1.21175006 1.32826151 1.36537375 1.38197053 1.3910499
 1.39667722 1.40046957 1.40318246 1.40521154 1.40678231 1.40803198
 1.40904855 1.40989083 1.41059957 1.41120385 1.41172495 1.41217876
 1.41257742 1.41293032 1.41324484 1.41352688 1.41378119 1.41401164
 1.41422142]"
380,"[0.7137692  0.69661855 0.82753827 0.8875858  0.91510771 0.93057106
 0.94043541 0.94726862 0.95228049 0.95611345 0.95913975 0.96158987
 0.96361413 0.96531472 0.96676357 0.96801274 0.96910087 0.97005722
 0.97090437 0.97166003 0.97233826 0.97295038 0.97350562 0.97401154
 0.97447446]"
381,"[0.71982917 1.27014007 1.38603096 1.44562627 1.48192481 1.50528418
 1.52128329 1.53283612 1.54153609 1.54830927 1.55372503 1.55815067
 1.561833   1.56494362 1.56760536 1.56990841 1.5719204  1.57369302
 1.57526646 1.5766724  1.57793618 1.57907825 1.58011537 1.58106133
 1.58192762]"
382,"[0.90351851 1.53042427 1.61616924 1.620959   1.61448391 1.60727536
 1.60106103 1.59595817 1.59179021 1.58836121 1.58550925 1.58310973
 1.58106837 1.57931382 1.57779165 1.57645988 1.57528578 1.57424352
 1.5733125  1.57247613 1.57172089 1.57103569 1.57041135 1.56984019
 1.56931578]"
383,"[0.46993674 0.71658061 0.72919825 0.72175358 0.71550371 0.71111483
 0.70799398 0.70569793 0.70395181 0.70258536 0.70148996 0.70059389
 0.69984822 0.69921858 0.6986802  0.69821482 0.69780867 0.69745125
 0.69713433 0.69685147 0.6965975  0.69636822 0.69616023 0.69597071
 0.69579732]"
384,"[0.65333629 1.19893672 1.31357286 1.35739957 1.38023908 1.39410915
 1.4033635  1.40995059 1.41486596 1.41866824 1.42169382 1.42415683
 1.42619976 1.42792098 1.42939051 1.43065954 1.43176628 1.43273988
 1.4336029  1.4343731  1.43506465 1.43568898 1.4362554  1.43677159
 1.43724395]"
385,"[0.58740024 0.8936953  0.94730497 0.96352333 0.97193355 0.9771131
 0.98060581 0.98311048 0.9849898  0.98644973 0.98761542 0.98856703
 0.98935823 0.9900262  0.99059751 0.99109164 0.99152319 0.99190329
 0.99224059 0.99254193 0.99281275 0.99305744 0.99327962 0.99348224
 0.99366777]"
386,"[0.67796412 0.98060195 1.28854221 1.42798226 1.50085296 1.54398784
 1.57192861 1.59126464 1.60533107 1.61596842 1.62426434 1.63089802
 1.63631316 1.64081076 1.64460158 1.64783727 1.6506295  1.65306226
 1.65519978 1.65709203 1.65877842 1.66029041 1.66165343 1.66288824
 1.66401193]"
387,"[0.75103365 1.4025669  1.55060111 1.595869   1.6138392  1.62224637
 1.62661785 1.62905405 1.63047353 1.63132167 1.631832   1.63213472
 1.63230602 1.63239229 1.63242272 1.63241614 1.63238498 1.63233761
 1.63227972 1.63221523 1.63214687 1.63207656 1.63200562 1.63193498
 1.63186529]"
388,"[0.29147135 1.01411593 1.17959321 1.23114813 1.25430004 1.26713596
 1.27521225 1.28073382 1.28473569 1.28776399 1.29013273 1.29203474
 1.29359476 1.29489688 1.29599987 1.29694594 1.29776621 1.29848412
 1.29911764 1.29968077 1.30018459 1.30063797 1.30104812 1.30142091
 1.30176122]"
389,"[4.37297716e-07 5.24008002e-02 3.11437180e-01 4.44842176e-01
 5.10199798e-01 5.46331593e-01 5.68282018e-01 5.82604147e-01
 5.92478437e-01 5.99588803e-01 6.04891447e-01 6.08961222e-01
 6.12160433e-01 6.14726644e-01 6.16820961e-01 6.18555833e-01
 6.20011745e-01 6.21247576e-01 6.22307240e-01 6.23224057e-01
 6.24023700e-01 6.24726222e-01 6.25347482e-01 6.25900168e-01
 6.26394533e-01]"
390,"[1.00172992 1.49236479 1.55933795 1.5644932  1.56134117 1.55759079
 1.55440139 1.5518345  1.54977583 1.54810791 1.54673812 1.5455976
 1.5446357  1.54381492 1.5431072  1.54249123 1.5419506  1.54147255
 1.54104696 1.54066576 1.54032244 1.54001169 1.53972911 1.5394711
 1.53923459]"
391,"[0.54747327 1.19715933 1.32457199 1.36095991 1.37766889 1.38735653
 1.39369799 1.39817131 1.40149375 1.40405714 1.40609385 1.40775042
 1.40912377 1.41028056 1.41126809 1.41212087 1.41286464 1.41351899
 1.4140991  1.4146169  1.41508189 1.41550175 1.41588273 1.41622998
 1.41654779]"
392,"[0.90291114 1.33343576 1.43899348 1.47904226 1.49855157 1.50959677
 1.5165287  1.52121293 1.52455737 1.52704836 1.52896666 1.53048424
 1.53171168 1.53272297 1.53356932 1.53428719 1.53490319 1.53543716
 1.53590416 1.53631584 1.53668132 1.53700784 1.53730123 1.53756622
 1.53780668]"
393,"[0.60528291 1.35437834 1.46476822 1.49951691 1.51632968 1.52600689
 1.53216081 1.53635432 1.53936328 1.54161052 1.54334334 1.54471467
 1.54582353 1.54673652 1.5474999  1.5481467  1.54870106 1.54918101
 1.54960023 1.54996932 1.55029658 1.5505886  1.55085067 1.55108709
 1.55130138]"
394,"[1.17915228 1.42266546 1.47902558 1.50117742 1.51190343 1.51781859
 1.52140694 1.52374437 1.52535219 1.52650645 1.52736404 1.5280194
 1.52853208 1.52894117 1.52927319 1.52954664 1.52977476 1.52996722
 1.53013123 1.53027225 1.53039448 1.5305012  1.53059499 1.53067791
 1.53075163]"
395,"[1.10206637 1.53311645 1.61910745 1.62785292 1.6250526  1.62098915
 1.61739657 1.61446988 1.61211713 1.61021512 1.60865999 1.60737232
 1.60629288 1.60537753 1.60459313 1.60391453 1.6033224  1.60280172
 1.60234064 1.60192975 1.60156146 1.60122962 1.60092917 1.60065596
 1.6004065 ]"
396,"[0.27772568 0.74671556 0.9395497  1.01392187 1.05182139 1.0744494
 1.08938089 1.09993158 1.1077655  1.11380409 1.11859684 1.12249092
 1.12571606 1.12843019 1.13074531 1.13274306 1.13448429 1.13601526
 1.13737179 1.138582   1.13966829 1.14064874 1.14153805 1.14234836
 1.14308971]"
397,"[0.99007589 1.39447263 1.46293013 1.48625632 1.49860331 1.5060854
 1.51100342 1.51443813 1.51695215 1.51886169 1.52035587 1.5215538
 1.52253377 1.52334915 1.52403744 1.5246257  1.52513393 1.52557717
 1.52596697 1.52631233 1.52662034 1.52689669 1.52714595 1.5273719
 1.52757762]"
398,"[0.84609677 1.40018731 1.52184028 1.55589798 1.56854349 1.57445339
 1.57772581 1.57977741 1.58118592 1.58221945 1.58301606 1.5836531
 1.58417706 1.58461753 1.58499429 1.5853211  1.58560787 1.58586194
 1.5860889  1.58629307 1.58647786 1.58664601 1.58679977 1.58694095
 1.58707109]"
399,"[0.63676379 1.41105736 1.5699891  1.61395347 1.63024175 1.63738876
 1.6408569  1.6426354  1.64356335 1.64403441 1.64424855 1.64431376
 1.64429115 1.64421664 1.64411189 1.64399032 1.6438603  1.64372714
 1.64359417 1.6434635  1.6433364  1.64321363 1.64309559 1.64298245
 1.64287423]"
400,"[0.97580025 1.41664745 1.54657979 1.58267573 1.59513599 1.60035575
 1.60285613 1.60416959 1.60490485 1.60533439 1.60559184 1.60574764
 1.60584109 1.60589517 1.60592382 1.60593582 1.60593677 1.6059304
 1.60591918 1.60590479 1.6058884  1.6058708  1.60585257 1.60583408
 1.60581561]"
401,"[0.47365832 0.5259328  0.54207904 0.58308673 0.61968563 0.64623468
 0.6652776  0.67929732 0.68993736 0.69823923 0.70487318 0.71028301
 0.71477152 0.71855113 0.72177469 0.72455466 0.7269755  0.72910172
 0.73098344 0.7326601  0.73416319 0.7355181  0.73674553 0.73786255
 0.73888329]"
402,"[0.09781045 0.81261183 0.99105584 1.04691367 1.07254648 1.08706633
 1.09636794 1.10282115 1.10755467 1.11117233 1.11402572 1.11633312
 1.11823712 1.11983474 1.12119426 1.1223651  1.12338393 1.12427849
 1.12507017 1.12577574 1.1264085  1.12697914 1.12749639 1.1279674
 1.12839808]"
403,"[0.66571447 1.22017258 1.32783071 1.35716084 1.37087307 1.37904542
 1.38453578 1.38849639 1.39149401 1.39384371 1.39573578 1.39729234
 1.39859547 1.39970246 1.40065451 1.40148203 1.40220794 1.40284989
 1.40342164 1.4039341  1.40439604 1.40481457 1.40519555 1.4055438
 1.40586337]"
404,"[0.83108731 1.35876682 1.44819874 1.48020484 1.4948566  1.5026134
 1.50717967 1.51008609 1.51204845 1.51343555 1.51445253 1.51522066
 1.51581534 1.51628539 1.51666359 1.51697257 1.5172284  1.51744272
 1.51762413 1.51777913 1.51791266 1.51802857 1.51812986 1.51821894
 1.51829771]"
405,"[0.53473448 1.30311292 1.41628016 1.44785004 1.46425302 1.47447573
 1.48142366 1.48642597 1.49018493 1.49310514 1.49543491 1.49733445
 1.4989114  1.50024059 1.50137558 1.50235564 1.5032102  1.50396175
 1.5046277  1.50522181 1.50575504 1.50623623 1.50667261 1.50707013
 1.50743374]"
406,"[0.40582487 0.82425615 0.90693531 0.94175407 0.96243959 0.97625416
 0.98610645 0.99346611 0.99916135 1.0036933  1.00738197 1.01044076
 1.01301717 1.01521625 1.01711479 1.01877015 1.02022603 1.02151631
 1.02266763 1.0237012  1.02463416 1.02548049 1.02625168 1.02695729
 1.02760533]"
407,"[0.93710651 1.6367418  1.82073066 1.87461715 1.89535208 1.90487859
 1.90978469 1.91250889 1.91409833 1.91505417 1.91563677 1.9159903
 1.91619876 1.91631312 1.91636537 1.91637615 1.91635911 1.91632342
 1.91627533 1.9162192  1.91615805 1.91609402 1.9160286  1.91596285
 1.91589754]"
408,"[0.98534025 1.51905573 1.59624747 1.6004931  1.59642222 1.59215222
 1.58871484 1.58606275 1.58401342 1.58240865 1.58113157 1.58009886
 1.57925123 1.57854602 1.57795211 1.57744644 1.57701165 1.5766345
 1.57630474 1.57601433 1.57575691 1.57552737 1.57532157 1.57513616
 1.57496833]"
409,"[0.68705345 1.1311917  1.27193383 1.32573481 1.35231286 1.36787964
 1.37804525 1.38518994 1.39048152 1.39455666 1.39779105 1.40042034
 1.40259974 1.40443562 1.40600325 1.40735743 1.40853898 1.40957895
 1.41050135 1.41132505 1.41206509 1.41273361 1.41334051 1.41389392
 1.41440062]"
410,"[0.90998695 1.30882199 1.38739735 1.40539497 1.41261123 1.41637076
 1.41863505 1.42013199 1.42118815 1.42196988 1.42257013 1.42304455
 1.42342841 1.42374504 1.42401046 1.42423603 1.42443001 1.42459852
 1.42474623 1.42487674 1.42499286 1.42509682 1.42519043 1.42527516
 1.42535219]"
411,"[0.79175775 1.39930844 1.51747391 1.54754417 1.5571194  1.56034196
 1.56123763 1.56120105 1.56078136 1.56021364 1.55960368 1.5589999
 1.55842395 1.55788451 1.55738393 1.55692147 1.55649497 1.55610168
 1.55573874 1.55540335 1.55509289 1.55480498 1.55453747 1.5542884
 1.55405607]"
412,"[0.43443367 0.35249853 0.30823337 0.28073306 0.2622514  0.24917776
 0.23957005 0.23228774 0.226623   0.22211818 0.21846719 0.21545928
 0.21294552 0.21081828 0.20899816 0.20742551 0.20605479 0.20485071
 0.20378555 0.20283729 0.20198822 0.20122396 0.20053273 0.19990479
 0.19933203]"
413,"[1.07752556 1.64196177 1.70714199 1.69535264 1.6763454  1.65977994
 1.64647659 1.63588736 1.62738137 1.62045424 1.61473179 1.60994039
 1.605879   1.60239818 1.59938534 1.59675441 1.59443873 1.59238595
 1.59055452 1.58891105 1.58742843 1.58608449 1.58486087 1.5837423
 1.58271595]"
414,"[0.46629246 0.6355633  0.83601315 0.91666532 0.95442058 0.97591699
 0.98974536 0.9993796  1.00647548 1.01191948 1.01622851 1.0197242
 1.02261709 1.02505082 1.02712673 1.02891838 1.03048044 1.0318544
 1.03307232 1.03415938 1.03513558 1.03601708 1.03681702 1.03754623
 1.03821368]"
415,"[0.93670434 1.74710491 1.84763085 1.83311955 1.81077605 1.79253354
 1.77855341 1.76778667 1.75933971 1.75257783 1.7470626  1.74248884
 1.73864028 1.73536057 1.7325344  1.73007513 1.72791657 1.72600736
 1.72430708 1.72278351 1.72141068 1.72016745 1.71903639 1.71800309
 1.71705546]"
416,"[0.89059775 1.15275102 1.34290516 1.43112552 1.47691663 1.50427867
 1.52229884 1.53500247 1.54441425 1.55165483 1.55739156 1.56204544
 1.56589461 1.56912995 1.57188667 1.57426314 1.57633263 1.57815076
 1.57976055 1.58119573 1.58248318 1.58364452 1.58469736 1.58565619
 1.58653303]"
417,"[0.41687143 1.05436377 1.21109474 1.27228602 1.30357653 1.32235148
 1.33481136 1.34366515 1.35027326 1.35539075 1.35946932 1.36279536
 1.36555909 1.36789172 1.36988666 1.37161217 1.37311932 1.37444704
 1.37562554 1.37667861 1.37762525 1.3784808  1.3792578  1.37996658
 1.38061575]"
418,"[1.20660441 1.495227   1.54521135 1.56217163 1.5703056  1.57508415
 1.57826645 1.58056188 1.58230863 1.58368913 1.58481126 1.58574335
 1.58653107 1.58720624 1.58779182 1.5883048  1.58875808 1.58916162
 1.58952327 1.58984929 1.59014475 1.59041377 1.59065977 1.59088561
 1.59109368]"
419,"[0.6477328  1.26184097 1.4259964  1.48046083 1.50461784 1.51750307
 1.52525689 1.53033107 1.53386168 1.53643551 1.53838165 1.53989701
 1.54110563 1.54208912 1.54290306 1.54358651 1.54416762 1.54466713
 1.54510064 1.54548009 1.54581474 1.5461119  1.54637738 1.54661589
 1.54683125]"
420,"[0.49862251 0.82766096 0.94219267 0.99007639 1.01748188 1.0350834
 1.04724612 1.05611053 1.06283853 1.06810985 1.07234636 1.07582275
 1.07872514 1.08118387 1.0832928  1.08512123 1.08672135 1.08813322
 1.08938808 1.09051065 1.09152073 1.09243438 1.09326472 1.09402264
 1.09471718]"
421,"[1.05132226 1.36860986 1.43330026 1.44954784 1.45518266 1.45757295
 1.45871521 1.45929956 1.45960758 1.45976854 1.45984713 1.45987794
 1.45988041 1.45986594 1.4598414  1.45981102 1.45977749 1.45974249
 1.45970713 1.45967207 1.45963777 1.45960448 1.45957235 1.45954147
 1.45951187]"
422,"[0.18879938 0.91421451 1.18061754 1.29132285 1.34838957 1.38233411
 1.4045606  1.42013364 1.43160285 1.44037751 1.44729464 1.45288047
 1.45748134 1.46133406 1.46460571 1.46741741 1.46985905 1.47199864
 1.4738886  1.47556995 1.47707521 1.47843053 1.47965713 1.48077244
 1.48179089]"
423,"[1.12425548 1.30067326 1.40862324 1.45627764 1.4797795  1.49315676
 1.50158914 1.50730813 1.51140362 1.51446156 1.51682126 1.51869122
 1.52020585 1.52145529 1.52250205 1.52339071 1.52415388 1.52481588
 1.52539523 1.52590623 1.5263601  1.52676579 1.52713045 1.52745994
 1.52775903]"
424,"[1.11540726 1.57602316 1.63501543 1.62850101 1.61511927 1.60305231
 1.5931322  1.58506433 1.57845113 1.5729629  1.56834952 1.56442458
 1.56104872 1.55811656 1.55554746 1.5532788  1.55126138 1.54945606
 1.54783132 1.54636156 1.54502575 1.54380648 1.54268921 1.54166171
 1.54071362]"
425,"[0.88345887 1.40946669 1.5128928  1.53838495 1.5452569  1.54680678
 1.54661555 1.54583546 1.54488333 1.54391927 1.54300459 1.54216015
 1.54138978 1.54069027 1.54005572 1.53947957 1.53895542 1.53847738
 1.53804019 1.53763922 1.53727042 1.53693027 1.53661571 1.53632406
 1.53605298]"
426,"[1.08895845 1.48788583 1.52748073 1.51678973 1.50572942 1.4977137
 1.49200558 1.48783499 1.48469229 1.48225595 1.4803202  1.47874959
 1.47745226 1.47636413 1.47543932 1.47464426 1.47395383 1.47334895
 1.47281484 1.47233991 1.47191494 1.47153252 1.47118662 1.47087229
 1.47058543]"
427,"[1.05642764 1.32908083 1.45165009 1.49751819 1.51955478 1.53217607
 1.54026555 1.54586168 1.5499506  1.55306306 1.55550857 1.55747912
 1.5590999  1.56045588 1.56160669 1.5625954  1.56345384 1.56420606
 1.56487056 1.56546178 1.56599116 1.56646791 1.56689947 1.56729196
 1.56765045]"
428,"[1.03190125 1.85148487 1.97973081 1.98027505 1.95986292 1.93872477
 1.92042057 1.90513931 1.89242324 1.88177091 1.87276147 1.86506448
 1.85842499 1.85264631 1.84757564 1.84309321 1.83910413 1.83553246
 1.83231682 1.82940713 1.82676216 1.82434769 1.82213509 1.82010025
 1.81822273]"
429,"[0.66800761 1.22206411 1.34669241 1.38104    1.3899878  1.39083748
 1.38903858 1.38648631 1.38386879 1.38142903 1.3792381  1.37730029
 1.37559538 1.374096   1.37277461 1.37160617 1.37056888 1.36964411
 1.36881614 1.36807173 1.36739973 1.36679073 1.36623681 1.36573122
 1.36526821]"
430,"[0.60437753 1.04084934 1.11488422 1.13730971 1.14869161 1.1555958
 1.16019104 1.16345025 1.16587354 1.16774196 1.16922452 1.17042851
 1.17142511 1.17226332 1.1729779  1.17359419 1.17413107 1.17460291
 1.17502081 1.17539349 1.1757279  1.17602961 1.17630321 1.17655242
 1.17678037]"
431,"[0.72030928 1.15800705 1.27508981 1.32646228 1.35429711 1.37147257
 1.38303702 1.39131998 1.39753017 1.40235228 1.40620145 1.40934324
 1.41195516 1.41416016 1.41604605 1.41767716 1.41910168 1.42035639
 1.42146987 1.42246463 1.42335865 1.42416647 1.42489995 1.42556888
 1.42618142]"
432,"[0.98900697 1.38934095 1.5227822  1.57004912 1.59186368 1.60402026
 1.61167403 1.61690688 1.62070029 1.62357225 1.62582031 1.62762698
 1.62911019 1.63034942 1.63140017 1.63230231 1.63308525 1.63377111
 1.63437688 1.6349158  1.63539834 1.63583292 1.63622634 1.63658417
 1.63691104]"
433,"[1.04671549 1.81712007 1.88694177 1.87330127 1.8546075  1.83928131
 1.8273892  1.81811239 1.8107479  1.80478992 1.79988456 1.79578251
 1.79230517 1.78932209 1.78673617 1.78447386 1.78247851 1.78070584
 1.77912079 1.77769522 1.77640633 1.77523546 1.77416716 1.77318857
 1.77228888]"
434,"[1.0008763  1.24108692 1.29563771 1.31705134 1.32758579 1.33378588
 1.33789635 1.34084405 1.34307466 1.34482891 1.3462488  1.34742398
 1.34841409 1.34926051 1.34999293 1.35063329 1.35119814 1.35170024
 1.35214962 1.35255423 1.35292051 1.35325369 1.3535581  1.35383734
 1.35409441]"
435,"[0.98000327 1.25813389 1.3454163  1.39597775 1.42671218 1.44684132
 1.46089737 1.47121527 1.47908891 1.48528437 1.49028112 1.49439341
 1.49783525 1.50075721 1.50326814 1.50544864 1.50735961 1.50904792
 1.5105502  1.51189549 1.51310711 1.51420397 1.51520161 1.51611287
 1.51694848]"
436,"[0.76568748 1.2511443  1.38729096 1.44066425 1.46620027 1.48047154
 1.48934951 1.49530932 1.49954194 1.50268035 1.50508778 1.50698571
 1.508516   1.50977324 1.5108227  1.51171074 1.51247108 1.51312882
 1.513703   1.51420826 1.51465608 1.51505555 1.51541397 1.51573724
 1.51603022]"
437,"[0.56314212 1.2764807  1.3883854  1.41496122 1.42565226 1.43139927
 1.43501379 1.43751035 1.43934403 1.44075052 1.44186478 1.44276996
 1.44352019 1.44415231 1.44469229 1.44515896 1.44556636 1.44592512
 1.44624349 1.44652793 1.44678361 1.44701467 1.44722452 1.44741595
 1.44759129]"
438,"[0.85163173 1.1817059  1.23602474 1.26140103 1.27489633 1.28288849
 1.28808389 1.29170552 1.29436496 1.29639679 1.29799792 1.29929127
 1.30035731 1.30125083 1.30201042 1.30266397 1.30323217 1.30373067
 1.30417153 1.30456416 1.30491606 1.30523325 1.3055206  1.30578213
 1.30602117]"
439,"[0.56179654 1.18062867 1.398851   1.48084161 1.51979965 1.54182856
 1.55580064 1.56538879 1.57235167 1.57762678 1.58175619 1.58507388
 1.58779627 1.5900695  1.59199575 1.59364848 1.59508187 1.59633673
 1.59744435 1.59842915 1.59931043 1.60010365 1.60082137 1.60147386
 1.6020696 ]"
440,"[0.85886102 1.25374102 1.32173128 1.32171927 1.31595274 1.31113577
 1.30758928 1.30498305 1.30302638 1.30152041 1.30033391 1.2993795
 1.29859777 1.29794732 1.29739863 1.29693022 1.2965261  1.29617419
 1.2958652  1.29559188 1.29534851 1.29513051 1.29493416 1.29475644
 1.29459486]"
441,"[0.52024002 1.12212938 1.28289286 1.34010841 1.36806587 1.38446375
 1.39521075 1.40279039 1.40842044 1.41276637 1.41622208 1.41903548
 1.42137029 1.42333899 1.42502139 1.42647568 1.42774529 1.42886329
 1.4298553  1.43074147 1.43153787 1.4322575  1.43291093 1.43350689
 1.43405265]"
442,"[0.78982036 0.70835037 0.63038832 0.59624176 0.59450728 0.6033185
 0.61327895 0.62202392 0.62927272 0.6352243  0.64013721 0.64423385
 0.64768818 0.65063282 0.65316856 0.65537246 0.65730407 0.65900987
 0.66052659 0.66188353 0.66310435 0.66420833 0.66521129 0.66612637
 0.66696454]"
443,"[0.42494085 0.84687123 1.06451143 1.15904359 1.20973809 1.24079332
 1.26159054 1.27642327 1.28750573 1.29608626 1.30291871 1.30848375
 1.3131017  1.31699388 1.32031801 1.32318937 1.32569415 1.32789807
 1.32985205 1.33159619 1.33316247 1.3345767  1.33585993 1.33702951
 1.33809987]"
444,"[0.85924804 1.32206514 1.41646134 1.46595061 1.49726981 1.51825148
 1.53305752 1.54398104 1.55233823 1.55892306 1.56423769 1.5686133
 1.57227626 1.57538622 1.57805879 1.58037963 1.58241354 1.5842104
 1.58580919 1.58724084 1.58853017 1.58969733 1.59075885 1.59172843
 1.59261747]"
445,"[0.11102851 0.83295227 1.01023531 1.0743509  1.1039709  1.1200884
 1.12995682 1.13653508 1.14120203 1.14467192 1.14734695 1.1494692
 1.15119237 1.15261846 1.15381768 1.15483986 1.15572129 1.15648905
 1.1571637  1.15776114 1.15829387 1.15877184 1.15920304 1.15959402
 1.15995012]"
446,"[0.47623515 1.20755041 1.50756228 1.62603544 1.68496663 1.7190694
 1.74093169 1.75599856 1.76695018 1.77524015 1.78171813 1.78691105
 1.79116176 1.79470228 1.79769492 1.80025644 1.80247288 1.80440898
 1.80611434 1.80762759 1.80897924 1.8101937  1.81129073 1.81228647
 1.81319427]"
447,"[0.58504251 1.17881909 1.25132058 1.28366285 1.30148332 1.31260448
 1.32017171 1.32564408 1.32978217 1.33301944 1.33562043 1.33775555
 1.33953947 1.34105211 1.3423509  1.34347814 1.34446568 1.34533795
 1.34611399 1.34680889 1.34743473 1.34800131 1.34851666 1.34898742
 1.34941915]"
448,"[0.71429935 0.96870942 0.89809843 0.82625437 0.77861364 0.74804397
 0.72805074 0.71456863 0.70517907 0.69843693 0.69345998 0.68969468
 0.68678372 0.68448999 0.68265203 0.68115729 0.67992559 0.67889866
 0.67803344 0.67729756 0.67666631 0.67612064 0.6756456  0.67522939
 0.67486258]"
449,"[0.99485191 1.3265419  1.37278903 1.38088314 1.38267198 1.38291816
 1.38272254 1.38240595 1.38207305 1.38175871 1.3814731  1.38121737
 1.38098945 1.3807863  1.38060481 1.38044212 1.38029574 1.3801635
 1.38004357 1.37993438 1.37983462 1.37974316 1.37965903 1.37958141
 1.37950959]"
450,"[0.61293981 1.1938937  1.33817049 1.37718007 1.39311142 1.40146625
 1.4065481  1.40994757 1.41237536 1.41419351 1.41560493 1.41673181
 1.41765202 1.41841747 1.41906407 1.41961746 1.42009638 1.4205149
 1.42088375 1.42121126 1.42150401 1.42176724 1.4220052  1.42222136
 1.42241858]"
451,"[0.82544694 1.29307732 1.39874983 1.43901358 1.46106694 1.47508681
 1.48476261 1.49182107 1.49718533 1.50139322 1.50477844 1.50755854
 1.5098811  1.51184963 1.51353881 1.51500378 1.51628616 1.51741792
 1.51842399 1.51932411 1.52013413 1.52086687 1.52153286 1.52214079
 1.52269791]"
452,"[0.04667215 0.765445   1.03803608 1.12900481 1.16804546 1.18855621
 1.20091208 1.20908337 1.21485682 1.21913997 1.22243799 1.22505276
 1.2271751  1.22893125 1.23040793 1.23166661 1.23275204 1.23369755
 1.23452846 1.23526436 1.2359206  1.23650944 1.23704072 1.23752246
 1.23796129]"
453,"[0.48855109 1.28115057 1.42437864 1.45275567 1.45802417 1.45784519
 1.45633132 1.45459471 1.45295278 1.45148558 1.4501984  1.44907404
 1.44809042 1.44722646 1.44646375 1.44578681 1.44518278 1.44464103
 1.44415279 1.44371075 1.44330883 1.44294195 1.4426058  1.44229676
 1.44201173]"
454,"[0.26541929 0.85783112 1.04754808 1.13453991 1.18263297 1.21263537
 1.23297181 1.24760207 1.25860501 1.26716782 1.27401449 1.27961025
 1.28426707 1.28820167 1.29156917 1.29448337 1.29702969 1.29927339
 1.30126523 1.30304524 1.3046454  1.30609161 1.307405   1.30860303
 1.30970024]"
455,"[1.3905809  1.89869922 1.87706032 1.81515036 1.76602777 1.72986511
 1.70296857 1.68248744 1.6665123  1.65377756 1.64343009 1.63488135
 1.6277156  1.62163256 1.61641091 1.61188444 1.60792624 1.60443794
 1.60134225 1.59857765 1.59609465 1.59385302 1.59181972 1.58996743
 1.58827334]"
456,"[0.85444031 1.44787758 1.5241402  1.54543354 1.55672284 1.56412189
 1.5693767  1.57328712 1.5762983  1.5786809  1.58060872 1.58219795
 1.58352897 1.58465894 1.58562954 1.58647182 1.58720934 1.58786028
 1.58843889 1.58895647 1.58942212 1.58984322 1.59022582 1.59057493
 1.59089474]"
457,"[0.89740715 1.31927895 1.40378331 1.4267789  1.43475111 1.43807159
 1.43963157 1.44042182 1.44083891 1.441061   1.44117545 1.44122812
 1.44124437 1.44123884 1.44122026 1.44119399 1.44116337 1.44113051
 1.44109675 1.44106297 1.4410297  1.44099728 1.44096592 1.44093572
 1.44090674]"
458,"[0.73539584 1.27572455 1.35570097 1.3785761  1.38902987 1.39508892
 1.39908593 1.40193764 1.40408139 1.40575454 1.40709795 1.40820094
 1.40912303 1.40990549 1.41057789 1.41116196 1.41167406 1.41212674
 1.41252976 1.41289089 1.41321634 1.41351114 1.41377943 1.41402463
 1.4142496 ]"
459,"[0.91186349 1.40635907 1.5253557  1.55919812 1.57184195 1.5773975
 1.58007219 1.58141614 1.58208932 1.58240334 1.58251704 1.58251627
 1.58244951 1.58234514 1.58222015 1.58208494 1.5819459  1.58180699
 1.58167064 1.58153828 1.58141074 1.58128843 1.58117151 1.58105997
 1.58095369]"
460,"[0.54637222 1.14579386 1.33730531 1.38721852 1.39920595 1.39982186
 1.39687624 1.39294817 1.38894553 1.38518534 1.3817619  1.37868358
 1.37592677 1.37345795 1.3712426  1.36924875 1.36744807 1.36581597
 1.36433133 1.36297607 1.36173471 1.36059403 1.35954266 1.35857079
 1.35766997]"
461,"[0.70186914 1.16602413 1.22845658 1.25424639 1.26863298 1.27755495
 1.28356251 1.28786434 1.29109017 1.29359629 1.29559824 1.29723371
 1.29859459 1.29974451 1.30072889 1.30158103 1.30232584 1.30298238
 1.30356545 1.30408671 1.30455548 1.30497931 1.30536436 1.30571572
 1.30603761]"
462,"[0.33108907 0.36088423 0.35180076 0.34089826 0.33162986 0.32421891
 0.31833497 0.31362114 0.3097926  0.30663786 0.30400241 0.30177292
 0.29986541 0.29821677 0.2967789  0.29551465 0.29439494 0.29339672
 0.29250151 0.29169437 0.29096306 0.29029748 0.28968924 0.28913131
 0.28861773]"
463,"[0.82745451 1.27631265 1.40036159 1.45749792 1.48846439 1.5075272
 1.52033946 1.52950425 1.53636868 1.5416944  1.54594256 1.54940787
 1.55228712 1.55471659 1.5567935  1.55858907 1.5601566  1.56153678
 1.5627612  1.56385472 1.56483721 1.56572473 1.56653037 1.56726493
 1.56793742]"
464,"[0.4883165  1.15322675 1.35753625 1.43273816 1.46941316 1.49066627
 1.50439823 1.51395044 1.52095723 1.52630584 1.53051709 1.53391582
 1.53671467 1.53905847 1.54104914 1.54276042 1.54424697 1.5455501
 1.54670164 1.54772646 1.54864431 1.54947105 1.55021956 1.5509004
 1.55152232]"
465,"[0.375611   1.28855785 1.48278092 1.53933386 1.56187078 1.57290219
 1.57909162 1.58291055 1.58543606 1.58719643 1.58847504 1.58943497
 1.59017543 1.59075967 1.59122955 1.5916137  1.59193224 1.59219969
 1.5924267  1.59262126 1.59278948 1.59293604 1.59306465 1.59317822
 1.59327909]"
466,"[0.76786067 1.08602243 1.07485042 1.05536998 1.04691948 1.04381748
 1.04288485 1.04282865 1.04312503 1.04355323 1.04401712 1.04447453
 1.04490764 1.04530994 1.0456802  1.0460196  1.04633033 1.04661495
 1.04687599 1.04711586 1.04733675 1.04754062 1.04772921 1.04790409
 1.04806661]"
467,"[1.07991311 1.44061877 1.47843993 1.46949151 1.46034218 1.45397545
 1.4496049  1.44650522 1.44422395 1.44248821 1.4411296  1.44004051
 1.43914977 1.43840874 1.43778323 1.43724855 1.43678652 1.43638342
 1.43602878 1.43571442 1.43543391 1.4351821  1.43495482 1.43474869
 1.43456089]"
468,"[0.51475061 0.54156909 0.55401318 0.59637808 0.63147539 0.6561404
 0.67361111 0.68640601 0.69609528 0.70364933 0.70968503 0.71460812
 0.71869439 0.72213691 0.72507445 0.72760906 0.72981732 0.73175777
 0.73347585 0.73500738 0.73638092 0.73761953 0.73874201 0.73976387
 0.74069795]"
469,"[0.48794879 1.22866986 1.34185797 1.36127355 1.36637817 1.36806284
 1.36866581 1.36886466 1.3688972  1.36885829 1.3687892  1.36870894
 1.36862653 1.36854625 1.36847002 1.36839862 1.36833221 1.36827064
 1.36821363 1.36816085 1.36811195 1.36806659 1.36802444 1.36798521
 1.36794865]"
470,"[1.3106937  1.5006223  1.43095117 1.35776313 1.30886281 1.2771567
 1.25598255 1.24127653 1.23067024 1.22276042 1.2166886  1.21191099
 1.20807129 1.20492876 1.2023161  1.20011411 1.19823597 1.19661714
 1.19520878 1.19397336 1.19288159 1.19191033 1.19104107 1.19025884
 1.18955142]"
471,"[1.00389786 1.4529353  1.49179131 1.49203285 1.49489224 1.49774256
 1.49997797 1.50166483 1.50294593 1.50393625 1.50471692 1.50534391
 1.50585603 1.50628064 1.50663741 1.50694071 1.50720128 1.50742721
 1.50762474 1.50779875 1.50795306 1.50809075 1.50821429 1.50832569
 1.50842661]"
472,"[0.81761327 1.26690118 1.39691266 1.45648065 1.49029056 1.51163995
 1.52616563 1.53661354 1.54445539 1.55054121 1.55539245 1.55934509
 1.5626246  1.56538758 1.56774593 1.56978169 1.57155626 1.57311651
 1.57449877 1.57573167 1.57683804 1.57783629 1.57874146 1.57956592
 1.58031995]"
473,"[0.53456584 1.10289487 1.22747504 1.26525273 1.2813857  1.28985107
 1.29491348 1.2982231  1.30053025 1.30221802 1.30349975 1.30450255
 1.30530637 1.30596375 1.30651052 1.30697187 1.30736598 1.30770629
 1.30800292 1.30826365 1.30849451 1.3087003  1.30888483 1.30905118
 1.30920189]"
474,"[1.09414696e-05 1.58591921e-01 4.00591865e-01 4.94214499e-01
 5.37234379e-01 5.60476029e-01 5.74588848e-01 5.83914053e-01
 5.90473024e-01 5.95310347e-01 5.99012026e-01 6.01929086e-01
 6.04283287e-01 6.06220993e-01 6.07842409e-01 6.09218289e-01
 6.10399933e-01 6.11425392e-01 6.12323463e-01 6.13116318e-01
 6.13821298e-01 6.14452156e-01 6.15019929e-01 6.15533579e-01
 6.16000454e-01]"
475,"[0.62812867 1.18224439 1.3631768  1.42513514 1.45556482 1.47363386
 1.48560766 1.49412737 1.50049979 1.50544601 1.50939662 1.51262472
 1.51531186 1.51758348 1.51952901 1.52121396 1.52268737 1.52398672
 1.52514112 1.52617354 1.52710233 1.52794236 1.52870576 1.52940256
 1.53004111]"
476,"[0.58988063 1.11482847 1.24903622 1.30524566 1.33492709 1.35295323
 1.3649613  1.37349635 1.37985888 1.38477731 1.3886894  1.39187331
 1.39451385 1.39673848 1.39863786 1.40027817 1.40170884 1.40296752
 1.40408337 1.40507934 1.40597371 1.40678125 1.40751398 1.40818182
 1.40879301]"
477,"[0.72880693 1.32412058 1.47434793 1.52683382 1.55085581 1.5639149
 1.57187828 1.57714346 1.58083828 1.5835516  1.58561649 1.5872336
 1.58853013 1.58959018 1.59047132 1.59121417 1.59184814 1.59239497
 1.59287108 1.59328907 1.59365875 1.59398788 1.59428266 1.59454811
 1.59478832]"
478,"[0.70953447 0.88461271 0.98403876 1.03648027 1.06659582 1.08579783
 1.09900897 1.10861714 1.11590318 1.12161038 1.12619772 1.12996311
 1.13310801 1.13577331 1.13806044 1.14004423 1.14178105 1.14331417
 1.14467732 1.14589722 1.14699526 1.14798878 1.14889201 1.14971669
 1.15047262]"
479,"[0.53739939 1.03719907 1.15980205 1.20113874 1.22057067 1.23161099
 1.23867022 1.24355578 1.24713217 1.24986145 1.25201193 1.25374976
 1.25518318 1.25638566 1.25740884 1.25829002 1.25905684 1.25973021
 1.26032623 1.26085751 1.26133405 1.2617639  1.26215361 1.26250855
 1.26283317]"
480,"[0.02505539 0.66169892 0.90418065 0.98775076 1.02160719 1.03745599
 1.04575563 1.05048397 1.05335394 1.05518192 1.05639001 1.05721139
 1.05778201 1.05818477 1.05847215 1.05867843 1.05882664 1.05893262
 1.05900747 1.05905913 1.05909334 1.05911434 1.05912528 1.05912854
 1.0591259 ]"
481,"[0.79384573 1.36822502 1.48555745 1.51224082 1.52070979 1.52407376
 1.52560254 1.52635344 1.52673544 1.52692816 1.52701827 1.52705061
 1.52704969 1.5270295  1.52699825 1.52696093 1.52692057 1.52687906
 1.52683757 1.52679683 1.52675726 1.52671912 1.52668252 1.52664752
 1.52661412]"
482,"[0.93218786 1.33498574 1.44237647 1.48127116 1.49951448 1.50961048
 1.51585283 1.52002643 1.52298239 1.52517015 1.52684631 1.52816671
 1.52923087 1.53010496 1.53083457 1.531452   1.53198075 1.53243826
 1.53283776 1.53318943 1.53350123 1.53377948 1.53402922 1.53425457
 1.53445888]"
483,"[0.80089129 1.238663   1.29670515 1.30035333 1.29660285 1.29258631
 1.28927316 1.28664622 1.28455735 1.28287383 1.28149581 1.28035089
 1.2793866  1.27856449 1.27785597 1.27723948 1.27669846 1.27622005
 1.27579409 1.27541251 1.27506878 1.27475758 1.27447453 1.27421601
 1.27397898]"
484,"[0.24854821 0.99874736 1.15139055 1.21059799 1.24115603 1.25951592
 1.27167052 1.28027521 1.28667191 1.29160677 1.29552592 1.29871174
 1.30135131 1.30357337 1.30546929 1.30710569 1.30853226 1.3097868
 1.31089858 1.31189059 1.31278114 1.31358502 1.31431427 1.31497879
 1.31558683]"
485,"[0.54550107 0.83691384 0.97406808 1.02779175 1.05546974 1.07208821
 1.08308302 1.0908605  1.09663708 1.10108936 1.10462198 1.10749103
 1.10986613 1.11186395 1.11356729 1.11503645 1.1163164  1.11744134
 1.11843771 1.11932629 1.1201236  1.120843   1.12149532 1.12208952
 1.12263301]"
486,"[0.83127897 0.64941987 0.75646743 0.82880868 0.86894169 0.89402805
 0.91109158 0.92341404 0.932715   0.93997716 0.94580093 0.9505731
 0.95455371 0.95792389 0.96081361 0.96331847 0.96551035 0.96744433
 0.96916329 0.97070114 0.97208502 0.9733369  0.9744748  0.97551357
 0.97646561]"
487,"[0.58047062 0.8319013  0.83452705 0.81979457 0.81139821 0.8072188
 0.80517285 0.80419928 0.80378084 0.80365785 0.80369465 0.80381766
 0.80398577 0.80417549 0.80437322 0.80457108 0.80476454 0.8049511
 0.80512946 0.80529907 0.80545985 0.80561196 0.80575572 0.80589156
 0.8060199 ]"
488,"[1.03383742 1.26781514 1.3296284  1.34800464 1.3565138  1.36146218
 1.36472082 1.36703809 1.36877422 1.37012517 1.37120716 1.37209365
 1.37283349 1.37346041 1.37399853 1.3744655  1.3748746  1.37523598
 1.37555755 1.37584555 1.37610498 1.3763399  1.37655363 1.37674891
 1.37692805]"
489,"[1.14344048 1.43703922 1.54098664 1.563051   1.56781618 1.56805207
 1.56698548 1.56559106 1.56419019 1.56288776 1.56171123 1.56065973
 1.5597226  1.55888663 1.55813891 1.55746774 1.55686297 1.55631588
 1.55581903 1.55536614 1.55495183 1.55457155 1.55422137 1.55389796
 1.55359843]"
490,"[0.73952333 1.39206212 1.53736362 1.57812376 1.59495922 1.60358971
 1.60864666 1.61189076 1.61411241 1.61571067 1.61690547 1.61782652
 1.6185546  1.6191423  1.61962512 1.62002782 1.62036808 1.62065888
 1.6209099  1.62112852 1.62132041 1.62149006 1.62164098 1.62177604
 1.62189754]"
491,"[0.6991041  1.47270092 1.63711086 1.66450543 1.66232213 1.65380682
 1.64462612 1.63620646 1.62882352 1.62242891 1.61689404 1.61208462
 1.60788184 1.60418631 1.60091658 1.5980063  1.59540138 1.59305756
 1.59093843 1.58901383 1.58725864 1.58565178 1.58417549 1.58281467
 1.58155642]"
492,"[0.67041754 1.04493968 1.21151152 1.27719777 1.31093145 1.33120978
 1.34467291 1.35423695 1.36137105 1.36689206 1.37128909 1.37487233
 1.37784783 1.38035767 1.38250293 1.3843575  1.38597659 1.38740228
 1.38866723 1.38979712 1.39081246 1.3917298  1.39256267 1.3933222
 1.39401767]"
493,"[1.04391744 1.41579365 1.52312122 1.54526858 1.54875767 1.54776008
 1.54567135 1.54344452 1.54135993 1.53948818 1.53783101 1.53636861
 1.53507627 1.53393023 1.53290948 1.53199609 1.53117496 1.53043342
 1.52976088 1.52914846 1.52858864 1.52807511 1.52760245 1.52716607
 1.526762  ]"
494,"[1.03773454 1.49693766 1.54788789 1.55740537 1.56095496 1.56273247
 1.56373197 1.56432761 1.56469452 1.56492442 1.56506886 1.56515831
 1.56521154 1.56524048 1.56525292 1.56525406 1.56524743 1.56523548
 1.56521992 1.56520196 1.56518247 1.56516207 1.5651412  1.56512018
 1.56509925]"
495,"[0.86441373 1.02875461 1.21280925 1.27126551 1.29540355 1.30770006
 1.31490965 1.31956435 1.32278414 1.32512864 1.32690449 1.32829216
 1.32940411 1.33031374 1.33107083 1.33171024 1.33225709 1.33272988
 1.33314254 1.33350573 1.33382776 1.33411519 1.33437328 1.33460625
 1.33481758]"
496,"[0.88900968 1.22277004 1.31713451 1.34391936 1.35507308 1.36090147
 1.36440286 1.36670971 1.36833167 1.36952826 1.37044423 1.37116614
 1.3717487  1.37222803 1.37262892 1.3729689  1.37326066 1.37351366
 1.37373504 1.37393031 1.37410379 1.37425889 1.37439836 1.37452442
 1.3746389 ]"
497,"[1.08470111 1.59869275 1.62936613 1.61157022 1.59894082 1.59178178
 1.58766049 1.58516441 1.58357287 1.58251132 1.58177585 1.5812498
 1.58086332 1.58057289 1.58035038 1.58017706 1.5800401  1.57993053
 1.5798419  1.57976952 1.57970992 1.57966046 1.57961916 1.57958447
 1.57955517]"
498,"[0.53064037 1.15623844 1.29985771 1.36564056 1.40258265 1.42584553
 1.44172685 1.45322041 1.46190858 1.46869985 1.47415089 1.47862098
 1.48235202 1.48551268 1.48822409 1.49057543 1.49263379 1.49445062
 1.49606598 1.49751158 1.4988128  1.49999021 1.50106066 1.50203807
 1.50293406]"
499,"[0.93148612 1.22188103 1.2347283  1.2418869  1.24551535 1.24710278
 1.24777822 1.24803993 1.24810597 1.24807701 1.24800209 1.24790611
 1.24780208 1.24769691 1.24759421 1.24749581 1.24740256 1.24731472
 1.24723228 1.24715503 1.2470827  1.24701496 1.24695148 1.24689196
 1.24683608]"
500,"[1.35976892 1.4524062  1.53300724 1.56344525 1.57696296 1.58429089
 1.58883016 1.59190566 1.59412459 1.59580082 1.597112   1.59816594
 1.59903183 1.59975603 1.60037083 1.60089935 1.60135864 1.6017615
 1.60211777 1.60243512 1.6027196  1.6029761  1.60320855 1.6034202
 1.60361372]"
501,"[0.52259106 1.09078771 1.29722002 1.38205947 1.42490244 1.4499173
 1.46604177 1.47719187 1.48531321 1.49146827 1.49628127 1.50014078
 1.50330032 1.50593184 1.50815579 1.51005893 1.51170525 1.51314292
 1.51440886 1.51553184 1.51653458 1.51743527 1.51824861 1.51898663
 1.51965928]"
502,"[0.80196231 1.35791506 1.49028305 1.52938405 1.54601728 1.55479545
 1.56009012 1.56358287 1.56603868 1.56784943 1.56923443 1.57032504
 1.57120435 1.57192725 1.57253138 1.57304332 1.57348237 1.57386284
 1.57419557 1.57448891 1.57474938 1.57498215 1.57519137 1.5753804
 1.57555201]"
503,"[0.73041317 1.19130887 1.31629771 1.37807791 1.41330762 1.43557271
 1.45076611 1.46174019 1.47001508 1.47646663 1.48163206 1.485858
 1.48937759 1.49235319 1.49490116 1.49710707 1.49903515 1.50073457
 1.50224359 1.50359239 1.50480514 1.50590136 1.50689705 1.50780539
 1.50863737]"
504,"[0.66658549 1.2325249  1.33470082 1.35777838 1.36568612 1.36937675
 1.37146771 1.37280768 1.37373984 1.37442664 1.37495439 1.37537308
 1.37571363 1.37599626 1.37623471 1.37643867 1.37661517 1.37676946
 1.37690549 1.37702636 1.37713448 1.37723177 1.3773198  1.37739982
 1.3774729 ]"
505,"[0.43810857 1.0533091  1.23567932 1.31639305 1.36084792 1.38862079
 1.40750521 1.42113934 1.43142896 1.43946261 1.44590508 1.45118443
 1.45558838 1.45931727 1.46251483 1.46528678 1.46771259 1.46985317
 1.47175593 1.47345836 1.47499046 1.47637654 1.4776365  1.47878679
 1.47984111]"
506,"[0.3798694  0.88083305 1.03838517 1.10316589 1.13739979 1.15829048
 1.17227212 1.18224833 1.18970784 1.19548805 1.20009428 1.20384875
 1.20696626 1.20959533 1.21184183 1.21378323 1.21547746 1.21696874
 1.21829133 1.21947224 1.220533   1.22149103 1.2223605  1.22315314
 1.22387867]"
507,"[0.43587534 0.73660889 0.90139463 0.97418209 1.0142425  1.03940377
 1.05660229 1.06907133 1.07851208 1.08590139 1.09183872 1.09671171
 1.10078178 1.10423154 1.10719227 1.10976076 1.11200991 1.11399563
 1.11576156 1.11734218 1.11876516 1.12005292 1.12122383 1.12229309
 1.12327335]"
508,"[0.74715612 1.03614492 1.25922968 1.33870621 1.37380918 1.39233417
 1.40344939 1.41076108 1.41590456 1.41970896 1.42263329 1.42495006
 1.42683051 1.42838729 1.42969747 1.43081546 1.43178079 1.43262281
 1.43336382 1.43402103 1.43460793 1.43513529 1.43561176 1.43604438
 1.43643897]"
509,"[0.3641646  0.7021313  0.81946269 0.84110276 0.84444096 0.84394381
 0.84265571 0.84131034 0.84008788 0.83901942 0.83809488 0.83729456
 0.83659874 0.83599018 0.83545457 0.8349802  0.83455757 0.83417893
 0.83383792 0.83352933 0.83324884 0.83299283 0.83275828 0.83254263
 0.83234372]"
510,"[0.64829264 1.08046316 1.21184262 1.2653846  1.29314599 1.30985812
 1.32093784 1.32878965 1.33463069 1.33913884 1.34272001 1.34563146
 1.34804381 1.35007453 1.35180708 1.35330234 1.35460572 1.35575178
 1.3567673  1.35767329 1.35848651 1.35922049 1.35988623 1.36049281
 1.36104775]"
511,"[0.76096877 1.20738803 1.35500817 1.41826384 1.45120624 1.47088986
 1.48380955 1.4928746  1.49955671 1.50467182 1.50870559 1.51196376
 1.51464783 1.51689564 1.51880452 1.52044508 1.52186971 1.52311808
 1.52422077 1.52520171 1.52607989 1.52687055 1.52758609 1.52823668
 1.52883074]"
512,"[0.82595941 1.05111277 1.11797867 1.13870806 1.14811946 1.15356833
 1.15718657 1.15979467 1.16177766 1.16334272 1.16461259 1.16566525
 1.16655297 1.16731223 1.16796936 1.16854385 1.1690505  1.16950074
 1.16990355 1.17026608 1.17059413 1.1708924  1.17116478 1.17141453
 1.17164434]"
513,"[0.74769421 0.9317312  1.07673606 1.14479764 1.18151411 1.20406625
 1.21920912 1.23003827 1.23815049 1.24444661 1.24947126 1.25357216
 1.25698143 1.25985972 1.26232165 1.2644512  1.26631123 1.26794972
 1.26940394 1.27070326 1.27187113 1.27292649 1.27388484 1.27475894
 1.27555942]"
514,"[0.85741458 1.25685025 1.37028589 1.42765858 1.46131846 1.48305941
 1.49813941 1.50916992 1.5175713  1.52417531 1.52949893 1.53387942
 1.53754577 1.54065869 1.54333423 1.54565823 1.54769549 1.54949586
 1.55109829 1.55253367 1.55382676 1.55499769 1.55606296 1.55703624
 1.55792893]"
515,"[0.88322183 1.27579279 1.32297778 1.33441234 1.33959211 1.34265763
 1.34471857 1.34621067 1.34734533 1.34823923 1.34896264 1.34956062
 1.35006347 1.35049242 1.35086274 1.35118577 1.35147007 1.35172224
 1.35194747 1.35214986 1.35233274 1.35249881 1.35265028 1.35278902
 1.35291656]"
516,"[0.31087272 1.09309601 1.23919399 1.28878491 1.31264581 1.32647572
 1.3354511  1.34173018 1.34636307 1.3499194  1.35273402 1.35501637
 1.356904   1.35849094 1.35984359 1.36101018 1.36202656 1.36291997
 1.3637114  1.36441737 1.36505099 1.36562283 1.3661415  1.36661407
 1.36704644]"
517,"[0.43127064 0.94962058 1.06470854 1.11235147 1.13768903 1.15316861
 1.16352221 1.17090128 1.17641206 1.18067728 1.18407261 1.18683747
 1.18913133 1.19106434 1.19271497 1.19414056 1.19538399 1.19647794
 1.19744771 1.19831326 1.19909046 1.19979215 1.20042879 1.201009
 1.20153996]"
518,"[0.71778786 1.17741262 1.27797213 1.31733672 1.3364748  1.34743121
 1.35442505 1.35923871 1.3627378  1.36538831 1.36746148 1.36912517
 1.37048846 1.37162517 1.37258695 1.37341095 1.37412457 1.37474844
 1.37529839 1.37578673 1.37622321 1.37661564 1.37697032 1.37729243
 1.37758624]"
519,"[0.76427227 1.16241872 1.26548514 1.2948568  1.30723996 1.3138652
 1.31794605 1.32069836 1.3226749  1.3241609  1.32531772 1.32624328
 1.32700029 1.32763077 1.32816389 1.3286205  1.32901592 1.32936165
 1.32966648 1.32993725 1.33017935 1.33039709 1.33059398 1.33077286
 1.33093609]"
520,"[1.04900445 1.46686499 1.49151139 1.49632171 1.50155468 1.50626789
 1.51014129 1.51326242 1.51578753 1.51785391 1.51956731 1.52100646
 1.52222977 1.52328091 1.52419293 1.52499114 1.52569521 1.5263206
 1.52687963 1.5273822  1.52783635 1.5282487  1.5286247  1.52896893
 1.52928522]"
521,"[0.83991788 1.31844977 1.38863687 1.42347345 1.44572742 1.46039671
 1.47050902 1.47779775 1.48325683 1.48747775 1.49082828 1.49354662
 1.49579287 1.4976781  1.49928155 1.50066113 1.50186008 1.50291129
 1.50384019 1.50466675 1.50540685 1.50607326 1.50667638 1.50722476
 1.50772546]"
522,"[0.94963553 1.48357787 1.58393211 1.60808533 1.61494613 1.6166562
 1.61659712 1.61590397 1.61500419 1.61406911 1.61316817 1.61232764
 1.61155487 1.61084894 1.6102055  1.60961896 1.60908359 1.60859393
 1.60814503 1.60773244 1.60735226 1.60700103 1.60667573 1.60637373
 1.6060927 ]"
523,"[0.68994841 1.22140839 1.32580494 1.35733599 1.3707247  1.37787914
 1.38228235 1.38525286 1.38738818 1.38899576 1.39024915 1.39125357
 1.39207638 1.39276271 1.39334387 1.39384232 1.39427452 1.39465286
 1.39498681 1.39528376 1.39554952 1.39578877 1.39600528 1.39620215
 1.39638194]"
524,"[0.8529573  1.44142827 1.58827352 1.63039706 1.64662107 1.6541061
 1.65796834 1.66010946 1.66135122 1.66208935 1.66253046 1.66278941
 1.66293329 1.6630029  1.66302386 1.66301269 1.66298029 1.66293396
 1.66287869 1.6628179  1.66275396 1.66268853 1.66262275 1.66255744
 1.66249313]"
525,"[0.77092794 1.26415902 1.30322533 1.28249025 1.26499106 1.2544774
 1.24843328 1.24491699 1.24282548 1.2415579  1.24078197 1.24030829
 1.24002527 1.23986506 1.23978527 1.23975871 1.2397676  1.23980009
 1.23984815 1.23990628 1.2399707  1.24003876 1.2401086  1.24017895
 1.24024888]"
526,"[0.99178227 1.53392838 1.58656564 1.58623102 1.58302046 1.58051514
 1.57867669 1.57728885 1.57620463 1.57533262 1.57461472 1.57401246
 1.5734994  1.57305671 1.57267061 1.57233073 1.57202914 1.57175965
 1.57151733 1.57129825 1.57109918 1.57091749 1.57075098 1.57059782
 1.57045646]"
527,"[1.07616049 1.29135143 1.29284713 1.29159287 1.29332469 1.29532095
 1.2970201  1.29839143 1.29949506 1.30039256 1.30113248 1.30175089
 1.30227436 1.30272257 1.30311031 1.30344882 1.30374676 1.30401092
 1.30424667 1.30445832 1.30464935 1.30482261 1.30498045 1.30512483
 1.3052574 ]"
528,"[0.25781977 0.84217474 1.05796119 1.14899164 1.19714371 1.2264626
 1.24604547 1.25999824 1.27042128 1.27849304 1.28492311 1.29016316
 1.29451386 1.29818289 1.30131817 1.30402786 1.30639281 1.30847471
 1.31032135 1.31197039 1.31345185 1.31479001 1.31600465 1.31711209
 1.3181259 ]"
529,"[0.71632828 1.29281447 1.43093914 1.48006863 1.50236136 1.51428195
 1.5214177  1.52604906 1.52924184 1.5315476  1.53327515 1.53460859
 1.53566338 1.53651505 1.53721481 1.53779839 1.53829143 1.53871271
 1.53907628 1.53939283 1.53967063 1.53991616 1.54013455 1.54032993
 1.54050565]"
530,"[0.58068476 0.62693678 0.6002341  0.58424861 0.58637824 0.59589541
 0.60628823 0.61552451 0.62328295 0.62971858 0.63507121 0.63955925
 0.64335925 0.64660864 0.64941351 0.65185588 0.65399963 0.65589499
 0.65758184 0.65909216 0.66045182 0.66168198 0.66280006 0.66382053
 0.66475552]"
531,"[0.40931699 0.6513245  0.68521411 0.69436165 0.7026538  0.71017219
 0.71640298 0.72141629 0.72544497 0.72871273 0.73139698 0.73363101
 0.73551361 0.73711832 0.73850038 0.73970182 0.74075499 0.74168518
 0.74251232 0.74325236 0.74391816 0.7445202  0.7450671  0.74556604
 0.74602297]"
532,"[0.68811163 1.3617918  1.48078121 1.51804819 1.53367966 1.54149681
 1.54588779 1.54856423 1.55029693 1.55147156 1.55229724 1.55289478
 1.55333765 1.5536724  1.55392965 1.55413011 1.55428817 1.55441404
 1.55451513 1.5545969  1.55466343 1.55471784 1.55476249 1.55479924
 1.55482954]"
533,"[0.87601797 1.52191364 1.6522005  1.67935021 1.68526995 1.68566363
 1.68445229 1.68281897 1.6811576  1.6796002  1.6781842  1.67691175
 1.6757723  1.67475158 1.67383517 1.6730098  1.67226378 1.67158702
 1.67097084 1.67040784 1.66989169 1.66941696 1.66897902 1.66857384
 1.66819797]"
534,"[0.7640882  1.27853425 1.34545447 1.36859277 1.38186955 1.39040151
 1.39624355 1.40044813 1.40359811 1.40603589 1.40797318 1.40954683
 1.41084872 1.41194262 1.41287401 1.41367618 1.41437397 1.41498632
 1.41552787 1.41601012 1.41644224 1.4168316  1.41718421 1.417505
 1.41779807]"
535,"[0.68855427 1.35370002 1.49841115 1.5423432  1.56026459 1.56910413
 1.57404705 1.57706428 1.57902834 1.58037108 1.58132512 1.58202433
 1.58255004 1.58295379 1.58326954 1.5835203  1.58372213 1.58388649
 1.58402171 1.58413397 1.58422793 1.58430713 1.58437432 1.58443166
 1.58448085]"
536,"[0.60145822 1.29109454 1.44693781 1.4958984  1.51802119 1.53072049
 1.539076   1.54504084 1.54953234 1.55304442 1.5558694  1.55819253
 1.56013738 1.56178976 1.56321123 1.56444713 1.56553163 1.56649097
 1.56734565 1.56811193 1.56880284 1.569429   1.56999908 1.57052032
 1.57099871]"
537,"[1.10868849 1.47204549 1.52455686 1.53166277 1.53181088 1.53079294
 1.52968329 1.52869488 1.52785347 1.52714301 1.52654099 1.52602704
 1.52558454 1.52520031 1.52486399 1.52456741 1.52430408 1.52406882
 1.52385744 1.52366654 1.5234933  1.52333541 1.52319094 1.52305826
 1.52293599]"
538,"[0.54411649 1.24496423 1.37714967 1.4030751  1.40750194 1.40706325
 1.40553415 1.40388316 1.40236417 1.40102903 1.39987073 1.39886704
 1.39799424 1.39723113 1.39655986 1.39596577 1.39543688 1.39496341
 1.39453735 1.39415209 1.39380218 1.39348305 1.39319088 1.39292243
 1.39267498]"
539,"[0.65535679 1.18341767 1.21724684 1.20385447 1.19254358 1.18492874
 1.17971717 1.17599712 1.17323356 1.1711101  1.16943233 1.16807574
 1.16695753 1.16602072 1.16522495 1.1645409  1.16394678 1.16342607
 1.16296605 1.16255674 1.16219026 1.16186023 1.16156151 1.16128986
 1.16104177]"
540,"[0.89292322 1.38310337 1.47062876 1.48167636 1.47993563 1.47627925
 1.47278952 1.46982253 1.46736263 1.4653242  1.46362247 1.46218783
 1.46096597 1.45991512 1.45900314 1.45820508 1.45750143 1.45687675
 1.45631874 1.45581744 1.45536477 1.45495408 1.45457986 1.45423751
 1.45392318]"
541,"[0.97843279 1.41389324 1.47282494 1.48405154 1.48818296 1.49041112
 1.49184315 1.49284975 1.49359706 1.49417341 1.49463085 1.49500228
 1.49530954 1.49556771 1.49578752 1.49597681 1.49614146 1.49628591
 1.49641364 1.49652734 1.4966292  1.49672094 1.496804   1.49687954
 1.49694852]"
542,"[0.69328242 1.2040295  1.3621291  1.42454518 1.45537038 1.47304117
 1.48425635 1.49190902 1.49741871 1.5015521  1.50475514 1.50730299
 1.50937367 1.51108702 1.51252641 1.51375149 1.51480598 1.51572263
 1.51652639 1.5172366  1.51786848 1.51843414 1.51894334 1.51940403
 1.51982276]"
543,"[0.45551387 0.42120471 0.58441656 0.71541329 0.78977669 0.83539912
 0.86568049 0.88704074 0.9028276  0.91492782 0.92447521 0.93218791
 0.93854094 0.94386011 0.94837586 0.95225548 0.95562324 0.95857325
 0.96117805 0.96349442 0.96556741 0.9674332  0.9691212  0.9706555
 0.97205607]"
544,"[0.58927636 1.21153613 1.38459943 1.43984796 1.4639066  1.47672325
 1.48448209 1.48960427 1.49320284 1.49585173 1.49787345 1.49946166
 1.50073898 1.50178649 1.50265973 1.50339796 1.50402963 1.50457581
 1.50505246 1.50547183 1.5058435  1.50617503 1.5064725  1.50674084
 1.50698405]"
545,"[0.16332151 0.98877329 1.2077704  1.28296906 1.31552857 1.33239142
 1.3423268  1.34874737 1.35318723 1.35641811 1.35886385 1.36077403
 1.36230412 1.36355549 1.36459686 1.36547632 1.36622845 1.36687874
 1.36744637 1.367946   1.36838907 1.36878459 1.36913977 1.36946045
 1.36975138]"
546,"[0.15922159 1.12273536 1.33842928 1.40808196 1.43877724 1.45518582
 1.46514784 1.4717516  1.47641531 1.47986858 1.48252069 1.48461729
 1.48631401 1.48771389 1.48888769 1.48988552 1.49074384 1.49148972
 1.49214374 1.49272176 1.4932362  1.49369695 1.49411194 1.49448763
 1.49482932]"
547,"[0.81642358 1.15080088 1.31296952 1.39400956 1.43832871 1.46566984
 1.48406211 1.4972248  1.50708687 1.51474013 1.52084602 1.52582745
 1.52996693 1.53346011 1.53644664 1.5390288  1.54128317 1.54326822
 1.54502933 1.54660224 1.54801552 1.54929221 1.55045117 1.55150793
 1.55247539]"
548,"[0.80886215 1.31514907 1.40523414 1.42938481 1.43934456 1.44455671
 1.44769482 1.44976493 1.451221   1.45229497 1.45311658 1.4537636
 1.45428524 1.45471403 1.4550723  1.45537583 1.45563607 1.45586152
 1.45605863 1.45623235 1.45638656 1.45652432 1.45664811 1.45675993
 1.45686141]"
549,"[0.80294587 1.23902596 1.31851611 1.33833077 1.34663671 1.35129158
 1.35433089 1.35649708 1.35812954 1.35940832 1.36043914 1.36128871
 1.36200148 1.3626083  1.3631313  1.36358682 1.36398718 1.36434185
 1.36465827 1.36494231 1.36519871 1.36543133 1.36564333 1.36583734
 1.36601555]"
550,"[0.99931267 1.38032701 1.39018156 1.37448955 1.36305719 1.35584196
 1.35120955 1.3481103  1.34594923 1.34438617 1.34321964 1.34232551
 1.34162441 1.34106382 1.34060794 1.34023173 1.33991722 1.3396513
 1.33942415 1.33922838 1.33905825 1.33890934 1.33877811 1.33866177
 1.33855806]"
551,"[0.09099459 0.82125953 1.04526838 1.12112775 1.15578399 1.17515915
 1.18744344 1.19590516 1.20208183 1.2067868  1.21048929 1.21347856
 1.21594248 1.21800831 1.21976531 1.22127791 1.22259379 1.22374898
 1.22477125 1.22568227 1.22649928 1.22723612 1.22790404 1.22851228
 1.2290685 ]"
552,"[0.66843615 1.19030991 1.37971283 1.4509095  1.48560312 1.50561299
 1.51848234 1.52740091 1.53392362 1.53889122 1.5427954  1.54594175
 1.54852977 1.55069498 1.55253255 1.55411121 1.55548182 1.55668278
 1.55774362 1.55868742 1.55953247 1.56029345 1.56098228 1.56160871
 1.56218085]"
553,"[0.4339615  0.84758119 1.03054021 1.11932756 1.16865904 1.19939887
 1.22019968 1.23514158 1.24636509 1.25509083 1.26206205 1.26775571
 1.27249128 1.27649047 1.27991179 1.28287149 1.28545672 1.28773406
 1.28975525 1.29156107 1.29318411 1.29465072 1.29598241 1.29719695
 1.29830911]"
554,"[0.88674272 1.2119486  1.30205698 1.33771491 1.35709228 1.36922176
 1.37749674 1.38348783 1.38801906 1.3915627  1.39440815 1.39674225
 1.39869092 1.40034199 1.40175859 1.4029872  1.40406282 1.40501229
 1.40585652 1.40661206 1.40729217 1.40790758 1.40846709 1.40897798
 1.40944632]"
555,"[0.01707669 0.60531489 0.92110478 1.04649078 1.10639792 1.13983894
 1.16071473 1.17483097 1.18495228 1.19253749 1.19842074 1.20311031
 1.2069323  1.21010489 1.21277929 1.21506347 1.21703648 1.21875747
 1.22027158 1.22161381 1.22281174 1.22388735 1.22485839 1.22573937
 1.2265422 ]"
556,"[0.24059499 0.86775754 1.06607041 1.15366534 1.20135671 1.23089492
 1.25084074 1.26515889 1.27591308 1.28427553 1.29095855 1.29641876
 1.30096183 1.30479983 1.30808439 1.31092672 1.3134102  1.31559855
 1.31754128 1.31927744 1.32083825 1.32224894 1.32353012 1.32469883
 1.32576921]"
557,"[0.46017255 0.38161281 0.33383307 0.3607068  0.40910305 0.44645915
 0.47284911 0.49181717 0.5058977  0.51667853 0.52515729 0.53197881
 0.53757362 0.54223805 0.54618182 0.54955701 0.55247632 0.5550249
 0.55726821 0.55925729 0.56103255 0.56262632 0.5640648  0.56536942
 0.56655786]"
558,"[0.42305154 0.72594831 0.89090192 0.96273385 1.00194995 1.02650803
 1.04327843 1.05543551 1.06464193 1.07185025 1.07764436 1.08240161
 1.08637648 1.0897467  1.0926401  1.09515091 1.09735016 1.09929231
 1.10101987 1.1025665  1.10395914 1.10521968 1.10636603 1.10741302
 1.10837301]"
559,"[0.37006255 0.83709213 1.05922845 1.15504704 1.20624847 1.23760861
 1.25863899 1.27366772 1.28492068 1.29365161 1.30061768 1.30630205
 1.31102705 1.31501568 1.31842702 1.32137755 1.32395449 1.32622438
 1.32823889 1.33003874 1.33165644 1.33311826 1.33444566 1.33565635
 1.33676503]"
560,"[0.52710038 1.15719899 1.28420147 1.32703133 1.34781751 1.35994689
 1.36784656 1.37338088 1.37746498 1.38059841 1.38307614 1.38508316
 1.38674116 1.38813341 1.38931875 1.3903399  1.39122863 1.39200902
 1.39269968 1.3933152  1.39386715 1.39436489 1.394816   1.39522673
 1.39560225]"
561,"[0.27876172 1.15311815 1.33190773 1.3973842  1.42908415 1.4467572
 1.45768261 1.46497715 1.47013828 1.47395654 1.47688222 1.47918807
 1.48104781 1.4825768  1.48385435 1.48493664 1.48586449 1.48666823
 1.48737082 1.48798995 1.48853947 1.48903033 1.48947134 1.48986964
 1.49023108]"
562,"[0.78702452 1.20677921 1.27575682 1.29989043 1.3125448  1.32044926
 1.32588229 1.32985336 1.33288473 1.33527534 1.33720915 1.33880576
 1.3401463  1.34128779 1.34227151 1.34312803 1.34388052 1.34454685
 1.345141   1.34567409 1.34615507 1.34659123 1.34698855 1.347352
 1.34768572]"
563,"[0.98276488 1.49326691 1.51658631 1.49059991 1.47028582 1.456842
 1.44780761 1.4414799  1.43686217 1.43337014 1.43064934 1.42847599
 1.42670339 1.42523197 1.42399213 1.42293389 1.42202052 1.42122446
 1.42052467 1.41990482 1.41935205 1.41885609 1.41840865 1.41800299
 1.41763354]"
564,"[1.06026806 1.48213707 1.52759618 1.53293314 1.5390485  1.54508874
 1.55021121 1.55438045 1.55776165 1.56052743 1.56281746 1.56473762
 1.56636697 1.56776474 1.56897572 1.57003419 1.57096672 1.57179419
 1.57253316 1.57319694 1.57379634 1.5743402  1.57483583 1.57528934
 1.57570583]"
565,"[0.84159946 1.242316   1.30942932 1.31303302 1.30794157 1.30288786
 1.29891322 1.29588799 1.2935683  1.2917585  1.29031956 1.28915475
 1.28819638 1.28739638 1.28671995 1.28614148 1.28564177 1.28520622
 1.28482352 1.28448485 1.28418318 1.28391288 1.28366941 1.28344902
 1.28324864]"
566,"[0.46769392 0.54191492 0.59883798 0.6332919  0.65602224 0.67248566
 0.68491658 0.69454837 0.70217289 0.7083247  0.71337353 0.71758022
 0.72113234 0.72416733 0.72678767 0.72907105 0.7310773  0.7328531
 0.73443539 0.73585373 0.73713201 0.73828975 0.73934307 0.74030533
 0.74118774]"
567,"[0.90393274 1.59880128 1.7130702  1.73435251 1.7386011  1.73902534
 1.73852598 1.73785036 1.73720259 1.73663251 1.73614405 1.73572822
 1.73537363 1.73506974 1.73480761 1.73457996 1.73438092 1.73420575
 1.73405064 1.7339125  1.73378882 1.73367754 1.73357695 1.73348564
 1.73340242]"
568,"[0.21354217 0.82009546 1.03822703 1.13311647 1.18440276 1.21603503
 1.23733537 1.25259467 1.26403758 1.27292422 1.28001867 1.28580987
 1.29062466 1.29468953 1.29816623 1.30117329 1.30379951 1.30611268
 1.30816548 1.30999939 1.31164757 1.31313681 1.31448899 1.31572217
 1.31685136]"
569,"[0.85436564 1.46048493 1.58941062 1.62541602 1.63868762 1.6444907
 1.6473003  1.648739   1.64948913 1.64987007 1.65004373 1.6500974
 1.65008039 1.65002165 1.64993862 1.64984208 1.64973875 1.6496329
 1.6495272  1.64942332 1.6493223  1.64922473 1.64913094 1.64904105
 1.64895508]"
570,"[0.5426585  0.94926033 1.08590447 1.13460156 1.15982582 1.1754606
 1.18614844 1.1939244  1.19983564 1.20447973 1.20822347 1.21130465
 1.21388426 1.21607513 1.21795869 1.21959516 1.22103002 1.22229827
 1.22342726 1.22443867 1.22534993 1.22617518 1.22692602 1.22761206
 1.22824133]"
571,"[0.66795689 0.65444321 0.82673343 0.90920773 0.95492393 0.98365989
 1.00329242 1.01751693 1.02828054 1.03670125 1.04346473 1.04901406
 1.05364789 1.05757468 1.06094428 1.06386707 1.06642616 1.06868532
 1.07069424 1.07249223 1.07411081 1.0755755  1.07690722 1.07812328
 1.07923809]"
572,"[0.57834592 1.1645661  1.28587738 1.32862913 1.35009844 1.36295105
 1.37148788 1.37756228 1.38210178 1.38562108 1.38842841 1.39071942
 1.39262424 1.39423274 1.39560893 1.39679968 1.39784004 1.39875677
 1.39957065 1.40029804 1.40095203 1.40154317 1.4020801  1.40256995
 1.40301864]"
573,"[1.41693251 1.8737357  1.85634287 1.80079573 1.75740108 1.72599889
 1.70292944 1.68549504 1.67194923 1.66116485 1.6523976  1.64514193
 1.63904483 1.63385348 1.6293826  1.62549363 1.62208101 1.61906305
 1.61637556 1.61396745 1.61179758 1.60983248 1.60804461 1.60641114
 1.60491299]"
574,"[0.03864923 0.2906899  0.33807493 0.35030421 0.35679165 0.36114309
 0.36431337 0.36673123 0.36863556 0.37017331 0.37144031 0.37250183
 0.3734038  0.37417949 0.37485355 0.37544465 0.37596715 0.3764323
 0.37684903 0.37722449 0.37756452 0.37787388 0.37815655 0.37841582
 0.37865449]"
575,"[0.44161827 0.99521958 1.14910375 1.20589431 1.23407311 1.25067313
 1.26155862 1.2692305  1.27492295 1.27931215 1.28279864 1.28563441
 1.28798582 1.28996705 1.29165906 1.29312081 1.29439628 1.29551893
 1.29651465 1.29740381 1.29820263 1.29892422 1.29957926 1.30017654
 1.30072338]"
576,"[1.16809713 1.41811672 1.52149445 1.54162862 1.54389935 1.54205451
 1.53932819 1.53659933 1.53410755 1.5318983  1.52995662 1.52825107
 1.52674849 1.52541886 1.52423642 1.52317952 1.52223017 1.5213734
 1.52059674 1.51988976 1.51924371 1.5186512  1.51810596 1.51760264
 1.51713665]"
577,"[0.68750365 1.31661937 1.48385618 1.53424183 1.55549253 1.5666616
 1.57338947 1.57782639 1.58094611 1.58324655 1.58500612 1.58639163
 1.58750858 1.58842671 1.58919384 1.58984376 1.59040101 1.59088379
 1.59130588 1.5916779  1.59200814 1.59230318 1.5925683  1.59280778
 1.59302514]"
578,"[0.53764068 1.18740129 1.36263131 1.4212669  1.44700747 1.46062848
 1.46877041 1.47406576 1.47772848 1.48038328 1.48237943 1.48392529
 1.48515178 1.48614475 1.48696254 1.48764601 1.48822453 1.48871967
 1.48914762 1.48952071 1.48984851 1.49013853 1.49039673 1.49062792
 1.49083601]"
579,"[0.94782307 1.67393669 1.75158671 1.75049087 1.74144882 1.73316389
 1.72652549 1.72129334 1.71713247 1.71377338 1.71101862 1.70872596
 1.70679233 1.70514205 1.70371867 1.70247944 1.7013915  1.70042922
 1.69957235 1.69880471 1.69811325 1.69748728 1.69691803 1.6963982
 1.69592168]"
580,"[0. 0. 0. 0. 0. 0. 0. 0. 0. 0. 0. 0. 0. 0. 0. 0. 0. 0. 0. 0. 0. 0. 0. 0.
 0.]"
581,"[0.6667997  1.23864442 1.41836472 1.45067285 1.45047496 1.44326118
 1.43513281 1.42761238 1.42100863 1.41529301 1.41035252 1.40606592
 1.40232537 1.39904064 1.39613784 1.39355694 1.39124906 1.38917431
 1.3872999  1.38559876 1.38404834 1.38262978 1.38132715 1.38012699
 1.37901779]"
582,"[0.50231779 1.03099634 1.16741    1.21955007 1.24696842 1.26361814
 1.27468059 1.28251644 1.28833779 1.29282395 1.29638254 1.29927191
 1.30166329 1.30367442 1.30538883 1.30686737 1.30815538 1.30928732
 1.31028985 1.31118389 1.3119861  1.31270991 1.31336624 1.31396409
 1.31451093]"
583,"[1.10654085 1.38640857 1.38709158 1.38638084 1.38788079 1.38956957
 1.39101572 1.39219063 1.39314074 1.39391589 1.39455628 1.39509221
 1.39554622 1.39593513 1.39627162 1.39656538 1.39682392 1.3970531
 1.39725759 1.39744112 1.39760672 1.39775687 1.39789361 1.39801866
 1.39813343]"
584,"[0.79492546 1.43961109 1.49983916 1.51348426 1.51837637 1.52024069
 1.52087468 1.52096843 1.520817   1.52055618 1.5202516  1.51993586
 1.51962526 1.51932769 1.51904662 1.51878321 1.51853735 1.51830832
 1.51809509 1.51789652 1.51771146 1.5175388  1.51737748 1.51722655
 1.51708512]"
585,"[0.53598133 1.16269199 1.29467824 1.3414942  1.36400318 1.37696766
 1.3853377  1.39117252 1.39546768 1.39875989 1.40136304 1.40347266
 1.4052168  1.4066828  1.40793222 1.40900973 1.40994852 1.41077373
 1.41150479 1.41215695 1.41274231 1.41327064 1.41374988 1.41418657
 1.41458613]"
586,"[0.41984122 1.24644312 1.40630467 1.44234177 1.45281991 1.45633645
 1.45750475 1.45776805 1.45765767 1.4573921  1.45706799 1.4567299
 1.45639857 1.45608336 1.45578795 1.45551324 1.45525874 1.45502328
 1.45480545 1.45460379 1.45441685 1.4542433  1.45408188 1.45393149
 1.45379112]"
587,"[1.08137398 1.49326097 1.57830964 1.58666758 1.58220891 1.5759539
 1.57008205 1.56498289 1.56063473 1.55692924 1.55375439 1.55101407
 1.54863034 1.54654102 1.54469667 1.54305779 1.54159265 1.54027553
 1.53908545 1.53800512 1.53702022 1.53611877 1.53529069 1.53452746
 1.53382179]"
588,"[0.30123631 1.17556627 1.38171817 1.45471087 1.48959477 1.50951822
 1.52225925 1.53105714 1.53747603 1.54235625 1.54618697 1.54927124
 1.55180637 1.55392613 1.55572432 1.55726859 1.55860893 1.55978307
 1.56082002 1.56174239 1.56256814 1.56331163 1.56398456 1.56459648
 1.56515531]"
589,"[0.62005701 1.13585498 1.24423074 1.27849688 1.29562776 1.3061054
 1.31322852 1.31840112 1.32233295 1.32542454 1.32791999 1.32997691
 1.33170171 1.3331689  1.33443223 1.33553144 1.33649657 1.33735075
 1.33811208 1.33879491 1.33941079 1.33996911 1.34047758 1.34094259
 1.34136948]"
590,"[0.84282993 0.99010308 1.05789364 1.1010159  1.12696471 1.14340273
 1.15452379 1.16247317 1.16840792 1.17299375 1.17663652 1.17959614
 1.18204607 1.18410618 1.18586179 1.18737522 1.18869297 1.18985042
 1.19087498 1.19178814 1.19260706 1.19334553 1.1940148  1.19462412
 1.19518117]"
591,"[1.10628898 1.50409177 1.56294604 1.57160562 1.5736893  1.57438623
 1.57464268 1.57472029 1.5747156  1.57467108 1.57460746 1.57453551
 1.574461   1.57438707 1.57431539 1.57424683 1.57418177 1.57412031
 1.57406242 1.57400795 1.57395674 1.57390857 1.57386326 1.5738206
 1.5737804 ]"
592,"[1.19406122 1.51928605 1.57827513 1.59374778 1.59833524 1.59952113
 1.59951609 1.59907756 1.59849371 1.59788113 1.59728769 1.59673195
 1.59621956 1.59575043 1.59532199 1.59493079 1.5945732  1.59424573
 1.59394516 1.59366862 1.59341355 1.59317771 1.5929591  1.592756
 1.59256687]"
593,"[0.72671508 1.14874014 1.18852145 1.18553096 1.18167544 1.17938123
 1.17806854 1.17729368 1.17681881 1.17651833 1.17632353 1.17619519
 1.17610995 1.1760534  1.17601637 1.17599285 1.17597881 1.17597149
 1.17596898 1.17596992 1.17597332 1.1759785  1.17598492 1.17599222
 1.1760001 ]"
594,"[0.36331833 1.01390143 1.19172306 1.26077205 1.29605998 1.31719617
 1.3311904  1.34111083 1.3484986  1.35420842 1.35875096 1.36244952
 1.36551849 1.36810552 1.37031556 1.37222522 1.37389171 1.37535861
 1.37665968 1.3778215  1.37886525 1.37980804 1.38066382 1.3814441
 1.38215842]"
595,"[0.43310443 1.01381579 1.18745391 1.25299691 1.28594594 1.30550214
 1.31838006 1.32747745 1.33423638 1.3394515  1.34359541 1.34696629
 1.34976137 1.35211619 1.35412695 1.35586378 1.35737897 1.35871236
 1.35989475 1.3609504  1.36189861 1.36275499 1.36353224 1.36424083
 1.36488948]"
596,"[0.58533111 0.95885766 1.11961319 1.18564222 1.2202219  1.24126736
 1.25536391 1.26544529 1.273005   1.27888027 1.2835758  1.28741349
 1.29060819 1.29330864 1.29562111 1.29762345 1.29937404 1.30091749
 1.30228847 1.30351432 1.3046169  1.30561391 1.3065198  1.3073465
 1.30810396]"
597,"[0.07943328 0.17698658 0.21672167 0.23329676 0.24085436 0.24456324
 0.24646393 0.2474468  0.24793588 0.24814794 0.24820021 0.24815902
 0.24806322 0.2479362  0.24779231 0.2476405  0.24748636 0.24733339
 0.24718374 0.2470387  0.246899   0.246765   0.24663681 0.24651441
 0.24639764]"
598,"[0.7955202  1.10739112 1.09998292 1.10837802 1.11869719 1.12670835
 1.13269242 1.13724204 1.14079033 1.14362489 1.14593702 1.14785691
 1.14947548 1.15085794 1.1520521  1.15309376 1.15401026 1.15482278
 1.15554803 1.1561993  1.15678734 1.1573209  1.15780722 1.15825228
 1.15866112]"
599,"[0.57931691 1.23287885 1.41093477 1.46358668 1.48443199 1.49432542
 1.49960477 1.50265663 1.50452374 1.50571366 1.5064945  1.50701726
 1.50737144 1.50761236 1.50777543 1.50788398 1.50795377 1.50799568
 1.50801736 1.50802426 1.50802034 1.50800847 1.50799081 1.50796895
 1.50794408]"
600,"[0.84026102 1.52124065 1.61199878 1.62146245 1.61869459 1.61454696
 1.61095095 1.60812377 1.60594874 1.60427384 1.60297272 1.60195043
 1.60113764 1.60048395 1.59995251 1.59951615 1.59915455 1.5988524
 1.59859798 1.59838226 1.59819818 1.59804017 1.59790382 1.59778558
 1.59768258]"
601,"[0.4069546  1.23230942 1.37526127 1.40231    1.40704518 1.4068611
 1.40558936 1.40418767 1.40290078 1.40177703 1.40080927 1.39997667
 1.39925743 1.39863235 1.39808551 1.39760392 1.39717709 1.39679654
 1.39645535 1.39614787 1.39586946 1.39561626 1.39538504 1.39517312
 1.39497819]"
602,"[0.44636278 1.05070256 1.19443409 1.24374753 1.26670413 1.27960653
 1.28777366 1.29337431 1.29744038 1.30052043 1.30293127 1.30486797
 1.30645697 1.30778361 1.30890757 1.30987179 1.3107079  1.31143974
 1.3120856  1.31265975 1.31317346 1.31363578 1.31405401 1.31443418
 1.31478124]"
603,"[1.05353188 1.45695758 1.58191336 1.61358557 1.62361885 1.62734063
 1.62882174 1.62939708 1.62957476 1.6295698  1.62948038 1.62935372
 1.62921335 1.62907111 1.62893295 1.62880165 1.62867838 1.6285634
 1.62845651 1.6283573  1.62826523 1.62817975 1.62810031 1.62802639
 1.6279575 ]"
604,"[0.98484114 1.62105156 1.67660717 1.66162062 1.64201624 1.62540997
 1.61211892 1.60149284 1.59289583 1.58583814 1.57996056 1.5750009
 1.57076604 1.56711176 1.56392878 1.56113303 1.558659   1.55645493
 1.55447944 1.55269912 1.55108668 1.54961967 1.54827941 1.54705028
 1.54591911]"
605,"[0.95349112 1.32451516 1.39725077 1.41718952 1.42594068 1.43083721
 1.43395061 1.43609427 1.43765422 1.43883698 1.43976273 1.44050591
 1.44111501 1.4416229  1.44205259 1.44242066 1.44273936 1.44301792
 1.44326339 1.44348131 1.44367603 1.44385104 1.44400918 1.44415275
 1.44428368]"
606,"[0.56146739 1.18122817 1.36955446 1.44302559 1.47946619 1.5007804
 1.51465114 1.52435887 1.53151759 1.53700765 1.54134806 1.54486381
 1.54776845 1.55020793 1.55228531 1.55407537 1.5556337  1.55700244
 1.55821412 1.55929426 1.56026312 1.56113703 1.56192927 1.56265077
 1.56331057]"
607,"[0.92933265 1.3653078  1.40143358 1.39333733 1.38319934 1.37503063
 1.36873947 1.36385558 1.35999362 1.35688007 1.35432474 1.35219415
 1.35039294 1.34885164 1.34751866 1.34635503 1.34533076 1.3444225
 1.34361178 1.3428838  1.34222662 1.34163045 1.34108722 1.34059022
 1.34013382]"
608,"[0.00780684 0.55409576 0.74058178 0.80282073 0.83041975 0.84544291
 0.85478034 0.86111836 0.86569368 0.86914884 0.87184913 0.87401703
 0.8757956  0.87728096 0.87854003 0.87962081 0.88055865 0.88138013
 0.88210564 0.88275106 0.88332896 0.88384939 0.88432054 0.88474907
 0.88514052]"
609,"[0.99956249 1.32708677 1.37570116 1.39827414 1.41147979 1.42000314
 1.42590369 1.43020908 1.43347991 1.43604474 1.43810766 1.43980166
 1.44121688 1.44241649 1.44344601 1.44433905 1.44512095 1.44581116
 1.44642486 1.44697407 1.44746842 1.44791571 1.44832234 1.44869361
 1.44903393]"
610,"[0.99704318 1.38390141 1.33199404 1.26872218 1.23296531 1.21383064
 1.20312952 1.19675846 1.19273306 1.19005598 1.18819746 1.18686011
 1.18586841 1.18511409 1.18452775 1.18406342 1.18368969 1.18338459
 1.1831324  1.18292161 1.18274367 1.18259213 1.18246203 1.18234951
 1.18225157]"
611,"[0.7906891  1.26741526 1.38566078 1.43997658 1.47134388 1.49159683
 1.50567634 1.51600015 1.52388024 1.53008581 1.53509591 1.53922377
 1.54268248 1.54562189 1.54815037 1.5503482  1.55227608 1.55398074
 1.55549874 1.55685909 1.55808509 1.55919567 1.56020638 1.56113009
 1.56197755]"
612,"[0.84816154 1.30920888 1.44679189 1.49206687 1.51183343 1.52244582
 1.52894029 1.53327806 1.53636061 1.53865432 1.54042262 1.54182464
 1.54296185 1.54390176 1.54469096 1.54536256 1.54594074 1.5464435
 1.54688456 1.5472745  1.54762166 1.54793264 1.54821278 1.54846642
 1.54869711]"
613,"[0.95029775 1.32892614 1.43927284 1.46922095 1.48138894 1.48770841
 1.49150953 1.49402409 1.49580117 1.49711928 1.49813363 1.49893716
 1.49958868 1.50012718 1.50057944 1.50096447 1.5012961  1.50158464
 1.50183792 1.50206199 1.50226159 1.50244051 1.50260178 1.50274788
 1.50288085]"
614,"[0.57715588 1.1503981  1.45305815 1.56934447 1.62549037 1.65750234
 1.67791309 1.6919726  1.70221216 1.70998759 1.71608575 1.72099284
 1.72502473 1.72839521 1.73125398 1.73370888 1.73583956 1.73770607
 1.73935454 1.74082096 1.74213384 1.74331605 1.74438614 1.7453593
 1.74624811]"
615,"[0.58678164 1.15915916 1.29563631 1.34273538 1.36545971 1.37865598
 1.38723019 1.39323266 1.39766307 1.40106457 1.40375683 1.40593995
 1.40774543 1.40926318 1.41055675 1.41167228 1.41264409 1.41349822
 1.41425479 1.4149296  1.41553519 1.41608169 1.41657733 1.41702889
 1.41744199]"
616,"[0.7872743  1.2605504  1.35705871 1.37735154 1.38334086 1.38566132
 1.38673765 1.38730048 1.3876201  1.38781247 1.38793313 1.38801102
 1.38806223 1.38809618 1.38811867 1.38813336 1.38814264 1.38814813
 1.38815091 1.38815176 1.38815122 1.38814969 1.38814744 1.38814468
 1.38814157]"
617,"[0.56730649 1.26086169 1.38197735 1.40497546 1.41012283 1.41091897
 1.41047191 1.40967548 1.40882057 1.40800538 1.40726008 1.40658964
 1.40598987 1.40545358 1.40497318 1.40454152 1.40415228 1.40379999
 1.40347993 1.40318809 1.40292107 1.40267592 1.40245016 1.40224162
 1.40204847]"
618,"[1.00356484 1.23170381 1.33586309 1.39442837 1.42762261 1.44836974
 1.46241387 1.47250121 1.48007709 1.48596619 1.49067068 1.49451272
 1.49770807 1.50040641 1.50271476 1.5047116  1.50645575 1.50799214
 1.50935569 1.51057392 1.51166883 1.51265819 1.51355653 1.51437583
 1.51512605]"
619,"[1.27799379 1.32468359 1.41062923 1.46547184 1.49512142 1.51310059
 1.5250303  1.53347721 1.53975259 1.54458913 1.54842595 1.55154129
 1.5541196  1.55628775 1.55813578 1.55972932 1.56111727 1.56233681
 1.56341672 1.56437957 1.56524336 1.56602256 1.56672898 1.56737234
 1.56796069]"
620,"[0.66792427 0.67830622 0.76084352 0.7896907  0.80187136 0.80845181
 0.81257888 0.81541955 0.81750017 0.81909293 0.82035308 0.82137586
 0.82222311 0.82293676 0.82354628 0.82407305 0.82453292 0.82493794
 0.8252974  0.82561861 0.82590738 0.82616841 0.82640552 0.82662186
 0.82682005]"
621,"[0.22389331 0.86477121 1.06061697 1.14520536 1.19163298 1.2207165
 1.24054496 1.25488704 1.26572334 1.27418948 1.28098118 1.28654755
 1.29119101 1.29512245 1.29849328 1.301415   1.30397145 1.30622688
 1.30823136 1.31002446 1.31163786 1.31309723 1.31442358 1.31563426
 1.31674376]"
622,"[0.63747963 1.11004295 1.20589006 1.23374022 1.24648707 1.25381273
 1.2585858  1.26194949 1.26445064 1.26638461 1.26792527 1.26918185
 1.27022645 1.27110862 1.27186358 1.27251702 1.27308814 1.2735916
 1.27403875 1.27443855 1.27479814 1.2751233  1.27541876 1.2756884
 1.27593547]"
623,"[0.15220689 0.84415008 1.05913126 1.1509829  1.19997853 1.22993398
 1.24998033 1.26427483 1.27495565 1.28322652 1.28981373 1.29518023
 1.29963441 1.30338941 1.30659703 1.3093683  1.31178623 1.31391409
 1.31580096 1.31748545 1.31899837 1.32036461 1.32160445 1.32273461
 1.32376902]"
624,"[0.65793851 1.13035707 1.26891212 1.34273531 1.38665698 1.41477376
 1.4339843  1.4478186  1.45820406 1.46626256 1.47268454 1.47791547
 1.48225445 1.48590917 1.48902806 1.49171988 1.49406601 1.49612854
 1.49795561 1.49958513 1.50104732 1.50236654 1.5035627  1.50465216
 1.50564854]"
625,"[0.38669686 0.81257062 1.05328295 1.15186269 1.20122832 1.22979034
 1.24804927 1.26058428 1.26965725 1.27649618 1.28181851 1.28606859
 1.28953496 1.29241247 1.29483709 1.29690639 1.29869209 1.30024801
 1.30161532 1.30282595 1.30390511 1.30487289 1.30574554 1.30653631
 1.3072561 ]"
626,"[0.3531296  0.83150145 1.03676099 1.12824986 1.17783089 1.20840032
 1.22896967 1.24369526 1.2547318  1.26329902 1.27013602 1.27571544
 1.28035305 1.28426755 1.28761509 1.29051003 1.29303802 1.29526445
 1.29724008 1.29900491 1.30059089 1.30202385 1.30332485 1.30451129
 1.30559764]"
627,"[0.44146945 0.65484178 0.66865535 0.69839497 0.71575556 0.72542096
 0.73125276 0.73505122 0.73768086 0.73959042 0.74103053 0.74215019
 0.74304266 0.7437689  0.74437028 0.7448757  0.74530593 0.74567626
 0.74599813 0.74628031 0.74652958 0.7467513  0.74694971 0.74712827
 0.74728976]"
628,"[0.43834974 1.15640036 1.2961508  1.34171515 1.36330815 1.3757374
 1.38376982 1.3893723  1.39349637 1.39665616 1.39915305 1.4011751
 1.40284556 1.40424854 1.40544337 1.40647307 1.40736959 1.40815715
 1.40885445 1.40947613 1.41003386 1.410537   1.41099319 1.41140869
 1.41178872]"
629,"[0.88220195 1.47916846 1.60717166 1.63899729 1.64958413 1.65366101
 1.65529099 1.65587853 1.65598742 1.65586854 1.65564189 1.65536781
 1.65507756 1.65478752 1.65450617 1.6542377  1.65398389 1.65374521
 1.65352139 1.65331181 1.65311561 1.6529319  1.65275977 1.65259834
 1.65244677]"
630,"[0.9988361  1.09783077 1.16914377 1.18521601 1.19089089 1.19370289
 1.1954115  1.19658453 1.19745345 1.19813005 1.19867552 1.19912659
 1.19950694 1.19983262 1.20011503 1.20036249 1.20058126 1.20077615
 1.20095096 1.20110866 1.2012517  1.20138204 1.20150132 1.20161091
 1.20171195]"
631,"[0.839996   1.28170921 1.40635427 1.46663662 1.49890519 1.51836591
 1.53121295 1.54026924 1.54697232 1.55212234 1.55619705 1.55949809
 1.56222478 1.56451384 1.56646205 1.56813978 1.56959936 1.57088053
 1.57201394 1.57302364 1.57392876 1.57474468 1.57548392 1.57615677
 1.57677176]"
632,"[0.81781985 1.28460427 1.36451033 1.40046825 1.42377325 1.44008471
 1.45202638 1.46109274 1.46818615 1.47387566 1.47853447 1.48241612
 1.48569821 1.48850857 1.49094136 1.49306744 1.49494105 1.49660445
 1.49809098 1.49942734 1.5006351  1.50173192 1.50273238 1.50364861
 1.50449079]"
633,"[0.92408738 1.18917849 1.24747332 1.27164335 1.28509775 1.29374907
 1.29979798 1.30426928 1.30770974 1.31043904 1.31265689 1.31449461
 1.31604212 1.31736304 1.31850371 1.3194986  1.32037397 1.32115011
 1.32184297 1.32246526 1.32302723 1.32353724 1.32400217 1.32442773
 1.32481874]"
634,"[1.00766034 1.46146784 1.55398884 1.57886271 1.58918895 1.59460639
 1.59784841 1.59996153 1.60142514 1.60248636 1.6032839  1.60390082
 1.60438951 1.60478439 1.6051089  1.60537949 1.60560797 1.60580304
 1.60597123 1.60611749 1.60624567 1.60635881 1.60645929 1.60654905
 1.60662965]"
635,"[0.72573675 1.18603904 1.29780494 1.33847186 1.35849981 1.37023337
 1.37789547 1.38327822 1.38726221 1.39032806 1.39275951 1.39473461
 1.39637061 1.39774783 1.3989231  1.39993777 1.40082264 1.4016011
 1.40229125 1.4029073  1.40346057 1.4039602  1.40441361 1.40482695
 1.40520529]"
636,"[0.69304842 1.33425732 1.49260295 1.53553434 1.55017896 1.55597563
 1.55843322 1.55946024 1.55982123 1.55985626 1.55972861 1.55952108
 1.55927734 1.55902093 1.55876468 1.55851546 1.55827679 1.5580503
 1.55783651 1.55763532 1.55744628 1.55726875 1.55710204 1.55694541
 1.55679814]"
637,"[0.62251676 1.31472279 1.4226122  1.44158567 1.4458895  1.4466696
 1.44644009 1.44591921 1.4453403  1.4447826  1.44427119 1.44381108
 1.44339989 1.44303283 1.44270461 1.44241025 1.44214532 1.44190597
 1.4416889  1.4414913  1.44131078 1.44114529 1.4409931  1.4408527
 1.44072282]"
638,"[0.68383794 1.642922   1.74619941 1.7272301  1.69975206 1.67646258
 1.65795027 1.64325257 1.63143248 1.62177729 1.61377011 1.60703724
 1.60130556 1.59637245 1.59208523 1.58832702 1.58500708 1.58205399
 1.57941086 1.57703186 1.57487966 1.57292359 1.57113823 1.56950235
 1.56799804]"
639,"[0.78455241 1.1330043  1.22967262 1.26963606 1.29189576 1.30601541
 1.31572591 1.32279261 1.32815562 1.3323595  1.33574052 1.3385171
 1.34083704 1.34280382 1.34449197 1.34595653 1.34723898 1.34837117
 1.34937797 1.35027904 1.35109016 1.35182413 1.35249142 1.35310071
 1.35365923]"
640,"[0.66905348 1.28109144 1.41573822 1.46117681 1.48314656 1.49587078
 1.50408788 1.50979786 1.51398047 1.51716836 1.51967446 1.52169396
 1.52335461 1.52474337 1.52592139 1.52693288 1.52781056 1.52857917
 1.52925771 1.52986106 1.53040098 1.53088693 1.53132657 1.5317262
 1.53209102]"
641,"[0.89439901 1.36938382 1.46209535 1.48188419 1.48792641 1.49036953
 1.49156937 1.49224548 1.49266665 1.49294949 1.4931507  1.49330041
 1.49341587 1.49350752 1.493582   1.49364374 1.49369575 1.49374019
 1.49377861 1.49381216 1.49384174 1.49386802 1.49389152 1.49391268
 1.49393183]"
642,"[0.73409897 1.2462201  1.3490205  1.37022979 1.37561398 1.37718041
 1.37759953 1.37762392 1.37750549 1.37733871 1.37716143 1.37698907
 1.37682761 1.3766789  1.37654296 1.37641903 1.37630608 1.37620302
 1.37610881 1.37602248 1.37594317 1.37587014 1.37580269 1.37574026
 1.37568233]"
643,"[0.57525517 1.06188175 1.22018052 1.28754568 1.3232722  1.34508334
 1.3596908  1.37012479 1.37793689 1.38399886 1.38883648 1.39278498
 1.39606789 1.39883985 1.40121117 1.40326264 1.40505472 1.40663357
 1.40803505 1.4092874  1.41041319 1.41143064 1.41235466 1.41319754
 1.4139695 ]"
644,"[0.79673793 1.43648629 1.6386449  1.71961496 1.76075405 1.78504971
 1.80088735 1.81194904 1.82007628 1.82628243 1.83116733 1.83510707
 1.83834867 1.84106069 1.84336188 1.84533821 1.84705338 1.84855558
 1.84988188 1.85106128 1.85211676 1.85306676 1.85392627 1.85470757
 1.85542081]"
645,"[0.04557372 0.57251712 0.81954366 0.88788412 0.9175955  0.93395684
 0.94427715 0.95137494 0.95655522 0.9605029  0.96361148 0.96612305
 0.9681947  0.96993284 0.97141207 0.97268629 0.97379539 0.97476955
 0.975632   0.97640092 0.97709076 0.97771312 0.97827746 0.97879153
 0.97926176]"
646,"[0.7227637  1.38074685 1.43456534 1.43239269 1.42842998 1.42583316
 1.42424457 1.42325827 1.42262855 1.42221561 1.42193879 1.4217501
 1.42162007 1.42153001 1.42146774 1.42142511 1.42139658 1.42137827
 1.42136745 1.42136215 1.42136093 1.42136275 1.42136682 1.42137254
 1.42137948]"
647,"[0.6133713  1.27043959 1.36138789 1.37934141 1.38447803 1.38624615
 1.3868797  1.38707065 1.38707422 1.38699616 1.38688392 1.3867598
 1.38663459 1.38651343 1.38639864 1.3862911  1.38619094 1.38609792
 1.38601162 1.38593154 1.38585719 1.38578806 1.3857237  1.38566369
 1.38560763]"
648,"[1.01963048 1.46296391 1.53624526 1.56452387 1.58186007 1.59351322
 1.60175877 1.60784564 1.61249957 1.61616218 1.61911414 1.621541
 1.62356972 1.62528984 1.62676616 1.6280467  1.62916769 1.63015704
 1.63103652 1.63182338 1.63253146 1.63317196 1.6337541  1.63428548
 1.63477243]"
649,"[0.66013502 1.23242893 1.33282682 1.35781788 1.36694059 1.37120014
 1.37352254 1.37492841 1.37584565 1.37647863 1.37693489 1.37727538
 1.37753678 1.37774223 1.37790694 1.37804124 1.37815237 1.3782455
 1.37832442 1.37839198 1.37845032 1.37850111 1.37854564 1.37858493
 1.37861981]"
650,"[0.553154   1.16535977 1.30042324 1.36125344 1.39644886 1.41913307
 1.434866   1.44637801 1.45514967 1.46204734 1.46760953 1.47218764
 1.47602034 1.4792752  1.48207327 1.4845041  1.48663531 1.48851896
 1.49019571 1.49169781 1.49305113 1.49427671 1.49539179 1.49641064
 1.49734519]"
651,"[0.69782439 1.3447432  1.51594298 1.56531413 1.58543305 1.59570494
 1.60174001 1.60563485 1.60832201 1.61027056 1.61173891 1.61287974
 1.61378839 1.61452715 1.61513827 1.61565129 1.61608748 1.61646244
 1.61678793 1.61707288 1.61732427 1.61754757 1.61774713 1.61792647
 1.61808847]"
652,"[1.07928735 1.43041558 1.47373653 1.47650437 1.47475124 1.47289756
 1.47143589 1.47032591 1.46947648 1.46881455 1.46828852 1.46786273
 1.46751232 1.46721969 1.46697214 1.46676031 1.4665772  1.46641751
 1.46627711 1.46615278 1.46604197 1.46594262 1.46585309 1.465772
 1.46569824]"
653,"[0.80557785 1.18782564 1.30680035 1.35516486 1.38066049 1.39630912
 1.40686569 1.4144574  1.42017465 1.42463289 1.4282054  1.4311315
 1.43357161 1.43563724 1.43740825 1.43894335 1.44028665 1.44147193
 1.44252547 1.44346805 1.44431631 1.4450837  1.44578125 1.44641808
 1.44700177]"
654,"[0.62163631 1.30782031 1.49157099 1.55334303 1.57997936 1.59366955
 1.60159705 1.60659216 1.60994255 1.61230022 1.61402342 1.61532217
 1.61632613 1.61711891 1.61775635 1.61827696 1.61870795 1.61906902
 1.61937472 1.61963598 1.61986114 1.62005667 1.62022764 1.62037808
 1.6205112 ]"
655,"[1.07806343 1.29083687 1.30744647 1.32233755 1.33416356 1.34254387
 1.34855357 1.35300817 1.35641931 1.35910585 1.36127221 1.36305396
 1.36454401 1.36580789 1.36689307 1.36783469 1.36865929 1.36938732
 1.37003472 1.37061413 1.37113568 1.37160761 1.37203666 1.37242839
 1.37278747]"
656,"[0.24023919 0.67417093 0.72114052 0.71866008 0.71350661 0.70951056
 0.70661843 0.70450064 0.70290981 0.70168325 0.70071501 0.69993478
 0.69929476 0.69876156 0.69831136 0.69792675 0.69759474 0.69730552
 0.69705152 0.69682681 0.6966267  0.69644746 0.69628604 0.69613995
 0.69600715]"
657,"[0.91114107 1.35895546 1.43239473 1.4411669  1.44092602 1.43938164
 1.4378339  1.43650272 1.4353933  1.43447044 1.43369734 1.43304338
 1.43248459 1.43200251 1.43158286 1.43121459 1.43088901 1.43059923
 1.43033976 1.43010613 1.42989472 1.42970254 1.42952709 1.4293663
 1.42921842]"
658,"[1.29964892 1.57939331 1.54466669 1.50360523 1.47845704 1.4632104
 1.45344327 1.44681704 1.44209525 1.43859186 1.43590518 1.43378807
 1.43208168 1.43067997 1.42950984 1.42851945 1.42767111 1.42693683
 1.42629541 1.42573054 1.42522947 1.42478212 1.42438038 1.42401769
 1.42368868]"
659,"[0.56775369 0.68353861 0.80213158 0.89544724 0.9470552  0.97719618
 0.996312   1.00928389 1.01856301 1.02548072 1.03081079 1.03502892
 1.03844153 1.04125387 1.04360808 1.04560538 1.04731967 1.04880603
 1.05010631 1.05125285 1.05227098 1.05318081 1.05399853 1.05473726
 1.05540779]"
660,"[2.58555843e-11 1.02066052e-05 2.60684473e-04 8.39547398e-04
 1.43527675e-03 1.91849863e-03 2.28885651e-03 2.57238229e-03
 2.79278478e-03 2.96743103e-03 3.10844808e-03 3.22428409e-03
 3.32089991e-03 3.40257641e-03 3.47244603e-03 3.53284275e-03
 3.58553550e-03 3.63188609e-03 3.67295796e-03 3.70959263e-03
 3.74246386e-03 3.77211705e-03 3.79899811e-03 3.82347492e-03
 3.84585358e-03]"
661,"[0.98896454 1.32635085 1.36131036 1.36934275 1.37326289 1.37582792
 1.37770011 1.37914185 1.38029008 1.38122709 1.38200645 1.38266485
 1.38322836 1.38371608 1.38414227 1.38451786 1.38485132 1.38514934
 1.38541728 1.38565945 1.3858794  1.38608004 1.3862638  1.38643272
 1.38658853]"
662,"[0.44013772 1.0933442  1.21830057 1.25884515 1.27791029 1.28870351
 1.29555257 1.30024854 1.30365279 1.30622617 1.30823582 1.30984648
 1.31116496 1.31226338 1.3131921  1.31398729 1.31467561 1.3152771
 1.3158071  1.31627758 1.31669797 1.31707582 1.31741725 1.31772726
 1.31800998]"
663,"[0.00112637 0.34783957 0.57085339 0.6634795  0.71013196 0.73713574
 0.75441549 0.76630984 0.77495358 0.78150042 0.78662214 0.790734
 0.7941055  0.79691875 0.79930102 0.80134381 0.80311456 0.80466401
 0.80603108 0.80724608 0.80833299 0.80931099 0.81019566 0.8109997
 0.81173365]"
664,"[1.07141619 1.57805155 1.67114613 1.67477406 1.66631994 1.65730035
 1.64951904 1.64306504 1.63772615 1.63327574 1.6295269  1.62633482
 1.62358889 1.62120448 1.6191163  1.61727342 1.61563573 1.61417122
 1.61285412 1.61166348 1.61058206 1.60959563 1.60869227 1.60786199
 1.60709632]"
665,"[0.48379192 0.60186506 0.79191609 0.88095419 0.92775959 0.95611249
 0.97499541 0.98842653 0.998449   1.00620481 1.01237988 1.01741006
 1.02158517 1.0251052  1.02811249 1.03071107 1.0329787  1.03497462
 1.03674478 1.03832534 1.03974514 1.04102747 1.04219135 1.04325242
 1.04422371]"
666,"[0.86175756 1.36121369 1.45586584 1.49515127 1.51547552 1.52721781
 1.53461118 1.53958733 1.54311488 1.54572012 1.5477086  1.54926778
 1.55051798 1.55153949 1.55238764 1.55310164 1.55370997 1.55423375
 1.55468894 1.55508779 1.55543988 1.55575275 1.55603244 1.55628383
 1.55651092]"
667,"[0.53191852 1.26821554 1.44428798 1.50393376 1.53097492 1.54563775
 1.55458349 1.5605088  1.56467636 1.56774425 1.57008453 1.57192146
 1.57339738 1.57460649 1.57561339 1.57646372 1.57719056 1.57781842
 1.57836583 1.57884703 1.57927312 1.57965289 1.57999339 1.5803003
 1.58057829]"
668,"[0.56301034 1.3941198  1.5726302  1.60931754 1.61667998 1.61694406
 1.61540266 1.61351325 1.61170009 1.61007542 1.60865225 1.60741304
 1.60633305 1.60538816 1.60455724 1.60382248 1.60316915 1.6025851
 1.60206032 1.60158656 1.60115692 1.6007657  1.60040807 1.60007998
 1.59977797]"
669,"[0.65135722 1.21056781 1.36200727 1.4045485  1.42164166 1.43032912
 1.43545179 1.43878724 1.44111582 1.4428269  1.44413422 1.44516404
 1.4459954  1.44668015 1.44725366 1.44774081 1.44815965 1.44852352
 1.44884254 1.44912448 1.44937543 1.44960021 1.44980271 1.44998607
 1.45015288]"
670,"[0.84310639 1.39044595 1.52376462 1.56138724 1.57544367 1.58168455
 1.58475704 1.58636186 1.58722108 1.5876758  1.58790052 1.58799013
 1.58799874 1.58795839 1.5878886  1.58780157 1.58770502 1.5876039
 1.58750141 1.58739958 1.58729973 1.58720267 1.58710885 1.58701856
 1.58693188]"
671,"[1.02283725 1.49620682 1.57021008 1.58095643 1.58113963 1.57955057
 1.57794204 1.5766351  1.57563262 1.57487587 1.57430565 1.57387456
 1.57354711 1.57329723 1.57310589 1.57295907 1.57284642 1.5727602
 1.57269457 1.5726451  1.57260839 1.5725818  1.57256327 1.57255119
 1.57254429]"
672,"[0.82826699 1.4176139  1.57909256 1.6085763  1.61096816 1.60732512
 1.60259901 1.59807231 1.59404982 1.59055492 1.58753292 1.58491431
 1.58263406 1.58063661 1.57887602 1.57731476 1.57592224 1.57467349
 1.57354799 1.57252883 1.57160195 1.57075561 1.56997992 1.56926653
 1.56860834]"
673,"[0.51625925 1.02196412 1.26590272 1.35082027 1.39035446 1.41274227
 1.42704406 1.43693727 1.44417543 1.44969528 1.45404104 1.45754986
 1.46044145 1.46286502 1.4649254  1.46669834 1.46823994 1.46959262
 1.47078904 1.47185476 1.47281005 1.47367122 1.47445149 1.47516174
 1.47581099]"
674,"[0.75666557 0.98728334 1.11352244 1.16419068 1.19073071 1.20702591
 1.21804076 1.22598018 1.23197226 1.23665397 1.24041203 1.24349478
 1.24606897 1.24825066 1.25012315 1.25174772 1.25317051 1.25442686
 1.25554434 1.25654474 1.25744554 1.25826088 1.25900238 1.25967961
 1.26030059]"
675,"[0.44025024 1.0284768  1.19917176 1.28191526 1.32992006 1.36079731
 1.38216832 1.39777892 1.40965676 1.41898609 1.42650173 1.43268249
 1.43785312 1.44224144 1.44601178 1.44928564 1.45215472 1.45468951
 1.45694507 1.45896502 1.46078437 1.46243153 1.4639298  1.46529847
 1.46655362]"
676,"[0.78838155 1.3245651  1.45767647 1.50970063 1.53499217 1.54927362
 1.55821802 1.56425087 1.56855041 1.57174713 1.57420465 1.57614557
 1.57771288 1.5790022  1.58007964 1.58099224 1.58177428 1.58245133
 1.58304275 1.58356352 1.58402534 1.58443751 1.58480749 1.58514135
 1.58544404]"
677,"[0.1792928  0.82200982 1.04182877 1.13655418 1.18748003 1.21879903
 1.23985384 1.25492268 1.26621621 1.27498373 1.28198159 1.28769323
 1.29244156 1.29645019 1.29987877 1.30284426 1.30543423 1.30771555
 1.30974015 1.31154894 1.31317461 1.31464357 1.3159774  1.31719389
 1.31830784]"
678,"[0.85058162 1.25007658 1.41448253 1.47635876 1.50687252 1.52455771
 1.53593757 1.54380991 1.5495509  1.55390849 1.55732125 1.56006201
 1.56230885 1.56418261 1.56576803 1.56712621 1.56830226 1.56933017
 1.57023605 1.57104023 1.57175879 1.57240463 1.57298818 1.57351798
 1.57400109]"
679,"[1.00527739 1.46233033 1.55776069 1.58604027 1.59782761 1.60382908
 1.60729836 1.60948688 1.61095824 1.61199658 1.61275781 1.61333332
 1.61377957 1.61413303 1.61441809 1.61465157 1.61484542 1.61500827
 1.61514652 1.61526499 1.61536735 1.61545647 1.61553458 1.61560348
 1.6156646 ]"
680,"[0.84254492 1.41047426 1.50658877 1.54389178 1.56426325 1.57676556
 1.58507788 1.59094723 1.59528737 1.59861477 1.6012404  1.60336145
 1.60510849 1.60657109 1.60781265 1.60887919 1.6098049  1.61061568
 1.6113315  1.61196798 1.61253752 1.61305007 1.61351373 1.61393513
 1.61431976]"
681,"[0.48589869 1.03323096 1.19310751 1.25873587 1.29373126 1.3153498
 1.32998816 1.34053918 1.34849648 1.35470735 1.35968741 1.36376811
 1.36717203 1.3700541  1.37252542 1.37466772 1.37654244 1.37819666
 1.37966704 1.38098254 1.38216638 1.38323733 1.3842108  1.38509949
 1.38591399]"
682,"[1.11059715 1.33194446 1.37393005 1.39361917 1.40347964 1.40918871
 1.41287363 1.41544007 1.41732796 1.41877443 1.419918   1.42084482
 1.42161121 1.42225557 1.42280491 1.42327885 1.42369194 1.42405519
 1.42437713 1.42466444 1.42492242 1.42515536 1.42536673 1.4255594
 1.42573575]"
683,"[0.45718399 1.18654502 1.39756073 1.47130651 1.50492621 1.52336714
 1.53477607 1.54244092 1.54790551 1.55197917 1.55512289 1.5576168
 1.55964014 1.56131254 1.56271668 1.56391144 1.5649398  1.56583384
 1.56661797 1.56731107 1.56792797 1.56848045 1.56897802 1.56942842
 1.56983798]"
684,"[0.74194635 1.31644862 1.44853736 1.49128283 1.51082214 1.52163829
 1.5283625  1.5328834  1.53610017 1.5384895  1.54032502 1.54177385
 1.54294317 1.54390462 1.54470768 1.54538757 1.54596993 1.54647388
 1.54691391 1.54730121 1.54764454 1.54795083 1.54822568 1.54847359
 1.54869829]"
685,"[0.8947018  0.98746791 1.05368863 1.09228319 1.11571079 1.13090726
 1.14142489 1.14909214 1.15491253 1.15947422 1.16314205 1.16615343
 1.16866905 1.17080141 1.17263151 1.17421911 1.17560927 1.17683655
 1.17792791 1.17890469 1.17978401 1.18057972 1.1813032  1.18196382
 1.18256943]"
686,"[0.73901945 1.29827455 1.41360667 1.43756546 1.44502075 1.44822681
 1.44993868 1.4509937  1.45171005 1.45223036 1.45262706 1.45294059
 1.45319532 1.45340681 1.4535855  1.45373866 1.45387153 1.45398797
 1.45409091 1.45418261 1.45426485 1.45433905 1.45440635 1.45446767
 1.45452379]"
687,"[0.45631974 1.03304169 1.21267916 1.29966556 1.35019024 1.3826135
 1.4049536  1.42118777 1.43347693 1.4430832  1.45078821 1.45709973
 1.46236104 1.46681204 1.47062521 1.47392763 1.47681488 1.47936022
 1.48162071 1.48364142 1.48545843 1.48710096 1.48859289 1.48995398
 1.49120066]"
688,"[0.80690412 1.29994636 1.35424623 1.36535387 1.36939821 1.37138341
 1.37254115 1.37329421 1.37382175 1.37421148 1.37451105 1.3747485
 1.37494134 1.3751011  1.37523562 1.37535046 1.37544966 1.37553622
 1.37561241 1.37568    1.37574037 1.37579463 1.37584365 1.37588816
 1.37592876]"
689,"[0.88181544 1.54344683 1.6824537  1.71176862 1.71870445 1.71997804
 1.71962093 1.71879994 1.71789165 1.71702164 1.71622818 1.71551781
 1.71488575 1.71432367 1.71382278 1.71337491 1.71297289 1.71261054
 1.71228261 1.71198467 1.71171295 1.71146425 1.71123584 1.71102542
 1.71083098]"
690,"[0.21988957 0.83589492 1.05113279 1.14424493 1.19420514 1.22487249
 1.24545646 1.26016847 1.2711818  1.27972323 1.28653466 1.29208985
 1.29670495 1.30059875 1.30392731 1.30680486 1.30931692 1.31152872
 1.3134909  1.31524334 1.31681787 1.31824022 1.31953138 1.32070866
 1.32178647]"
691,"[0.16725767 0.83795232 1.05061882 1.14235731 1.19143312 1.22147888
 1.2416045  1.2559661  1.26670362 1.27502271 1.28165129 1.28705357
 1.29153898 1.29532143 1.29855336 1.30134629 1.30378363 1.30592899
 1.3078317  1.3095306  1.31105668 1.31243499 1.31368593 1.31482634
 1.31587023]"
692,"[0.76124069 1.34428678 1.48573285 1.53923853 1.56616917 1.58218915
 1.59276571 1.60025579 1.6058328  1.61014418 1.61357563 1.61637092
 1.61869158 1.62064881 1.62232163 1.62376775 1.62503027 1.62614202
 1.62712845 1.62800961 1.62880147 1.62951695 1.63016657 1.63075903
 1.63130154]"
693,"[0.89035838 1.22385932 1.27492778 1.28363922 1.2859726  1.28715056
 1.28805173 1.28883892 1.28954491 1.29017943 1.29074906 1.29126035
 1.29171981 1.29213358 1.29250726 1.29284578 1.29315346 1.29343402
 1.29369069 1.29392623 1.29414304 1.29434318 1.29452843 1.29470035
 1.29486028]"
694,"[0.70857217 0.84722536 1.02545147 1.1049118  1.14616551 1.17106368
 1.1876311  1.19941356 1.20820581 1.21500959 1.22042641 1.22483857
 1.22850031 1.23158712 1.23422395 1.23650209 1.23848981 1.24023912
 1.24179035 1.24317525 1.24441913 1.24554245 1.24656187 1.24749115
 1.24834171]"
695,"[1.01665344 1.21677288 1.16220618 1.13016542 1.1221497  1.12236879
 1.12485311 1.12774564 1.13049259 1.132951   1.13510919 1.13699521
 1.13864589 1.14009649 1.14137781 1.14251574 1.14353177 1.14444365
 1.14526604 1.14601112 1.14668902 1.14730825 1.14787597 1.14839824
 1.14888023]"
696,"[1.09705031 1.57389266 1.63977663 1.64048522 1.63433783 1.62863819
 1.62413824 1.62065751 1.6179402  1.6157837  1.61404234 1.61261307
 1.61142253 1.61041773 1.60955975 1.60881952 1.60817497 1.60760911
 1.60710866 1.60666312 1.60626407 1.60590473 1.60557954 1.60528392
 1.60501407]"
697,"[0.40447174 0.84354366 1.09403924 1.21437058 1.28237915 1.32532819
 1.35467683 1.3759159  1.39196249 1.4044965  1.41454894 1.42278573
 1.42965536 1.43547052 1.44045567 1.44477602 1.44855581 1.45189021
 1.45485336 1.45750384 1.45988855 1.46204547 1.4640057  1.46579491
 1.46743452]"
698,"[0.93639523 1.25062558 1.3790241  1.40100559 1.4020567  1.39880931
 1.39498991 1.39148041 1.38844603 1.38586374 1.38366785 1.38179139
 1.38017667 1.37877666 1.37755371 1.37647781 1.37552498 1.37467594
 1.3739151  1.37322972 1.37260937 1.37204538 1.37153055 1.37105882
 1.37062507]"
699,"[0.72858911 1.25939019 1.41900131 1.46794801 1.48720988 1.49622364
 1.50093503 1.50358312 1.50514417 1.50609157 1.50667405 1.5070307
 1.50724321 1.50736158 1.50741737 1.5074311  1.5074164  1.50738248
 1.50733568 1.50728041 1.50721975 1.50715592 1.50709045 1.50702445
 1.50695872]"
700,"[0.84086566 1.235399   1.32127217 1.35324286 1.36925348 1.37875268
 1.38501859 1.38945712 1.3927651  1.39532573 1.39736676 1.39903198
 1.40041657 1.40158606 1.40258705 1.40345356 1.40421101 1.40487882
 1.40547203 1.40600248 1.40647966 1.40691121 1.40730339 1.40766135
 1.40798939]"
701,"[0.77466242 0.93272624 1.06419053 1.12134013 1.15155105 1.16998201
 1.18232474 1.19114058 1.19774023 1.20286027 1.20694512 1.21027822
 1.21304863 1.21538714 1.21738706 1.21911672 1.22062725 1.22195772
 1.22313841 1.22419321 1.2251412  1.22599779 1.22677555 1.22748488
 1.22813442]"
702,"[0.63923204 1.23299189 1.34553612 1.37604988 1.38833679 1.39462718
 1.39835107 1.40077638 1.40246554 1.40370178 1.40464163 1.40537796
 1.40596906 1.40645319 1.40685643 1.40719713 1.40748856 1.4077405
 1.40796035 1.4081538  1.40832525 1.40847822 1.4086155  1.40873935
 1.40885165]"
703,"[0.65875494 1.20208099 1.33836594 1.39345772 1.42296242 1.44126208
 1.45369166 1.4626736  1.46946248 1.47477161 1.47903594 1.48253552
 1.48545873 1.48793686 1.49006419 1.49191019 1.49352713 1.49495509
 1.49622535 1.49736264 1.49838677 1.49931382 1.50015697 1.50092709
 1.50163328]"
704,"[1.09435237 1.46883855 1.54749047 1.57770602 1.59245425 1.60070204
 1.60579233 1.60917178 1.61154312 1.61328033 1.6145974  1.61562418
 1.61644335 1.61710965 1.61766062 1.61812272 1.61851508 1.61885183
 1.61914361 1.61939857 1.61962305 1.61982204 1.61999951 1.62015868
 1.62030215]"
705,"[0.19802309 0.92527885 1.09784019 1.14705715 1.16872823 1.18076824
 1.18840192 1.19366583 1.1975121  1.20044407 1.20275243 1.20461663
 1.20615341 1.20744193 1.20853777 1.20948108 1.21030162 1.21102185
 1.21165909 1.2122269  1.21273602 1.2131951  1.21361116 1.21398999
 1.21433635]"
706,"[0.60605538 1.14646871 1.27462988 1.33769252 1.3763579  1.40226705
 1.42070647 1.43444177 1.44504335 1.45346117 1.46030039 1.46596337
 1.47072741 1.47478954 1.47829343 1.48134624 1.48402944 1.4864061
 1.48852573 1.49042777 1.49214401 1.49370032 1.49511803 1.49641482
 1.4976055 ]"
707,"[1.10685451 1.2641962  1.21542742 1.19813629 1.19803342 1.20161702
 1.20544412 1.20880707 1.21163689 1.21400281 1.21599083 1.21767587
 1.21911773 1.22036306 1.22144803 1.22240088 1.22324381 1.22399445
 1.22466693 1.2252727  1.22582108 1.22631979 1.22677522 1.22719272
 1.22757682]"
708,"[0.41577045 0.99011711 1.19460106 1.25851177 1.28494031 1.2980432
 1.30538058 1.30985941 1.3127737  1.31476533 1.31618021 1.31721737
 1.31799757 1.31859731 1.31906689 1.3194404  1.31974159 1.31998739
 1.32019011 1.32035888 1.32050055 1.32062038 1.32072241 1.32080982
 1.32088512]"
709,"[0.54824613 1.23888818 1.4355996  1.48869539 1.50723342 1.5149782
 1.51856952 1.52032006 1.52117236 1.52155644 1.52168549 1.52167202
 1.52157833 1.52144017 1.5212786  1.52110624 1.52093073 1.5207567
 1.52058688 1.52042286 1.52026547 1.52011509 1.5199718  1.51983549
 1.51970594]"
710,"[0.955048   1.33538792 1.40145981 1.41623397 1.420898   1.42271874
 1.42352393 1.42390429 1.4240867  1.42416973 1.42420028 1.42420227
 1.42418853 1.42416624 1.42413951 1.42411077 1.42408146 1.42405241
 1.42402412 1.42399687 1.42397079 1.42394595 1.42392234 1.42389995
 1.42387872]"
711,"[0.79103476 1.33203712 1.43772169 1.47395246 1.49177307 1.50217306
 1.5088877  1.5135322  1.51691146 1.51946744 1.52146097 1.52305497
 1.52435593 1.52543617 1.52634634 1.52712292 1.52779278 1.52837614
 1.52888847 1.52934181 1.52974564 1.53010754 1.53043364 1.53072893
 1.53099753]"
712,"[1.0756067  1.33473033 1.31624024 1.32521077 1.33343887 1.33902432
 1.34289402 1.34569941 1.3478173  1.34946983 1.35079409 1.35187862
 1.3527829  1.35354835 1.35420462 1.35477349 1.35527133 1.35571065
 1.3561012  1.35645067 1.35676521 1.35704983 1.35730859 1.35754486
 1.35776146]"
713,"[6.70689570e-05 1.57542617e-01 4.03284422e-01 5.32346687e-01
 6.08308731e-01 6.56972371e-01 6.90198574e-01 7.14065136e-01
 7.31919745e-01 7.45722004e-01 7.56680779e-01 7.65576091e-01
 7.72930962e-01 7.79107821e-01 7.84365044e-01 7.88891406e-01
 7.92827827e-01 7.96281503e-01 7.99335351e-01 8.02054464e-01
 8.04490627e-01 8.06685534e-01 8.08673117e-01 8.10481261e-01
 8.12133092e-01]"
714,"[0.89290889 1.49362112 1.59601997 1.61548128 1.6184567  1.61747043
 1.6155394  1.61350899 1.61162351 1.60994081 1.60845849 1.60715603
 1.60600936 1.60499588 1.60409589 1.60329271 1.60257238 1.6019233
 1.6013358  1.60080178 1.60031445 1.5998681  1.59945786 1.59907961
 1.5987298 ]"
715,"[0.61869031 1.10275834 1.19467235 1.24288477 1.26965681 1.28590921
 1.29662603 1.30415804 1.30971492 1.3139715  1.31733034 1.32004509
 1.32228293 1.32415825 1.32575184 1.32712228 1.32831308 1.32935716
 1.33027993 1.33110126 1.33183692 1.3324996  1.3330996  1.33364539
 1.33414396]"
716,"[0.02587182 0.12151342 0.15507064 0.16789299 0.17414416 0.17765126
 0.17981368 0.18124505 0.18224659 0.18297909 0.18353438 0.18396785
 0.18431457 0.18459763 0.18483274 0.18503094 0.18520016 0.18534627
 0.18547364 0.18558564 0.18568487 0.18577339 0.18585284 0.18592455
 0.18598958]"
717,"[0.8771288  1.35203713 1.45823935 1.49653767 1.51551214 1.52668214
 1.53399024 1.53912378 1.54291849 1.54583314 1.54813965 1.55000898
 1.55155386 1.5528515  1.55395652 1.55490863 1.55573737 1.55646516
 1.5571093  1.55768339 1.55819822 1.55866249 1.55908328 1.5594664
 1.55981668]"
718,"[0.68973531 1.26080603 1.36277294 1.38562702 1.39331825 1.39672983
 1.39854288 1.39963216 1.40034595 1.4008445  1.40120999 1.40148822
 1.40170649 1.40188196 1.40202588 1.40214596 1.40224758 1.40233466
 1.40241007 1.40247599 1.40253409 1.40258568 1.40263178 1.40267323
 1.40271068]"
719,"[0.66435482 1.19843527 1.38720056 1.45024694 1.47802181 1.49275895
 1.50159459 1.50736085 1.51136414 1.51427707 1.51647596 1.51818552
 1.51954715 1.52065371 1.5215684  1.52233558 1.52298717 1.5235467
 1.52403183 1.52445607 1.5248299  1.52516157 1.52545766 1.52572346
 1.52596329]"
720,"[0.54791389 1.13347276 1.27636683 1.32093076 1.34112486 1.35238741
 1.3595102  1.36440361 1.36796653 1.37067423 1.37280058 1.37451415
 1.37592426 1.37710482 1.37810759 1.37896987 1.37971924 1.38037648
 1.38095759 1.38147508 1.38193883 1.38235681 1.38273547 1.38308011
 1.38339512]"
721,"[0.68142911 1.16066461 1.29312605 1.33764506 1.35865496 1.37064936
 1.37833769 1.38366082 1.38755397 1.39051999 1.3928522  1.39473266
 1.39628019 1.39757549 1.39867524 1.39962042 1.40044131 1.40116082
 1.40179657 1.40236232 1.40286901 1.40332538 1.40373857 1.4041144
 1.40445771]"
722,"[0.77528617 1.24587794 1.32871227 1.35955739 1.37597809 1.38617252
 1.39309959 1.39810404 1.4018846  1.40483933 1.40721118 1.40915661
 1.41078084 1.41215717 1.41333824 1.41436277 1.41525991 1.41605201
 1.41675646 1.41738705 1.4179548  1.41846865 1.41893592 1.41936268
 1.41975396]"
723,"[0.55072253 1.35884748 1.54076974 1.58858127 1.60488335 1.61142524
 1.61427289 1.61552223 1.61601606 1.61613222 1.61605412 1.61587609
 1.61564873 1.61539999 1.61514549 1.61489401 1.61465036 1.61441704
 1.61419519 1.61398515 1.61378677 1.61359967 1.61342328 1.61325699
 1.61310017]"
724,"[0.80343454 1.37914894 1.46759258 1.49463117 1.50907022 1.5183779
 1.52489006 1.5296858  1.53335311 1.53624151 1.53857141 1.54048818
 1.54209135 1.54345118 1.54461858 1.54563133 1.54651798 1.54730052
 1.54799615 1.54861848 1.54917846 1.54968495 1.55014524 1.55056533
 1.55095026]"
725,"[0.87460991 1.21882319 1.33390707 1.39169962 1.42340064 1.44281536
 1.45576446 1.4649603  1.47180482 1.47708671 1.4812807  1.48468846
 1.48751034 1.4898844  1.49190872 1.49365483 1.49517609 1.49651311
 1.49769729 1.49875332 1.49970086 1.50055575 1.5013309  1.50203695
 1.5026827 ]"
726,"[0.22297495 0.84068491 1.04874811 1.13741172 1.1854172  1.21516101
 1.23526673 1.24971147 1.26056634 1.26900945 1.27575774 1.28127134
 1.28585856 1.28973347 1.29304918 1.29591805 1.29842432 1.30063241
 1.30259235 1.30434362 1.30591776 1.30734028 1.30863204 1.30981021
 1.31088914]"
727,"[0.39107103 0.89979443 1.07928923 1.1624268  1.20879625 1.23795351
 1.2578461  1.27223211 1.28309716 1.29158192 1.29838562 1.30395965
 1.30860787 1.31254212 1.31591444 1.31883673 1.32139312 1.32364806
 1.32565175 1.32744386 1.32905613 1.33051428 1.33183937 1.33304876
 1.33415696]"
728,"[0.36016168 0.36262276 0.4244146  0.49531296 0.54182817 0.57143905
 0.59128746 0.6053197  0.61569061 0.6236352  0.6299001  0.63495896
 0.63912498 0.64261275 0.64557388 0.64811829 0.65032753 0.6522633
 0.65397315 0.65549423 0.65685603 0.65808222 0.65919202 0.6602012
 0.6611228 ]"
729,"[0.35699649 0.86198876 0.95206078 0.97813651 0.99022359 0.99724105
 1.00183076 1.00506459 1.00746373 1.00931283 1.0107806  1.01197334
 1.01296132 1.01379286 1.01450219 1.0151143  1.01564782 1.01611689
 1.0165325  1.01690326 1.01723603 1.01753635 1.01780874 1.0180569
 1.01828392]"
730,"[0.83554328 1.02160197 1.00655962 1.0056129  1.01261127 1.02011587
 1.02651646 1.03173441 1.0359766  1.03945759 1.04234956 1.04478256
 1.04685368 1.04863573 1.05018389 1.05154051 1.0527385  1.05380378
 1.05475699 1.05561476 1.05639062 1.05709567 1.05773912 1.05832865
 1.05887072]"
731,"[0.96756549 1.45949146 1.46777428 1.43879626 1.41608394 1.40011658
 1.38871474 1.38030774 1.37391159 1.36890994 1.3649062  1.36163699
 1.35892197 1.3566342  1.3546821  1.35299808 1.35153133 1.35024293
 1.34910264 1.34808661 1.34717579 1.34635482 1.34561116 1.34493446
 1.34431615]"
732,"[1.28861342 1.50596787 1.4672335  1.43268884 1.41045361 1.39543193
 1.38468232 1.37663042 1.37038185 1.36539544 1.36132576 1.35794236
 1.35508581 1.35264235 1.3505287  1.34868247 1.34705608 1.34561254
 1.34432274 1.34316339 1.3421157  1.34116431 1.34029654 1.33950185
 1.33877138]"
733,"[0.21558108 1.05684403 1.19883372 1.23140838 1.24393645 1.25089138
 1.25554863 1.25897023 1.26161821 1.26373763 1.26547564 1.26692788
 1.26815987 1.2692183  1.27013745 1.2709431  1.27165502 1.27228863
 1.27285616 1.27336741 1.27383033 1.27425146 1.2746362  1.27498906
 1.27531384]"
734,"[0.52471536 1.13532796 1.18086195 1.16198561 1.14142911 1.12495421
 1.11212476 1.10202304 1.09392295 1.0873086  1.08181769 1.07719276
 1.07324748 1.06984441 1.06688028 1.06427615 1.06197076 1.05991587
 1.05807303 1.05641122 1.05490515 1.05353402 1.05228055 1.05113027
 1.05007099]"
735,"[0.81355609 1.36103549 1.47156385 1.50880058 1.52453331 1.53230103
 1.5365948  1.53917082 1.54081333 1.54191052 1.54267062 1.5432127
 1.54360847 1.54390299 1.54412561 1.54429606 1.54442792 1.54453078
 1.54461153 1.54467521 1.54472558 1.54476545 1.54479698 1.54482184
 1.54484132]"
736,"[0.26600475 0.60823528 0.67394505 0.7036648  0.71951511 0.7289972
 0.73522369 0.73960248 0.74284208 0.74533296 0.74730659 0.74890836
 0.75023406 0.75134925 0.75230033 0.75312099 0.75383631 0.75446535
 0.75502281 0.75552025 0.75596688 0.75637008 0.75673591 0.75706933
 0.75737446]"
737,"[0.8453765  1.38587126 1.48064797 1.51036732 1.52375354 1.5309289
 1.53523073 1.53802277 1.53994516 1.54133046 1.54236542 1.54316163
 1.54378918 1.54429392 1.54470698 1.54505006 1.54533873 1.54558437
 1.5457955  1.5459786  1.54613864 1.54627954 1.54640439 1.54651567
 1.54661539]"
738,"[1.01887213 1.53383258 1.61965143 1.62871134 1.6254534  1.62038805
 1.6155817  1.61141228 1.60787128 1.60486807 1.60230723 1.60010691
 1.59820097 1.59653687 1.59507306 1.59377652 1.59262085 1.59158474
 1.59065088 1.58980508 1.58903562 1.58833272 1.5876882  1.58709515
 1.58654769]"
739,"[0.96115298 1.64184564 1.72096079 1.71781818 1.70684618 1.69739551
 1.69014452 1.68463103 1.68037807 1.67703313 1.67435106 1.6721621
 1.6703472  1.66882134 1.66752267 1.66640533 1.66543474 1.66458441
 1.66383373 1.66316649 1.66256974 1.66203303 1.66154789 1.66110731
 1.6607055 ]"
740,"[0.43388185 1.32314292 1.50684675 1.54926337 1.56078027 1.56389703
 1.56432949 1.56383777 1.5630408  1.56217406 1.56132949 1.56054126
 1.5598193  1.55916331 1.55856888 1.5580302  1.55754131 1.55709658
 1.55669093 1.55631987 1.55597946 1.55566627 1.55537733 1.55511004
 1.55486215]"
741,"[3.35078891e-04 4.66226694e-01 7.17164483e-01 8.02707980e-01
 8.41071410e-01 8.61639124e-01 8.74111020e-01 8.82362642e-01
 8.88180198e-01 8.92482265e-01 8.95783217e-01 8.98391142e-01
 9.00500841e-01 9.02241067e-01 9.03700112e-01 9.04940432e-01
 9.06007393e-01 9.06934707e-01 9.07747927e-01 9.08466766e-01
 9.09106664e-01 9.09679883e-01 9.10196282e-01 9.10663873e-01
 9.11089238e-01]"
742,"[0.68204119 1.15622509 1.29521996 1.33082808 1.34241362 1.34673642
 1.34842237 1.34902765 1.34915545 1.34906455 1.34887437 1.34864278
 1.3483987  1.34815666 1.34792381 1.34770342 1.34749667 1.34730365
 1.34712387 1.34695657 1.34680086 1.34665584 1.34652064 1.34639442
 1.34627643]"
743,"[0.24212584 1.17359899 1.43243947 1.51718645 1.55416066 1.57382651
 1.58574317 1.59363822 1.59921405 1.60334397 1.60651713 1.60902685
 1.61105892 1.61273631 1.61414349 1.61534028 1.61637019 1.61726559
 1.61805102 1.61874544 1.61936371 1.61991763 1.62041671 1.62086867
 1.62127984]"
744,"[0.71221782 1.45766672 1.58540628 1.6200351  1.63308906 1.63890179
 1.64175048 1.64321892 1.64398501 1.64437064 1.64454096 1.64458591
 1.64455673 1.64448368 1.64438516 1.64427255 1.644153   1.64403105
 1.64390956 1.64379033 1.64367444 1.64356255 1.64345498 1.64335188
 1.64325325]"
745,"[0.81498568 1.31748992 1.43490447 1.47665475 1.49666324 1.50801501
 1.51519169 1.5200825  1.52360354 1.52624646 1.52829621 1.52992826
 1.53125601 1.53235578 1.53328064 1.53406857 1.53474744 1.53533809
 1.53585644 1.53631484 1.536723   1.53708865 1.53741803 1.53771623
 1.53798744]"
746,"[0.82544346 1.27363977 1.39260899 1.4219892  1.43207892 1.4364162
 1.43857651 1.43976727 1.44047314 1.44091474 1.44120248 1.44139588
 1.44152896 1.44162215 1.44168819 1.44173533 1.44176904 1.44179306
 1.44180997 1.44182163 1.44182935 1.44183411 1.44183662 1.44183742
 1.44183693]"
747,"[0.54496857 1.15316262 1.12950961 1.09754557 1.08674129 1.08575669
 1.08810885 1.09132261 1.09454266 1.09749963 1.10013265 1.10245317
 1.1044948  1.106295   1.10788856 1.10930576 1.11057226 1.11170953
 1.1127355  1.11366514 1.11451096 1.11528353 1.11599173 1.11664312
 1.11724416]"
748,"[1.05294306 1.55687377 1.62186437 1.62105    1.6123144  1.60382447
 1.59672319 1.59093934 1.5862192  1.58232824 1.579082   1.57634113
 1.57400103 1.57198269 1.57022585 1.56868396 1.56732063 1.56610708
 1.5650203  1.56404168 1.56315605 1.56235089 1.56161582 1.56094217
 1.5603226 ]"
749,"[0.3578898  0.99623474 1.24523784 1.34110234 1.38836377 1.41555047
 1.432879   1.4447523  1.45333348 1.45979354 1.46481541 1.46882149
 1.47208581 1.47479328 1.4770728  1.47901683 1.48069327 1.48215306
 1.48343511 1.48456963 1.48558039 1.4864864  1.48730296 1.48804257
 1.48871553]"
750,"[0.55958756 1.02832213 1.02319457 0.99459142 0.97728665 0.96735088
 0.96135767 0.95752496 0.95494287 0.95312551 0.95179899 0.95080092
 0.95003055 0.94942293 0.94893468 0.948536   0.94820587 0.94792911
 0.94769455 0.94749383 0.94732055 0.9471698  0.94703771 0.94692122
 0.94681789]"
751,"[0.91271695 1.39688542 1.43692348 1.43537882 1.43236585 1.43038625
 1.42915079 1.42835574 1.42782274 1.42745157 1.42718443 1.42698669
 1.42683678 1.42672079 1.42662944 1.4265564  1.42649721 1.42644867
 1.42640844 1.4263748  1.42634643 1.42632232 1.42630169 1.42628393
 1.42626856]"
752,"[0.62144507 1.1656451  1.34392632 1.41452723 1.44837144 1.4672334
 1.47890916 1.48670346 1.49220837 1.49626898 1.49936896 1.50180229
 1.50375657 1.50535645 1.50668762 1.50781075 1.50876982 1.50959747
 1.51031836 1.51095144 1.51151149 1.51201021 1.51245696 1.51285931
 1.51322345]"
753,"[0.00924774 0.5541188  0.75734805 0.81981519 0.84088737 0.84807333
 0.85007497 0.85000625 0.84909795 0.84787282 0.84656286 0.84527233
 0.84404662 0.84290308 0.84184558 0.8408716  0.8399758  0.83915178
 0.838393   0.83769319 0.83704657 0.83644788 0.83589242 0.83537597
 0.83489481]"
754,"[0.26983163 0.74323368 0.91982526 0.99110092 1.02882952 1.05201436
 1.06765372 1.07889583 1.08735807 1.09395395 1.09923744 1.10356361
 1.10717034 1.11022288 1.11283959 1.1151074  1.11709163 1.11884224
 1.12039815 1.12179008 1.12304263 1.12417571 1.12520562 1.12614582
 1.12700755]"
755,"[0.88001004 1.36656157 1.42000349 1.43029035 1.43330079 1.43434277
 1.43470331 1.43479338 1.43476831 1.4346936  1.43459897 1.43449846
 1.43439885 1.43430331 1.43421321 1.43412901 1.43405068 1.43397796
 1.43391049 1.43384786 1.43378968 1.43373555 1.43368512 1.43363806
 1.43359408]"
756,"[1.32517681 1.49914549 1.54350177 1.55832141 1.56189399 1.56203827
 1.56111696 1.55990404 1.55867026 1.55751001 1.55645146 1.55549722
 1.55464039 1.55387103 1.55317888 1.5525544  1.5519891  1.55147559
 1.5510075  1.55057936 1.55018649 1.54982484 1.54949096 1.54918186
 1.54889494]"
757,"[0.41683665 0.43371409 0.528592   0.59113565 0.62961517 0.65482406
 0.67235142 0.68513586 0.6948231  0.70239178 0.7084547  0.71341274
 0.717538   0.72102113 0.72399932 0.72657371 0.72882034 0.73079747
 0.73255041 0.73411495 0.73551967 0.73678771 0.73793796 0.73898601
 0.73994481]"
758,"[0.19940513 0.85245539 1.03073585 1.08844557 1.11484847 1.12971874
 1.13920042 1.14575517 1.15055001 1.15420664 1.15708576 1.15941067
 1.16132683 1.16293305 1.16429871 1.16547396 1.16649596 1.16739278
 1.16818607 1.16889274 1.16952623 1.17009732 1.1706148  1.17108587
 1.17151649]"
759,"[0.84410502 1.45894479 1.5605039  1.58849535 1.59844764 1.60240543
 1.60400608 1.60457572 1.60466447 1.6045224  1.60427087 1.60397149
 1.60365638 1.60334241 1.60303835 1.60274848 1.60247462 1.60221719
 1.60197588 1.60174997 1.60153853 1.60134059 1.60115516 1.60098126
 1.60081802]"
760,"[0.39746784 0.95029106 1.14304197 1.2227523  1.26449523 1.28977175
 1.30660255 1.31857368 1.32750785 1.33442315 1.33993076 1.34441883
 1.34814538 1.35128842 1.35397465 1.35629666 1.35832365 1.36010838
 1.36169174 1.36310595 1.36437669 1.36552472 1.36656696 1.36751738
 1.36838759]"
761,"[0.93911432 1.32252024 1.28257213 1.26519411 1.26792064 1.27334104
 1.27807835 1.28183594 1.28479297 1.28714855 1.28905618 1.2906265
 1.29193863 1.29304971 1.29400168 1.29482585 1.29554595 1.29618028
 1.29674312 1.29724582 1.29769743 1.29810531 1.29847547 1.29881289
 1.2991217 ]"
762,"[0.41275895 0.72020692 0.87702555 0.94795633 0.98598732 1.00935134
 1.02507668 1.03635524 1.0448285  1.05142232 1.05669712 1.06101134
 1.06460474 1.06764357 1.07024674 1.07250148 1.07447324 1.07621207
 1.07775688 1.07913838 1.08038115 1.08150505 1.08252635 1.08345847
 1.08431259]"
763,"[0.59483561 1.23053051 1.38160106 1.43704814 1.46385039 1.47913522
 1.48884309 1.49548765 1.50029065 1.50390931 1.50672546 1.50897478
 1.51080999 1.51233408 1.51361889 1.51471591 1.51566301 1.51648861
 1.51721443 1.51785734 1.51843065 1.51894498 1.51940891 1.51982945
 1.52021235]"
764,"[0.73476032 1.29135938 1.42425276 1.47803077 1.50601103 1.5228998
 1.53411776 1.54207856 1.54800693 1.55258625 1.55622638 1.55918735
 1.56164183 1.5637088  1.56547284 1.56699569 1.56832344 1.56949118
 1.57052608 1.57144952 1.57227853 1.57302685 1.57370568 1.57432425
 1.57489022]"
765,"[0.57350006 0.94267658 1.28916006 1.43573374 1.51023317 1.55393206
 1.58222791 1.60188217 1.61625902 1.62719878 1.63578492 1.6426935
 1.64836672 1.65310526 1.65712032 1.66056439 1.66355021 1.66616286
 1.66846771 1.67051579 1.67234748 1.67399517 1.67548513 1.67683885
 1.67807413]"
766,"[0.79683729 1.28845706 1.38552558 1.41224818 1.42288527 1.42822447
 1.4313234  1.433306   1.43466531 1.43564655 1.43638355 1.4369548
 1.43740901 1.43777784 1.43808269 1.43833846 1.43855585 1.43874269
 1.43890487 1.43904686 1.43917214 1.43928344 1.43938293 1.43947237
 1.43955317]"
767,"[0.95807275 1.25395478 1.2638088  1.30180404 1.3417545  1.37117742
 1.39227832 1.40782557 1.41965725 1.42892557 1.43636574 1.44246213
 1.44754442 1.45184385 1.45552696 1.45871653 1.46150499 1.46396314
 1.46614614 1.46809756 1.46985228 1.4714385  1.47287933 1.47419383
 1.47539787]"
768,"[0.93329051 1.61656663 1.70824453 1.70434412 1.6907962  1.67907688
 1.67010398 1.66331733 1.65811689 1.65405512 1.6508203  1.64819705
 1.64603491 1.64422695 1.64269579 1.64138435 1.64024985 1.63925963
 1.63838847 1.63761656 1.63692818 1.63631072 1.63575395 1.63524946
 1.63479034]"
769,"[0.84032051 1.29880798 1.36887255 1.39409554 1.40707516 1.41488841
 1.42006398 1.42372598 1.42644515 1.4285399  1.43020095 1.43154912
 1.43266448 1.43360209 1.43440102 1.43508975 1.43568946 1.43621629
 1.4366827  1.43709847 1.4374714  1.43780776 1.43811265 1.43839029
 1.43864416]"
770,"[0.70635346 1.27697245 1.38531778 1.41296718 1.42379467 1.42919114
 1.43230921 1.43429735 1.4356568  1.43663593 1.43736995 1.43793793
 1.43838889 1.43875461 1.43905654 1.43930959 1.43952446 1.43970898
 1.43986901 1.44000902 1.44013247 1.44024207 1.44033999 1.44042796
 1.44050741]"
771,"[1.00106584 1.56860276 1.53065599 1.48120387 1.45055278 1.43114553
 1.41808556 1.40880673 1.40191936 1.39662523 1.39243944 1.38905275
 1.38625966 1.38391874 1.38192973 1.38021968 1.37873432 1.3774325
 1.37628247 1.37525933 1.37434334 1.37351861 1.37277223 1.37209361
 1.37147396]"
772,"[0.86621538 1.47814654 1.62973276 1.67133558 1.68590441 1.69221149
 1.69537416 1.69713125 1.69818225 1.6988463  1.69928368 1.69958109
 1.69978838 1.6999356  1.70004162 1.70011871 1.70017508 1.70021634
 1.70024643 1.70026816 1.70028357 1.70029417 1.70030106 1.7003051
 1.70030692]"
773,"[0.57055985 1.08867504 1.19164648 1.22595624 1.2432692  1.25374021
 1.26074121 1.26574071 1.26948343 1.27238698 1.27470326 1.27659299
 1.2781634  1.27948871 1.28062189 1.28160172 1.28245723 1.28321059
 1.28387902 1.28447605 1.28501252 1.28549718 1.28593717 1.28633838
 1.28670571]"
774,"[0.44622675 0.40043196 0.37505771 0.35661169 0.34302865 0.33289887
 0.32518952 0.31919079 0.31442343 0.31056152 0.30737967 0.30471883
 0.30246444 0.30053236 0.29885964 0.29739838 0.2961116  0.2949703
 0.29395151 0.29303677 0.2922111  0.29146225 0.29078009 0.29015617
 0.2895834 ]"
775,"[0.67350222 1.23450239 1.35599314 1.3919428  1.40765479 1.41625448
 1.42163149 1.42529634 1.42794873 1.42995477 1.43152384 1.43278405
 1.43381806 1.43468155 1.43541336 1.4360414  1.43658621 1.43706328
 1.43748448 1.43785906 1.43819434 1.43849619 1.43876937 1.43901776
 1.4392446 ]"
776,"[1.3358762  1.28705355 1.24213832 1.24188942 1.24658036 1.2511478
 1.25498241 1.25812588 1.26071017 1.26285629 1.26465949 1.26619205
 1.26750854 1.2686504  1.26964947 1.27053048 1.27131287 1.27201211
 1.27264064 1.27320857 1.27372418 1.27419433 1.27462474 1.27502021
 1.27538481]"
777,"[0.88580659 1.1354402  1.31966302 1.38814934 1.4194249  1.43659618
 1.44723461 1.45439234 1.45950232 1.46331616 1.46626241 1.46860174
 1.47050112 1.4720721  1.47339185 1.47451536 1.47548283 1.47632426
 1.4770625  1.47771525 1.47829639 1.47881699 1.47928595 1.47971053
 1.4800967 ]"
778,"[0.66498373 1.24975846 1.40838628 1.45755566 1.47873407 1.48997607
 1.49677388 1.5012608  1.5044138  1.5067357  1.50850874 1.50990233
 1.51102372 1.51194382 1.51271124 1.51336031 1.51391593 1.51439656
 1.51481617 1.51518549 1.51551291 1.51580507 1.5160673  1.51630392
 1.51651844]"
779,"[0.67185201 1.2186276  1.35566356 1.41234775 1.44228794 1.46052755
 1.4727189  1.48141017 1.48790537 1.49293667 1.49694531 1.50021233
 1.50292495 1.50521253 1.50716727 1.50885657 1.51033086 1.5116286
 1.5127796  1.51380736 1.5147306  1.51556447 1.5163213  1.51701129
 1.51764289]"
780,"[0.73126398 0.93839295 1.02238262 1.05298227 1.06878152 1.07843175
 1.08493146 1.0896025  1.09311896 1.09586045 1.09805695 1.09985582
 1.10135579 1.10262547 1.10371398 1.10465746 1.10548301 1.10621142
 1.10685884 1.10743806 1.10795929 1.10843083 1.10885944 1.10925073
 1.10960936]"
781,"[0.26745572 0.8331483  1.04679797 1.13931289 1.1894238  1.22042205
 1.2413467  1.25636526 1.26764404 1.27641311 1.28341995 1.28914372
 1.29390523 1.29792706 1.30136834 1.30434578 1.30694689 1.30923854
 1.31127268 1.31309027 1.31472407 1.31620053 1.3175413  1.31876422
 1.31988414]"
782,"[1.02895946 1.50705476 1.51423187 1.49791813 1.48786195 1.48208877
 1.47859163 1.47633624 1.47479989 1.47370485 1.47289477 1.47227681
 1.47179315 1.47140636 1.47109128 1.47083053 1.47061176 1.470426
 1.4702666  1.47012852 1.47000791 1.46990178 1.46980775 1.46972392
 1.46964879]"
783,"[0.06835134 0.91650662 1.04391439 1.08296077 1.10241847 1.11391194
 1.1214404  1.12673524 1.13065584 1.13367341 1.13606675 1.13801099
 1.13962148 1.14097728 1.14213432 1.1431333  1.14400452 1.14477101
 1.14545058 1.14605722 1.14660207 1.14709411 1.14754067 1.14794777
 1.14832042]"
784,"[0.26323626 0.98554189 1.31608239 1.44796519 1.51376858 1.5519944
 1.57658984 1.59359363 1.60598524 1.61538518 1.62274333 1.62865032
 1.63349133 1.6375276  1.64094218 1.64386699 1.64639937 1.64861265
 1.65056308 1.65229452 1.65384163 1.65523216 1.6564886  1.65762933
 1.65866956]"
785,"[0.8359741  1.38277129 1.47822095 1.50571414 1.51732349 1.52326224
 1.5266861  1.52883085 1.53025898 1.53125555 1.53197723 1.53251579
 1.53292779 1.53324962 1.53350553 1.53371216 1.53388125 1.53402124
 1.53413836 1.53423725 1.53432144 1.53439366 1.53445603 1.53451023
 1.5345576 ]"
786,"[0.46774343 1.20289231 1.33141515 1.36577992 1.37959525 1.38660958
 1.39071911 1.39336807 1.3951954  1.39652123 1.39752137 1.39829949
 1.39892022 1.39942575 1.39984466 1.40019696 1.40049703 1.40075543
 1.40098013 1.40117717 1.4013513  1.4015062  1.40164486 1.40176965
 1.40188254]"
787,"[1.04804987 1.29386073 1.29145733 1.27895587 1.27574992 1.27674863
 1.27903084 1.28151523 1.28384722 1.28593203 1.2877648  1.28936936
 1.29077605 1.29201398 1.29310869 1.29408178 1.29495125 1.29573202
 1.29643648 1.29707493 1.29765596 1.29818681 1.29867357 1.29912142
 1.29953475]"
788,"[1.04917994 1.24728915 1.33255263 1.38587839 1.41734605 1.43738702
 1.45108638 1.46098005 1.46843439 1.47424031 1.47888387 1.48267892
 1.48583654 1.48850366 1.49078556 1.49275956 1.4944837  1.49600236
 1.49735003 1.49855394 1.49963583 1.5006133  1.50150072 1.50230995
 1.50305085]"
789,"[0.90655982 1.41874832 1.49741797 1.51359422 1.52048713 1.52496748
 1.52833156 1.53099264 1.53315465 1.534944   1.53644712 1.53772589
 1.53882588 1.53978137 1.54061853 1.54135772 1.54201493 1.5426029
 1.54313191 1.54361031 1.54404496 1.54444155 1.54480484 1.54513881
 1.54544686]"
790,"[0.61350388 1.19396286 1.32454887 1.36698561 1.38648303 1.39740768
 1.40431922 1.40905951 1.412502   1.41511051 1.41715283 1.41879388
 1.42014057 1.42126511 1.42221798 1.42303551 1.42374449 1.42436512
 1.42491288 1.42539984 1.42583556 1.42622771 1.42658249 1.42690499
 1.4271994 ]"
791,"[0.7355701  1.2734807  1.39593778 1.43235323 1.44824671 1.45692539
 1.46234243 1.4660305  1.46869794 1.47071461 1.47229169 1.47355825
 1.47459747 1.47546536 1.47620096 1.4768323  1.47738005 1.47785974
 1.47828331 1.47866004 1.47899729 1.47930095 1.47957578 1.47982572
 1.48005399]"
792,"[0.48370068 1.15796441 1.35481095 1.42146724 1.45408357 1.47323717
 1.48576687 1.49457609 1.5010971  1.50611425 1.51009167 1.51332102
 1.51599454 1.51824397 1.52016257 1.52181816 1.52326127 1.52453027
 1.52565482 1.52665824 1.52755907 1.52837226 1.52910999 1.5297823
 1.53039751]"
793,"[0.06232041 0.74629688 0.97884811 1.05709828 1.09114207 1.10934539
 1.12050422 1.128      1.13336807 1.13739671 1.14052957 1.14303459
 1.14508287 1.14678867 1.14823112 1.14946678 1.15053709 1.15147314
 1.15229869 1.15303219 1.15368823 1.15427846 1.15481229 1.15529745
 1.1557403 ]"
794,"[1.00661884 1.52434293 1.52142002 1.4686045  1.42782599 1.399002
 1.37836444 1.36316676 1.35165007 1.342694   1.33556991 1.32979101
 1.32502322 1.32103136 1.317646   1.31474252 1.31222747 1.31002964
 1.30809387 1.30637688 1.30484425 1.30346833 1.30222665 1.30110077
 1.30007546]"
795,"[0.56852887 0.71430421 0.86069219 0.93780418 0.97994855 1.00598819
 1.02356087 1.0361831  1.04567452 1.05306511 1.0589797  1.06381861
 1.06784984 1.07125945 1.07418055 1.07671088 1.07892377 1.08087532
 1.08260917 1.08415977 1.08555467 1.08681617 1.08796251 1.08900876
 1.08996746]"
796,"[0.852843   1.30779672 1.38414156 1.40221236 1.40869949 1.41168952
 1.4132909  1.41423737 1.41483699 1.41523695 1.41551451 1.41571325
 1.41585919 1.4159686  1.41605204 1.41611659 1.41616713 1.4162071
 1.41623897 1.41626456 1.41628522 1.41630197 1.4163156  1.4163267
 1.41633576]"
797,"[0.71796418 1.16419486 1.30979064 1.37544826 1.41118338 1.43317513
 1.44791582 1.45842361 1.46626638 1.47233109 1.47715415 1.48107773
 1.4843298  1.48706782 1.48940388 1.49141989 1.49317701 1.49472185
 1.4960905  1.49731133 1.49840698 1.49939568 1.50029231 1.50110911
 1.50185626]"
798,"[1.07631518 1.4578915  1.4749858  1.44640406 1.42028651 1.4008176
 1.3865972  1.37605543 1.36806254 1.36186164 1.35694799 1.35298001
 1.34972176 1.34700673 1.34471492 1.34275814 1.34107041 1.33960157
 1.33831288 1.33717401 1.33616095 1.33525445 1.33443892 1.33370162
 1.33303203]"
799,"[0.96749783 0.81785938 0.87377308 0.93278353 0.96744758 0.98926077
 1.00407908 1.01475222 1.02278735 1.02904671 1.03405635 1.03815443
 1.04156779 1.04445408 1.04692618 1.04906698 1.05093872 1.05258898
 1.05405478 1.05536536 1.05654407 1.05760984 1.05857812 1.05946169
 1.06027119]"
800,"[0.42823311 1.02310447 1.21006249 1.27082412 1.2963555  1.30916536
 1.31642087 1.32090135 1.32385174 1.32589302 1.32736167 1.32845238
 1.3292839  1.3299319  1.33044644 1.33086162 1.33120136 1.3314828
 1.3317185  1.33191782 1.33208783 1.33223398 1.33236053 1.33247079
 1.33256745]"
801,"[0.68270935 1.0664713  1.22770436 1.30893672 1.35666934 1.38748299
 1.40879714 1.42433017 1.43611471 1.44534297 1.45275567 1.45883526
 1.46390855 1.46820439 1.47188756 1.47507961 1.47787211 1.48033527
 1.48252387 1.48448119 1.48624193 1.48783418 1.48928094 1.49060123
 1.49181089]"
802,"[0.34761183 1.10835077 1.32562078 1.3996662  1.43358608 1.45220835
 1.4636992  1.4713851  1.47683645 1.48087844 1.48398116 1.48642997
 1.48840708 1.4900338  1.49139372 1.49254621 1.49353446 1.49439061
 1.49513904 1.49579854 1.49638383 1.49690659 1.49737619 1.49780024
 1.49818497]"
803,"[0.71331866 1.22091083 1.39874471 1.45934675 1.48617582 1.50023456
 1.50849136 1.51375037 1.51730812 1.51982935 1.52168305 1.52308727
 1.52417762 1.52504203 1.52573956 1.52631108 1.52678563 1.52718429
 1.52752268 1.52781256 1.52806297 1.52828088 1.5284718  1.52864012
 1.52878934]"
804,"[0.41080837 0.82174622 1.02341428 1.11092499 1.1579824  1.18685014
 1.20619035 1.21998233 1.23028335 1.23825497 1.24459921 1.24976386
 1.25404734 1.25765585 1.26073628 1.26339597 1.26571517 1.26775502
 1.26956291 1.27117612 1.27262437 1.27393164 1.27511751 1.27619808
 1.27718675]"
805,"[0.41656468 0.97536578 1.18890061 1.25520401 1.28217359 1.29532731
 1.30258348 1.30695239 1.30975918 1.31165439 1.31298529 1.31394999
 1.31466768 1.31521333 1.31563586 1.31596823 1.31623323 1.31644701
 1.31662126 1.31676456 1.31688336 1.31698253 1.31706585 1.31713623
 1.31719597]"
806,"[1.23075337 1.69412606 1.73217959 1.71985587 1.70523439 1.69336985
 1.68415756 1.67696071 1.6712431  1.66661741 1.66281101 1.65963084
 1.65693803 1.65463086 1.6526335  1.65088841 1.64935128 1.64798746
 1.6467695  1.64567541 1.64468736 1.64379076 1.64297357 1.64222576
 1.64153889]"
807,"[1.02738846 1.42132599 1.43182435 1.41152183 1.39654688 1.38682696
 1.38037605 1.37590763 1.37268166 1.3702676  1.36840568 1.3669327
 1.36574223 1.36476247 1.36394349 1.36324968 1.36265501 1.36214008
 1.36169016 1.36129389 1.36094237 1.36062853 1.36034672 1.36009233
 1.35986159]"
808,"[0.80888408 1.28049121 1.36940832 1.41340581 1.43972227 1.45685334
 1.46876542 1.4774812  1.48411525 1.48932457 1.4935189  1.49696596
 1.49984762 1.50229153 1.50438983 1.5062106  1.50780525 1.50921326
 1.51046546 1.51158627 1.51259527 1.51350836 1.51433855 1.51509661
 1.51579154]"
809,"[0.92241138 1.10915688 1.05638154 1.01826699 1.00064649 0.99229367
 0.98803072 0.98570778 0.9843785  0.98359257 0.98311995 0.98283573
 0.98266864 0.98257624 0.98253238 0.98252046 0.98252969 0.98255292
 0.98258534 0.98262365 0.98266558 0.98270955 0.98275446 0.98279955
 0.98284427]"
810,"[0.19598236 0.86177477 1.05785477 1.1458967  1.19477863 1.22552661
 1.2465325  1.26174578 1.27325128 1.28224715 1.28946849 1.2953903
 1.3003327  1.30451907 1.30810989 1.31122337 1.31394848 1.31635342
 1.31849133 1.32040426 1.32212586 1.32368342 1.32509928 1.3263919
 1.32757668]"
811,"[0.44711998 0.60735348 0.7509755  0.82290799 0.86235211 0.88690024
 0.90356473 0.91558852 0.92466091 0.93174402 0.9374245  0.9420798
 0.94596351 0.94925219 0.95207249 0.95451757 0.95665748 0.95854589
 0.96022458 0.96172661 0.96307841 0.96430143 0.9654132  0.96642823
 0.96735861]"
812,"[0.76119259 0.97300375 1.10672838 1.17122674 1.20334774 1.22171886
 1.23340696 1.24143127 1.2472551  1.2516628  1.25510911 1.25787454
 1.26014098 1.26203124 1.26363115 1.26500241 1.26619048 1.26722959
 1.26814595 1.26896001 1.26968793 1.27034264 1.27093461 1.27147242
 1.27196316]"
813,"[0.9567901  1.61599176 1.69866072 1.69901722 1.6900218  1.68168059
 1.67508982 1.66999251 1.66601447 1.66285787 1.66030852 1.65821515
 1.65647025 1.6549963  1.65373646 1.65264834 1.65169978 1.65086603
 1.65012778 1.64946973 1.64887967 1.64834769 1.64786571 1.64742707
 1.64702622]"
814,"[0.93380135 1.51159293 1.563634   1.53726811 1.50594388 1.47980794
 1.45907002 1.44260089 1.42935037 1.41852374 1.40954431 1.40199438
 1.39556823 1.39003877 1.38523469 1.38102475 1.37730702 1.37400125
 1.37104348 1.36838219 1.36597542 1.3637887  1.36179346 1.35996583
 1.35828569]"
815,"[0.73390342 1.21721669 1.33625351 1.38072567 1.40315272 1.41650531
 1.42531965 1.43155883 1.4362021  1.43979008 1.4426448  1.44496969
 1.44689946 1.44852681 1.44991759 1.45111983 1.45216941 1.45309366
 1.45391374 1.45464633 1.4553047  1.45589959 1.45643975 1.45693241
 1.45738357]"
816,"[0.22080757 0.26287402 0.27670647 0.3443331  0.40404863 0.44440655
 0.47181787 0.49121675 0.50550996 0.51640862 0.52495855 0.53182606
 0.53745217 0.54213883 0.54609896 0.54948652 0.55241544 0.55497164
 0.55722109 0.5592152  0.56099464 0.56259192 0.56403339 0.56534056
 0.56653122]"
817,"[0.69193417 1.13228522 1.12374887 1.11886261 1.12177335 1.12545004
 1.12856259 1.13103872 1.13300345 1.13458149 1.13586863 1.1369346
 1.1378298  1.13859107 1.13924567 1.13981413 1.14031212 1.1407518
 1.14114272 1.14149247 1.14180717 1.14209179 1.14235041 1.14258642
 1.14280263]"
818,"[0.62361584 1.20529254 1.31606911 1.34321972 1.35363427 1.35906678
 1.36243365 1.36474151 1.36642882 1.3677189  1.36873837 1.36956477
 1.37024843 1.37082348 1.37131395 1.37173725 1.37210629 1.37243089
 1.37271861 1.3729754  1.373206   1.37341421 1.37360315 1.37377536
 1.37393298]"
819,"[1.10428934 1.31500653 1.32118943 1.33521624 1.3473749  1.35623011
 1.36266565 1.36747025 1.37116396 1.37407927 1.37643264 1.37836904
 1.37998848 1.38136183 1.38254057 1.38356292 1.38445778 1.38524741
 1.38594921 1.38657698 1.38714176 1.38765255 1.38811668 1.38854025
 1.38892833]"
820,"[0.47944306 1.11529672 1.27934332 1.3305423  1.35344107 1.36611204
 1.3740877  1.37954941 1.3835164  1.38652518 1.38888398 1.39078207
 1.39234197 1.39364641 1.39475321 1.39570404 1.39652961 1.3972531
 1.39789232 1.39846114 1.39897058 1.39942945 1.39984493 1.40022288
 1.40056816]"
821,"[0.88085816 1.49082043 1.57119029 1.5740639  1.56808542 1.56211875
 1.55723989 1.55336242 1.55026341 1.54775185 1.5456851  1.54395958
 1.5424999  1.54125057 1.54017009 1.53922699 1.538397   1.53766118
 1.53700454 1.53641507 1.53588305 1.53540053 1.53496097 1.5345589
 1.53418975]"
822,"[1.11180604 1.47322029 1.56053732 1.58052731 1.58410675 1.58366756
 1.58221879 1.58060369 1.57907252 1.57769191 1.57646815 1.57538833
 1.57443467 1.57358969 1.57283777 1.57216555 1.57156174 1.57101693
 1.57052319 1.5700739  1.56966348 1.56928722 1.56894111 1.56862173
 1.56832615]"
823,"[0.67224714 1.31199665 1.44495176 1.48346893 1.49857379 1.50581701
 1.50978552 1.51217061 1.51370392 1.51474121 1.51547145 1.5160022
 1.51639817 1.51670005 1.51693445 1.51711932 1.51726709 1.51738659
 1.51748421 1.51756469 1.51763154 1.51768748 1.51773456 1.51777442
 1.51780832]"
824,"[0.59894594 1.25152042 1.3541595  1.37905314 1.38877902 1.39377777
 1.39678713 1.39878858 1.40021291 1.40127715 1.40210205 1.40275994
 1.40329676 1.40374304 1.40411988 1.40444228 1.40472124 1.40496496
 1.40517973 1.40537041 1.40554083 1.40569405 1.40583256 1.40595838
 1.40607316]"
825,"[0.93822929 1.34142855 1.45207507 1.49148546 1.50976761 1.51982412
 1.52601357 1.53013459 1.53304164 1.53518479 1.53682055 1.53810438
 1.5391354  1.5399794  1.54068159 1.54127398 1.54177978 1.5422162
 1.54259626 1.54292996 1.54322512 1.54348789 1.54372323 1.54393513
 1.54412687]"
826,"[0.74694092 1.20266067 1.31238674 1.35170224 1.37055827 1.38132732
 1.38820115 1.39293501 1.39637882 1.39898963 1.40103341 1.40267478
 1.40402078 1.40514384 1.40609466 1.40690975 1.40761605 1.40823383
 1.40877866 1.40926268 1.40969547 1.41008473 1.41043668 1.41075642
 1.41104815]"
827,"[1.14679672e-07 1.99787566e-02 2.20949493e-01 3.67744159e-01
 4.48798047e-01 4.97987904e-01 5.30416114e-01 5.53168753e-01
 5.69908067e-01 5.82686943e-01 5.92733976e-01 6.00824550e-01
 6.07469887e-01 6.13019563e-01 6.17720114e-01 6.21750058e-01
 6.25241640e-01 6.28294800e-01 6.30986393e-01 6.33376448e-01
 6.35512502e-01 6.37432669e-01 6.39167852e-01 6.40743361e-01
 6.42180117e-01]"
828,"[0.71865755 1.41563268 1.55262678 1.59189552 1.60809847 1.61639429
 1.62125699 1.62438183 1.62652754 1.62807632 1.6292385  1.63013803
 1.6308521  1.63143095 1.63190854 1.63230856 1.63264798 1.63293925
 1.63319168 1.63341237 1.63360683 1.63377935 1.63393339 1.6340717
 1.63419653]"
829,"[0.20598599 0.92957806 1.18681288 1.29513913 1.35112638 1.38447196
 1.40632554 1.42164759 1.43293802 1.44157973 1.4483946  1.45389958
 1.45843511 1.46223401 1.46546064 1.46823417 1.47064306 1.47275427
 1.47461941 1.47627888 1.47776472 1.47910269 1.48031371 1.48141495
 1.48242062]"
830,"[0.59978246 0.9452282  1.12909682 1.1805627  1.20034146 1.2099921
 1.21548398 1.21895074 1.22130625 1.22299631 1.22426062 1.22523806
 1.22601402 1.2266436  1.22716379 1.22760026 1.22797135 1.22829047
 1.22856764 1.2288105  1.22902495 1.22921564 1.22938626 1.22953977
 1.2296786 ]"
831,"[0.76745961 1.68246519 1.81543275 1.82037034 1.80636886 1.79124613
 1.77805963 1.76703881 1.75787113 1.75019666 1.74371051 1.73817288
 1.73339878 1.72924564 1.72560281 1.72238366 1.71951961 1.71695585
 1.7146481  1.71256026 1.71066262 1.70893056 1.70734346 1.70588399
 1.70453744]"
832,"[0.7402399  1.42323183 1.52845382 1.5567659  1.56843107 1.57467964
 1.57860789 1.58133633 1.58335871 1.58492638 1.58618168 1.58721188
 1.58807386 1.58880644 1.58943717 1.58998617 1.59046852 1.59089577
 1.59127692 1.59161909 1.591928   1.5922083  1.59246381 1.59269768
 1.59291255]"
833,"[0.46161796 1.03213314 1.17433416 1.19567607 1.19574747 1.1921258
 1.18834247 1.18508148 1.18239077 1.18018481 1.17836608 1.17685212
 1.17557839 1.17449548 1.1735657  1.17276012 1.17205633 1.17143682
 1.17088775 1.17039806 1.16995885 1.16956286 1.16920414 1.16887775
 1.1685796 ]"
834,"[0.93984236 1.234111   1.35570675 1.3930302  1.40968435 1.41898899
 1.42492384 1.42904245 1.43207062 1.43439233 1.43622986 1.43772084
 1.43895516 1.43999402 1.44088054 1.44164601 1.4423137  1.44290123
 1.44342226 1.44388748 1.44430541 1.44468293 1.44502563 1.44533812
 1.44562423]"
835,"[0.44108407 1.13004937 1.25712475 1.30283789 1.32573127 1.33935471
 1.3483554  1.35473225 1.35948125 1.36315261 1.36607444 1.36845428
 1.37042971 1.37209547 1.37351892 1.37474924 1.37582316 1.37676868
 1.37760748 1.37835665 1.3790298  1.37963792 1.38019001 1.38069345
 1.38115439]"
836,"[2.97292451e-04 1.98370685e-01 3.47204770e-01 4.01349982e-01
 4.26137983e-01 4.39931585e-01 4.48658855e-01 4.54670420e-01
 4.59063335e-01 4.62414762e-01 4.65056622e-01 4.67193226e-01
 4.68957218e-01 4.70438480e-01 4.71700093e-01 4.72787641e-01
 4.73734893e-01 4.74567400e-01 4.75304855e-01 4.75962683e-01
 4.76553137e-01 4.77086078e-01 4.77569528e-01 4.78010084e-01
 4.78413217e-01]"
837,"[0.76604419 1.23983038 1.33538588 1.37118339 1.38955481 1.40069831
 1.40817488 1.41353884 1.41757506 1.42072242 1.42324552 1.42531337
 1.42703902 1.42850094 1.4297553  1.43084338 1.43179618 1.43263746
 1.43338571 1.43405556 1.43465872 1.43520467 1.43570118 1.43615468
 1.43657052]"
838,"[0.86154242 1.54509433 1.67480993 1.69969567 1.70322962 1.70170467
 1.69902624 1.69626892 1.69373282 1.69148199 1.68950637 1.68777481
 1.68625318 1.68491015 1.68371878 1.68265644 1.68170432 1.68084684
 1.68007105 1.67936613 1.67872304 1.67813416 1.67759305 1.67709422
 1.67663296]"
839,"[0.18513757 1.03961419 1.2213271  1.27458999 1.29811467 1.31109248
 1.31925505 1.32484451 1.32890525 1.33198623 1.33440257 1.33634777
 1.33794702 1.33928488 1.34042047 1.34139636 1.34224398 1.34298702
 1.3436437  1.34422823 1.34475186 1.34522364 1.3456509  1.34603965
 1.34639487]"
840,"[0.85416162 1.36800666 1.39460122 1.35410988 1.31518939 1.28464933
 1.26107881 1.24261729 1.22786638 1.21585204 1.20589769 1.19752599
 1.19039326 1.18424695 1.17889786 1.17420175 1.17004689 1.16634543
 1.16302747 1.16003666 1.15732712 1.15486114 1.15260743 1.1505398
 1.1486362 ]"
841,"[0.88117327 0.92411115 1.13967255 1.21203484 1.24238031 1.25812382
 1.2675341  1.27372592 1.27808628 1.28131409 1.28379603 1.28576207
 1.28735701 1.28867641 1.28978572 1.29073129 1.29154678 1.29225726
 1.29288175 1.29343495 1.29392839 1.29437125 1.29477092 1.29513343
 1.29546372]"
842,"[0.76811616 0.83234314 0.97644409 1.03966501 1.07186209 1.09102121
 1.10363498 1.11253471 1.11913611 1.12422099 1.12825466 1.13153066
 1.13424306 1.1365251  1.13847127 1.14015036 1.14161364 1.14290007
 1.1440398  1.1450565  1.14596904 1.14679259 1.14753956 1.14822012
 1.14884275]"
843,"[0.62039591 1.20555297 1.34159469 1.37797485 1.3928087  1.40054668
 1.40521635 1.40831322 1.41050626 1.41213567 1.41339144 1.41438751
 1.41519609 1.4158651  1.41642751 1.41690673 1.41731981 1.41767949
 1.41799542 1.41827509 1.41852437 1.41874793 1.41894955 1.41913228
 1.41929866]"
844,"[0.55842263 1.28000285 1.41106016 1.43764755 1.44198463 1.44071244
 1.43803961 1.43518662 1.4325185  1.43012778 1.42801659 1.42615866
 1.42452132 1.42307322 1.42178674 1.42063834 1.41960827 1.41868003
 1.41783985 1.41707618 1.41637933 1.41574112 1.41515462 1.4146139
 1.41411391]"
845,"[0.16150425 0.8734514  1.13230399 1.24968373 1.31300751 1.35181228
 1.37778211 1.39628918 1.41010655 1.42079736 1.42930512 1.4362311
 1.44197572 1.44681553 1.45094746 1.45451542 1.45762696 1.46036402
 1.46279009 1.46495513 1.46689899 1.46865381 1.4702458  1.47169657
 1.47302406]"
846,"[1.05576431 1.26199509 1.2678943  1.27550192 1.28173366 1.28592747
 1.28877631 1.29078874 1.29226691 1.29338991 1.29426758 1.29496994
 1.29554332 1.29601937 1.29642038 1.29676242 1.29705736 1.29731412
 1.29753954 1.29773894 1.29791651 1.2980756  1.29821891 1.29834866
 1.29846665]"
847,"[0.845754   1.29066814 1.40825003 1.45541396 1.48056583 1.49595263
 1.50622564 1.51352343 1.51895323 1.52314009 1.52646123 1.52915676
 1.53138633 1.53325997 1.53485585 1.53623099 1.53742787 1.53847882
 1.53940882 1.54023751 1.54098048 1.54165033 1.54225729 1.54280978
 1.54331479]"
848,"[1.22457554 1.60771155 1.57998771 1.52846235 1.49061697 1.46398519
 1.44473166 1.43033226 1.41922715 1.41043534 1.40331967 1.39745229
 1.39253697 1.38836293 1.38477651 1.38166327 1.37893639 1.37652886
 1.37438817 1.37247266 1.37074883 1.36918949 1.36777231 1.36647882
 1.36529358]"
849,"[0.68386402 1.353058   1.45432368 1.45763818 1.44641994 1.43529083
 1.42629037 1.41924989 1.41371986 1.40931449 1.40574781 1.40281451
 1.40036717 1.39829875 1.39653036 1.39500292 1.39367153 1.39250153
 1.39146582 1.39054294 1.38971569 1.38897017 1.38829499 1.38768077
 1.38711971]"
850,"[1.38846928 1.54543655 1.65377158 1.67192194 1.67229329 1.66923754
 1.66581365 1.66270992 1.66003917 1.65776928 1.6558384  1.65418646
 1.65276268 1.651526   1.65044369 1.64948972 1.64864331 1.64788774
 1.64720947 1.64659747 1.64604265 1.64553748 1.64507568 1.64465196
 1.64426185]"
851,"[0.09530415 0.90283102 1.09850307 1.1523062  1.17491656 1.1870292
 1.19450522 1.19955729 1.20319157 1.20592783 1.20806056 1.20976867
 1.21116698 1.21233245 1.21331857 1.21416366 1.21489588 1.21553637
 1.21610131 1.21660329 1.21705227 1.2174562  1.21782153 1.21815353
 1.21845656]"
852,"[0.47491895 0.86243513 0.96408901 1.01508255 1.04239542 1.0586831
 1.06932168 1.07675747 1.08222446 1.08640269 1.08969459 1.09235234
 1.09454146 1.0963749  1.09793223 1.09927106 1.10043409 1.10145365
 1.10235462 1.10315645 1.1038746  1.10452147 1.10510713 1.10563985
 1.10612647]"
853,"[0.8099647  0.99663665 1.13435753 1.17144856 1.18468014 1.19056987
 1.19361306 1.19535665 1.19643324 1.19713646 1.19761625 1.19795515
 1.19820133 1.19838433 1.198523   1.1986298  1.19871317 1.19877901
 1.19883153 1.19887377 1.19890799 1.19893587 1.1989587  1.19897747
 1.19899294]"
854,"[0.46562232 0.9005387  1.09880006 1.15665529 1.18035228 1.19278155
 1.20037924 1.20550057 1.20918911 1.21197456 1.21415388 1.21590639
 1.21734683 1.2185521  1.21957565 1.22045585 1.22122093 1.22189217
 1.22248587 1.22301477 1.22348896 1.22391652 1.22430402 1.22465685
 1.22497947]"
855,"[0.15205669 0.82810866 1.04231444 1.1336473  1.1825241  1.21254972
 1.23274001 1.24720077 1.25804812 1.26647678 1.27320985 1.27870966
 1.28328513 1.28715034 1.29045819 1.29332078 1.29582208 1.29802628
 1.29998323 1.30173222 1.30330469 1.30472602 1.30601697 1.30719467
 1.30827338]"
856,"[0.47416021 1.01225066 1.02688122 1.0020409  0.983691   0.97160746
 0.96339725 0.95755676 0.95322681 0.9499045  0.94728238 0.94516415
 0.94341946 0.94195879 0.94071877 0.93965341 0.93872856 0.93791834
 0.93720285 0.93656649 0.93599689 0.93548414 0.93502015 0.93459833
 0.9342132 ]"
857,"[0.5305815  0.72923528 0.78811148 0.83183366 0.86381495 0.88615252
 0.90215424 0.91404039 0.92316748 0.93037526 0.93620172 0.94100418
 0.94502804 0.94844685 0.95138657 0.95394069 0.95618002 0.9581591
 0.95992062 0.96149846 0.96291984 0.96420685 0.96537764 0.96644723
 0.96742817]"
858,"[0.85060151 1.32361117 1.47129671 1.51987596 1.54264794 1.55562778
 1.56394747 1.56971066 1.57392861 1.57714455 1.57967517 1.5817171
 1.58339866 1.58480705 1.58600353 1.58703239 1.58792643 1.58871042
 1.58940345 1.59002043 1.5905732  1.59107126 1.59152233 1.59193275
 1.59230777]"
859,"[0.9509946  1.32179458 1.39232891 1.41435282 1.42478306 1.43079035
 1.4346709  1.43737505 1.43936355 1.4408856  1.44208726 1.44305963
 1.44386239 1.44453621 1.44510977 1.44560384 1.44603385 1.44641147
 1.44674571 1.44704363 1.44731084 1.44755185 1.44777033 1.4479693
 1.44815124]"
860,"[0.6464765  1.02828969 1.09809672 1.12491977 1.13907842 1.14801379
 1.15423382 1.15883262 1.16237629 1.16519181 1.16748278 1.16938309
 1.17098457 1.17235238 1.17353402 1.17456496 1.17547221 1.1762767
 1.17699491 1.17763996 1.17822248 1.1787511  1.17923296 1.17967399
 1.18007915]"
861,"[1.08530862 1.21522875 1.20993098 1.20997412 1.21247768 1.21451532
 1.21596502 1.21699869 1.21775521 1.21832499 1.21876556 1.21911419
 1.21939561 1.21962673 1.21981941 1.21998213 1.22012114 1.22024109
 1.22034554 1.22043721 1.22051824 1.22059035 1.22065487 1.22071293
 1.22076542]"
862,"[1.01686401 1.44123205 1.46573208 1.44921481 1.43577021 1.42679425
 1.42072654 1.41645766 1.41333267 1.41096489 1.40911814 1.40764247
 1.40643908 1.40544066 1.4046     1.40388312 1.403265   1.40272686
 1.40225432 1.40183623 1.4014638  1.40113002 1.40082923 1.40055681
 1.40030897]"
863,"[0.04947131 0.92685219 1.08118346 1.123196   1.14311116 1.15488533
 1.16271661 1.16832075 1.17253718 1.17582791 1.17846923 1.18063693
 1.18244837 1.18398496 1.18530499 1.18645133 1.18745621 1.18834433
 1.18913495 1.18984331 1.19048162 1.1910598  1.19158596 1.19206684
 1.19250804]"
864,"[0.0026769  0.5772245  0.88835603 1.0164575  1.0800787  1.11604041
 1.13835233 1.15319213 1.16360374 1.17122234 1.17698896 1.18147638
 1.18504973 1.187951   1.19034592 1.19235131 1.19405148 1.19550869
 1.19676971 1.19787033 1.19883833 1.19969556 1.20045943 1.20114395
 1.20176053]"
865,"[1.35477609 1.84105561 1.83614853 1.78498564 1.74226512 1.71018221
 1.68600829 1.66740414 1.65275556 1.64097719 1.63133042 1.6233018
 1.61652618 1.61073812 1.60574075 1.60138536 1.59755775 1.59416893
 1.59114857 1.58844044 1.58599909 1.58378736 1.58177465 1.57993551
 1.57824861]"
866,"[0.46656373 1.01386511 1.10888025 1.13757519 1.15133661 1.15954519
 1.1650389  1.16898619 1.17196382 1.17429166 1.1761622  1.17769845
 1.17898282 1.18007265 1.18100906 1.18182234 1.18253529 1.18316541
 1.18372633 1.18422888 1.1846817  1.18509184 1.18546505 1.18580612
 1.18611902]"
867,"[0.76845384 1.23678946 1.30801464 1.31104587 1.30589416 1.30065208
 1.29632556 1.29286059 1.29007232 1.28779875 1.28591761 1.28433938
 1.28299848 1.28184631 1.28084637 1.2799708  1.27919803 1.27851115
 1.27789673 1.27734395 1.27684406 1.27638985 1.27597537 1.27559564
 1.2752465 ]"
868,"[0.88515547 1.33543361 1.46107612 1.50704057 1.52879782 1.54089416
 1.5483771  1.55336899 1.55689074 1.55948454 1.56146106 1.56300927
 1.56424989 1.56526314 1.5661042  1.5668121  1.56741515 1.56793434
 1.5683855  1.56878081 1.56912975 1.56943981 1.56971698 1.56996611
 1.57019114]"
869,"[0.32697797 1.10374048 1.3015547  1.36657019 1.39528744 1.41076473
 1.42024949 1.42659035 1.43110078 1.43446079 1.43705437 1.43911349
 1.44078596 1.44217015 1.44333395 1.44432564 1.44518045 1.44592467
 1.4465783  1.44715684 1.44767244 1.44813478 1.44855166 1.44892945
 1.44927337]"
870,"[1.02770868 1.39130378 1.44009872 1.45466303 1.46228432 1.46706965
 1.47035442 1.47274382 1.47455686 1.47597787 1.47712061 1.47805897
 1.47884293 1.47950751 1.4800779  1.48057272 1.48100599 1.48138849
 1.48172862 1.48203302 1.48230703 1.48255498 1.4827804  1.48298623
 1.48317491]"
871,"[0.2831918  0.8462694  1.05857273 1.12717236 1.15697593 1.1730243
 1.18292756 1.1896135  1.19441924 1.19803553 1.20085329 1.20310971
 1.20495682 1.20649643 1.20779925 1.20891589 1.20988355 1.21073011
 1.21147695 1.21214068 1.21273443 1.2132687  1.213752   1.21419128
 1.21459228]"
872,"[0.86962667 1.21608298 1.36115711 1.4268599  1.46175959 1.48309386
 1.49741631 1.50767494 1.51537666 1.52136816 1.52616059 1.53008033
 1.53334542 1.53610696 1.53847294 1.54052258 1.54231527 1.54389644
 1.54530141 1.54655805 1.54768867 1.5487113  1.54964071 1.55048907
 1.55126654]"
873,"[0.29387153 0.84884083 1.03523086 1.12001049 1.16670528 1.19580709
 1.21553175 1.22972486 1.240402   1.24871357 1.25536103 1.26079521
 1.26531845 1.26914087 1.27241284 1.27524476 1.27771947 1.27990031
 1.28183652 1.28356696 1.28512269 1.28652883 1.28780592 1.2889709
 1.29003789]"
874,"[1.02366619 1.39083137 1.33973115 1.28175967 1.24530012 1.22302067
 1.20897353 1.19974112 1.19342288 1.18893944 1.18565599 1.18318498
 1.1812812  1.17978431 1.17858634 1.17761265 1.17681038 1.17614132
 1.17557734 1.17509731 1.17468519 1.1743286  1.17401784 1.17374526
 1.17350475]"
875,"[0.8220778  1.29475624 1.44303545 1.50051564 1.52830882 1.54407306
 1.554031   1.5608148  1.56569922 1.5693671  1.5722136  1.57448175
 1.57632853 1.5778595  1.57914806 1.58024677 1.58119415 1.58201908
 1.58274358 1.58338474 1.58395602 1.58446814 1.58492975 1.58534792
 1.58572845]"
876,"[0.83141444 0.77787692 0.90404884 1.00556826 1.06026052 1.09328209
 1.11520614 1.13078138 1.14240502 1.15140764 1.15858443 1.16443904
 1.16930574 1.17341497 1.17693073 1.17997287 1.18263103 1.18497358
 1.18705356 1.18891277 1.19058458 1.19209596 1.19346895 1.19472171
 1.19586937]"
877,"[0.39367343 0.89380229 1.05975376 1.14461754 1.19334373 1.22419223
 1.2452461  1.26044735 1.27190343 1.28083012 1.28797343 1.29381464
 1.29867738 1.30278691 1.30630463 1.30934914 1.31200947 1.31435371
 1.31643484 1.31829464 1.31996652 1.32147752 1.32284973 1.32410139
 1.32524768]"
878,"[0.55291833 1.06183462 1.21256823 1.27732347 1.31218139 1.33372355
 1.34829271 1.35878223 1.36668739 1.37285515 1.37779999 1.38185201
 1.38523255 1.3880955  1.39055112 1.39268049 1.3945445  1.39618981
 1.39765275 1.39896204 1.40014065 1.40120721 1.40217696 1.40306252
 1.40387438]"
879,"[0.89333238 1.1884645  1.24906028 1.27893437 1.29474975 1.30417781
 1.31035079 1.31467827 1.31786936 1.32031492 1.32224652 1.32380955
 1.3250996  1.32618204 1.327103   1.32789594 1.32858571 1.32919116
 1.32972679 1.33020399 1.33063181 1.33101751 1.33136701 1.33168516
 1.331976  ]"
880,"[0.61540494 1.03634758 1.10963961 1.14116458 1.15899214 1.17027686
 1.17799583 1.18358472 1.1878088  1.19110937 1.1937574  1.19592792
 1.19773881 1.19927228 1.20058733 1.20172738 1.20272511 1.20360554
 1.20438817 1.20508841 1.20571859 1.20628873 1.20680699 1.20728014
 1.20771383]"
881,"[0.7599793  1.21417382 1.32915996 1.38277769 1.41383196 1.43410034
 1.44834417 1.45888302 1.46698535 1.47340265 1.4786077  1.4829124
 1.48653057 1.48961358 1.49227149 1.49458624 1.49662004 1.49842096
 1.50002672 1.50146735 1.502767   1.50394536 1.50501863 1.50600024
 1.50690143]"
882,"[0.76439116 1.39069696 1.49062929 1.51688447 1.53086127 1.5404827
 1.54762256 1.55311908 1.55746457 1.56097595 1.56386635 1.56628363
 1.5683331  1.57009148 1.57161588 1.57294954 1.57412581 1.57517075
 1.57610503 1.57694521 1.57770475 1.57839465 1.57902402 1.57960047
 1.58013036]"
883,"[0.73621063 1.1585598  1.31478769 1.37300087 1.39929938 1.41343238
 1.42199892 1.42764993 1.43161536 1.43453117 1.43675476 1.43850052
 1.43990404 1.44105482 1.44201412 1.44282515 1.44351922 1.44411949
 1.44464348 1.44510465 1.44551349 1.44587831 1.44620577 1.44650126
 1.44676919]"
884,"[0.76129134 1.18053155 1.22877708 1.24110743 1.24759354 1.25230196
 1.25605313 1.25912699 1.26168182 1.26382931 1.26565331 1.26721773
 1.26857175 1.26975352 1.27079287 1.27171337 1.27253381 1.27326934
 1.27393223 1.27453258 1.27507871 1.27557755 1.27603491 1.27645572
 1.27684413]"
885,"[0.61595082 1.16637894 1.30540652 1.35058155 1.37132671 1.38292555
 1.39024473 1.39525216 1.39888054 1.40162452 1.40376924 1.40549002
 1.4069003  1.40807659 1.40907231 1.40992584 1.41066545 1.41131242
 1.41188306 1.41239007 1.41284349 1.41325136 1.4136202  1.41395534
 1.41426119]"
886,"[0.82628851 1.30249213 1.45733123 1.5108623  1.53644302 1.55128298
 1.56096631 1.56778814 1.57285743 1.5767748  1.579894   1.58243705
 1.58455044 1.58633478 1.58786149 1.58918269 1.59033729 1.59135497
 1.59225874 1.59306673 1.5937934  1.59445044 1.59504741 1.5955922
 1.59609135]"
887,"[0.78937916 1.16357835 1.291151   1.35572026 1.39261808 1.41588864
 1.4317241  1.44313132 1.45171205 1.45838781 1.46372273 1.46808015
 1.47170395 1.47476367 1.47738065 1.47964394 1.48162032 1.48336084
 1.48490515 1.48628453 1.48752396 1.48864364 1.48966007 1.49058686
 1.49143534]"
888,"[0.3445606  0.90662653 1.17834735 1.28962353 1.3467028  1.38055198
 1.40266391 1.41812619 1.4294945  1.43817906 1.4450162  1.450531
 1.45506864 1.45886484 1.46208576 1.46485174 1.46725198 1.46935394
 1.47120957 1.47285948 1.47433585 1.47566453 1.47686652 1.477959
 1.47895621]"
889,"[0.46676073 0.7304879  0.99578465 1.12269076 1.18937701 1.22916748
 1.25523244 1.2735006  1.28696343 1.29727314 1.30540972 1.31198858
 1.31741446 1.32196396 1.32583226 1.32916086 1.3320548  1.33459363
 1.33683868 1.33883796 1.3406296  1.34224426 1.34370685 1.34503783
 1.34625417]"
890,"[1.0609816  1.70303775 1.75814163 1.7283542  1.69413098 1.66591338
 1.64363845 1.62598224 1.61177947 1.60016645 1.59052309 1.58240301
 1.5754806  1.56951447 1.56432264 1.55976579 1.55573562 1.55214686
 1.54893147 1.54603459 1.54341152 1.54102547 1.53884594 1.53684738
 1.53500829]"
891,"[0.82133661 1.24627278 1.35715935 1.39972165 1.42162282 1.43488031
 1.44374409 1.45007882 1.45482762 1.4585177  1.46146646 1.46387623
 1.46588202 1.4675773  1.46902884 1.47028557 1.47138416 1.47235264
 1.4732128  1.47398182 1.47467344 1.47529877 1.47586689 1.4763853
 1.47686024]"
892,"[1.09414696e-05 1.58591921e-01 4.00591865e-01 4.94214499e-01
 5.37234379e-01 5.60476029e-01 5.74588848e-01 5.83914053e-01
 5.90473024e-01 5.95310347e-01 5.99012026e-01 6.01929086e-01
 6.04283287e-01 6.06220993e-01 6.07842409e-01 6.09218289e-01
 6.10399933e-01 6.11425392e-01 6.12323463e-01 6.13116318e-01
 6.13821298e-01 6.14452156e-01 6.15019929e-01 6.15533579e-01
 6.16000454e-01]"
893,"[0.50430671 0.619558   0.64913337 0.6840261  0.70303149 0.71434838
 0.72177893 0.72701698 0.73090472 0.7339038  0.73628744 0.73822739
 0.73983701 0.74119405 0.74235368 0.74335605 0.74423113 0.74500174
 0.74568554 0.74629641 0.74684544 0.74734157 0.7477921  0.74820303
 0.74857937]"
894,"[0.08062901 0.59097569 0.76773459 0.8386989  0.8765045  0.8998461
 0.91563597 0.92700552 0.93557243 0.94225405 0.94760825 0.95199329
 0.95564954 0.95874419 0.96139703 0.96369613 0.96570767 0.9674823
 0.96905947 0.97047035 0.97173988 0.97288824 0.97393199 0.97488476
 0.97575795]"
895,"[0.23345281 0.81917225 1.02556062 1.11472517 1.16306626 1.19300255
 1.21322877 1.22775658 1.23867311 1.24716452 1.25395209 1.25949854
 1.26411378 1.26801296 1.27134996 1.27423769 1.27676082 1.27898405
 1.28095771 1.28272145 1.284307   1.28573998 1.28704138 1.28822846
 1.28931565]"
896,"[0.93809287 1.32735096 1.39699762 1.41364763 1.41943309 1.42197055
 1.42327185 1.42401784 1.42448245 1.42479085 1.42500611 1.42516258
 1.42528016 1.42537099 1.42544282 1.42550076 1.4255483  1.42558789
 1.42562129 1.4256498  1.42567437 1.42569574 1.42571448 1.42573104
 1.42574575]"
897,"[0.73934852 1.16454517 1.30354329 1.36761771 1.40393708 1.42694095
 1.44266897 1.4540441  1.46262922 1.46932724 1.47469296 1.4790848
 1.48274405 1.48583884 1.48848974 1.49078544 1.49279256 1.49456211
 1.49613376 1.49753886 1.49880249 1.49994493 1.50098279 1.50192975
 1.50279725]"
898,"[0.80116608 1.11475342 1.20044763 1.21347265 1.2145872  1.21357263
 1.21228867 1.21111984 1.21012685 1.2092959  1.20859951 1.20801173
 1.20751119 1.20708103 1.2067081  1.20638215 1.2060951  1.20584058
 1.20561348 1.20540969 1.20522587 1.20505925 1.20490757 1.20476894
 1.20464175]"
899,"[0.69076695 1.17971037 1.21784274 1.21304946 1.2079711  1.20454184
 1.2021946  1.20050741 1.19923972 1.19825266 1.19746199 1.19681405
 1.19627313 1.19581453 1.19542067 1.19507864 1.19477878 1.1945137
 1.19427763 1.19406605 1.19387531 1.19370246 1.19354509 1.1934012
 1.19326912]"
900,"[0.29246127 1.06431305 1.23957212 1.28986757 1.31142745 1.32300419
 1.33011902 1.33489638 1.33830975 1.34086286 1.34284075 1.34441604
 1.3456991  1.34676362 1.34766059 1.34842638 1.34908761 1.34966418
 1.35017128 1.35062068 1.35102164 1.35138157 1.35170642 1.35200106
 1.3522695 ]"
901,"[1.06869712 1.58325658 1.625761   1.61711997 1.61047122 1.60668841
 1.60439497 1.60287563 1.60179312 1.60097842 1.60033973 1.59982335
 1.5993958  1.59903506 1.59872604 1.59845798 1.59822298 1.59801512
 1.59782984 1.59766355 1.59751343 1.59737719 1.59725294 1.59713916
 1.59703455]"
902,"[0.55594578 1.10028139 1.23956428 1.2959667  1.32606667 1.34474918
 1.35747328 1.3666979  1.37369243 1.37917839 1.38359627 1.38723025
 1.39027191 1.39285512 1.39507622 1.39700633 1.39869911 1.40019577
 1.40152852 1.40272287 1.40379932 1.4047745  1.40566204 1.40647326
 1.40721758]"
903,"[0.2264179  0.69219236 0.82007187 0.85520111 0.86740721 0.87278944
 0.87559613 0.8772409  0.87828928 0.87900086 0.8795078  0.87988308
 0.88016966 0.88039417 0.88057386 0.88072032 0.88084157 0.88094332
 0.88102971 0.88110383 0.88116802 0.88122405 0.88127334 0.88131699
 0.88135587]"
904,"[0.57953046 1.20924014 1.342054   1.38199886 1.39983144 1.40983444
 1.41622719 1.42066375 1.42392217 1.42641632 1.42838661 1.42998223
 1.43130066 1.43240829 1.43335188 1.43416533 1.4348738  1.43549636
 1.43604773 1.43653946 1.43698071 1.43737888 1.43773998 1.43806895
 1.43836989]"
905,"[0.83903908 1.48195057 1.52805136 1.5193499  1.51512319 1.51421032
 1.51447062 1.51506923 1.51571913 1.51632741 1.51686926 1.51734354
 1.51775675 1.51811712 1.51843257 1.51871002 1.51895534 1.51917339
 1.51936821 1.51954313 1.51970091 1.51984386 1.51997389 1.52009263
 1.52020145]"
906,"[0.76257573 1.39493849 1.5512125  1.59518097 1.60916019 1.61343147
 1.61412315 1.61341098 1.61215786 1.61073088 1.6092916  1.60791056
 1.60661616 1.60541686 1.60431168 1.60329542 1.60236113 1.6015015
 1.60070938 1.59997814 1.59930174 1.59867474 1.5980923  1.59755011
 1.59704435]"
907,"[0.88737261 1.2770345  1.37198537 1.39903064 1.40901616 1.41359233
 1.41603117 1.41747758 1.41840543 1.41903717 1.4194878  1.41982142
 1.42007604 1.42027532 1.42043463 1.4205643  1.42067151 1.42076134
 1.42083752 1.42090278 1.42095923 1.42100845 1.42105169 1.42108994
 1.42112398]"
908,"[0.77802928 1.28118386 1.41937816 1.46843695 1.49185884 1.50516356
 1.51361059 1.51939896 1.52359079 1.52675563 1.5292239  1.53119952
 1.53281467 1.53415856 1.53529347 1.53626412 1.53710343 1.53783612
 1.53848113 1.53905318 1.53956391 1.5400226  1.54043676 1.54081255
 1.54115504]"
909,"[0.93289552 1.56053852 1.62831396 1.62542259 1.61561847 1.60664848
 1.59935122 1.59351001 1.58880153 1.58495657 1.58177273 1.57910111
 1.57683197 1.57488355 1.57319411 1.5717164  1.57041374 1.56925732
 1.56822419 1.56729591 1.5664575  1.56569665 1.5650032  1.56436866
 1.56378589]"
910,"[1.06350046 1.31912976 1.36682816 1.38126871 1.38784601 1.39163348
 1.3941178  1.39588234 1.39720431 1.39823339 1.39905805 1.39973409
 1.40029859 1.40077717 1.40118813 1.40154489 1.40185754 1.4021338
 1.40237968 1.40259995 1.4027984  1.40297814 1.40314169 1.40329114
 1.40342825]"
911,"[0.62721161 1.36375051 1.63814231 1.74308935 1.79336716 1.82127777
 1.83843795 1.84979931 1.85775238 1.86356561 1.86796356 1.87138522
 1.87410969 1.87632166 1.87814753 1.87967631 1.88097229 1.8820829
 1.88304383 1.88388235 1.88461965 1.8852724  1.88585389 1.88637482
 1.88684389]"
912,"[0.2650508  1.13685675 1.28869812 1.3084937  1.30617389 1.30068369
 1.29556427 1.29135134 1.28797044 1.2852528  1.28304625 1.28123225
 1.27972208 1.27844978 1.27736604 1.27643367 1.27562425 1.27491581
 1.27429117 1.27373672 1.27324158 1.27279694 1.27239564 1.27203178
 1.27170044]"
913,"[0.39076091 0.80989338 0.98799256 1.0631087  1.10270486 1.12684461
 1.14301535 1.15457433 1.16323587 1.16996231 1.17533405 1.1797213
 1.18337107 1.18645433 1.18909314 1.19137689 1.19337259 1.19513139
 1.19669304 1.19808887 1.19934393 1.20047845 1.201509   1.20244921
 1.20331045]"
914,"[0.11345242 0.86246772 1.07438602 1.16296492 1.2096782  1.23803048
 1.25690718 1.27031662 1.28030677 1.28802471 1.29415983 1.29915006
 1.30328638 1.30676939 1.30974171 1.31230744 1.31454431 1.31651148
 1.31825479 1.31981026 1.32120661 1.322467   1.3236103  1.32465209
 1.32560526]"
915,"[0.79994204 1.42182704 1.40320426 1.36305171 1.34002936 1.32741328
 1.32012418 1.31563404 1.3127038  1.31069639 1.30926466 1.30820878
 1.30740795 1.30678602 1.30629316 1.30589572 1.30557034 1.30530039
 1.30507381 1.30488162 1.3047171  1.30457507 1.30445153 1.30434335
 1.304248  ]"
916,"[0.51680709 1.16339995 1.35200433 1.42647645 1.46454067 1.48729525
 1.50233807 1.51299091 1.52091872 1.52704311 1.53191394 1.53587891
 1.53916842 1.54194104 1.54430943 1.5463558  1.5481415  1.54971329
 1.55110735 1.55235219 1.55347051 1.55448064 1.55539754 1.55623354
 1.55699888]"
917,"[0.76521075 1.23541542 1.2825617  1.3003745  1.31031113 1.31651004
 1.32069493 1.32369148 1.32593519 1.32767455 1.32906064 1.33019018
 1.33112782 1.33191829 1.33259351 1.33317683 1.33368574 1.33413356
 1.33453061 1.33488504 1.33520335 1.33549075 1.33575155 1.33598925
 1.3362068 ]"
918,"[0.50045418 1.08265129 1.21547493 1.26384531 1.28796935 1.30217284
 1.31144957 1.31795278 1.32275095 1.3264304  1.32933813 1.33169201
 1.33363543 1.33526645 1.33665439 1.33784953 1.33888924 1.33980188
 1.34060929 1.34132863 1.3419735  1.34255487 1.34308166 1.34356117
 1.34399949]"
919,"[0.35646932 1.00556069 1.2673617  1.3629868  1.40757348 1.43248299
 1.44814108 1.45880726 1.46650387 1.47230223 1.4768186  1.48043091
 1.48338304 1.48583908 1.48791328 1.48968753 1.49122201 1.49256193
 1.49374183 1.4947886  1.49572343 1.49656329 1.49732187 1.49801037
 1.49863803]"
920,"[0.463443   0.8109622  0.94510877 0.99878933 1.02727732 1.04479561
 1.05659961 1.06506872 1.07143009 1.07637795 1.08033341 1.08356617
 1.08625677 1.08853046 1.09047678 1.09216145 1.09363375 1.09493132
 1.09608347 1.09711327 1.09803919 1.09887616 1.09963639 1.10032996
 1.10096524]"
921,"[1.28992334 1.58855285 1.57378137 1.56917136 1.5719941  1.57575529
 1.57913133 1.58196321 1.58431552 1.58628027 1.58793741 1.58934986
 1.59056598 1.59162287 1.59254918 1.59336727 1.5940948  1.59474583
 1.59533169 1.59586162 1.5963432  1.59678272 1.59718542 1.59755572
 1.59789736]"
922,"[0.343547   1.01530289 1.17966193 1.24214227 1.2738221  1.29275699
 1.30529924 1.31420379 1.32084765 1.32599274 1.33009393 1.33343923
 1.33621978 1.33856734 1.34057568 1.34231334 1.34383156 1.34516942
 1.34635726 1.34741896 1.34837359 1.34923658 1.35002051 1.35073577
 1.35139101]"
923,"[0.55459334 1.2435586  1.40202057 1.46469959 1.49694368 1.51614482
 1.52875011 1.53761238 1.54416397 1.54919558 1.55317681 1.55640315
 1.55906938 1.56130893 1.56321613 1.56485955 1.56629016 1.56754663
 1.56865885 1.56965023 1.5705394  1.57134136 1.5720683  1.57273027
 1.57333558]"
924,"[0.41028181 0.82570974 0.92676916 0.97118177 0.99564327 1.01098177
 1.02145049 1.0290326  1.03476948 1.03925789 1.04286344 1.04582221
 1.04829329 1.05038768 1.05218519 1.0537446  1.05511017 1.05631586
 1.05738814 1.05834796 1.0592121  1.05999416 1.0607053  1.06135474
 1.06195016]"
925,"[0.85974071 1.28017527 1.37411239 1.41482988 1.43920765 1.45553099
 1.46718683 1.47590066 1.48264802 1.48802008 1.49239465 1.49602382
 1.49908189 1.50169305 1.50394811 1.50591494 1.50764526 1.50917917
 1.5105482  1.51177751 1.5128874  1.51389441 1.51481219 1.51565207
 1.51642355]"
926,"[0.72077457 1.21843588 1.34185543 1.3890096  1.41315738 1.42774519
 1.43749565 1.44446811 1.44969995 1.45376978 1.45702556 1.45968903
 1.46190817 1.46378549 1.46539423 1.46678813 1.4680075  1.46908315
 1.47003906 1.47089415 1.47166357 1.47235955 1.47299214 1.47356961
 1.47409886]"
927,"[0.43773477 1.02974041 1.1545659  1.19500575 1.21374774 1.22431168
 1.23101595 1.23562068 1.23896634 1.24150135 1.24348547 1.24507898
 1.24638591 1.24747659 1.24840022 1.2491922  1.24987863 1.25047918
 1.25100894 1.25147967 1.25190067 1.2522794  1.2526219  1.2529331
 1.2532171 ]"
928,"[0.90166357 1.53658368 1.66583471 1.69464333 1.7034861  1.70680775
 1.70819991 1.70880419 1.70905148 1.70912571 1.70911278 1.70905551
 1.70897633 1.70888738 1.70879534 1.70870394 1.70861518 1.70853013
 1.70844926 1.70837273 1.7083005  1.70823244 1.70816833 1.70810795
 1.70805106]"
929,"[0.68892398 1.16925382 1.20123028 1.1849475  1.17177398 1.16312088
 1.15731281 1.15322874 1.15022929 1.14794466 1.14615171 1.14470961
 1.14352587 1.14253745 1.1417001  1.14098189 1.14035922 1.13981431
 1.13933351 1.13890618 1.13852389 1.1381799  1.13786874 1.13758594
 1.1373278 ]"
930,"[0.26183711 0.96636563 1.14373268 1.20444289 1.23373146 1.25091202
 1.26218837 1.27014479 1.27605144 1.2806055  1.28422122 1.28715997
 1.28959465 1.29164411 1.29339269 1.29490186 1.29621746 1.29737437
 1.29839958 1.29931431 1.30013546 1.30087664 1.30154899 1.30216164
 1.30272218]"
931,"[0.06986961 0.78077487 0.99591174 1.06652598 1.0991744  1.11777574
 1.12977048 1.13814655 1.14432764 1.14907719 1.15284128 1.15589798
 1.1584297  1.16056107 1.16238012 1.16395085 1.16532088 1.16652638
 1.16759531 1.16854964 1.16940687 1.1701811  1.17088384 1.17152454
 1.17211108]"
932,"[1.04884409e-05 1.03373925e-01 3.07378091e-01 3.96577644e-01
 4.39742668e-01 4.63811675e-01 4.78729205e-01 4.88723584e-01
 4.95822010e-01 5.01094386e-01 5.05150411e-01 5.08359718e-01
 5.10958024e-01 5.13102076e-01 5.14899841e-01 5.16427937e-01
 5.17742144e-01 5.18883987e-01 5.19884979e-01 5.20769451e-01
 5.21556472e-01 5.22261192e-01 5.22895795e-01 5.23470185e-01
 5.23992495e-01]"
933,"[0.71712522 1.24508633 1.30388731 1.32325013 1.33363153 1.34016806
 1.34466922 1.34795886 1.35046832 1.35244574 1.35404405 1.3553627
 1.35646915 1.3574108  1.35822188 1.35892778 1.35954771 1.36009646
 1.36058562 1.36102439 1.36142018 1.361779   1.3621058  1.36240469
 1.36267908]"
934,"[0.60611901 1.29704031 1.45322632 1.50252504 1.52482584 1.53732787
 1.54529353 1.55080738 1.55484997 1.55794125 1.56038206 1.5623585
 1.56399179 1.56536433 1.56653404 1.56754287 1.56842193 1.56919478
 1.5698796  1.57049064 1.57103924 1.5715345  1.57198386 1.57239342
 1.57276826]"
935,"[0.57227262 1.55271268 1.70972268 1.721832   1.70991855 1.69535923
 1.68225331 1.67116706 1.66190237 1.65413754 1.64757864 1.64198702
 1.63717561 1.63299894 1.62934359 1.62612054 1.62325926 1.62070336
 1.61840731 1.61633405 1.61445312 1.61273928 1.61117147 1.60973199
 1.60840584]"
936,"[0.76140074 1.20809057 1.3174931  1.35759262 1.37758154 1.38953734
 1.39751243 1.4032221  1.4075166  1.41086635 1.41355333 1.41575709
 1.41759752 1.41915781 1.42049748 1.42166029 1.42267914 1.42357922
 1.42438017 1.42509751 1.42574371 1.42632884 1.42686118 1.42734756
 1.42779369]"
937,"[0.47111314 1.22926335 1.45528679 1.5313596  1.56567315 1.58438631
 1.59591301 1.60362871 1.60911231 1.61318902 1.61632759 1.61881219
 1.62082422 1.6224845  1.62387639 1.62505912 1.62607589 1.62695888
 1.62773253 1.62841573 1.6290233  1.629567   1.6300563  1.63049891
 1.63090114]"
938,"[1.01203694 1.44799108 1.54248795 1.56749373 1.57680854 1.5811982
 1.58362388 1.58512227 1.58612554 1.58683887 1.58736986 1.58777958
 1.58810491 1.58836931 1.58858836 1.58877278 1.58893018 1.58906609
 1.58918465 1.58928897 1.58938149 1.58946411 1.58953835 1.58960541
 1.58966631]"
939,"[0.49947276 1.15685539 1.28571045 1.32264235 1.33813321 1.34634744
 1.35136927 1.35473735 1.3571462  1.35895173 1.36035412 1.36147421
 1.3623891  1.36315028 1.36379336 1.36434379 1.3648202  1.36523656
 1.36560352 1.36592937 1.36622065 1.36648257 1.36671935 1.36693445
 1.36713071]"
940,"[0.69231862 1.35953202 1.49256901 1.52186433 1.53041353 1.53313902
 1.53385685 1.53380365 1.53344499 1.53297362 1.53247386 1.53198323
 1.53151788 1.53108387 1.53068243 1.5303125  1.52997204 1.52965863
 1.5293698  1.52910321 1.52885669 1.52862826 1.52841617 1.52821883
 1.52803485]"
941,"[0.52994251 1.15762123 1.31244346 1.37537799 1.40909797 1.43003256
 1.44426569 1.45455943 1.4623451  1.46843715 1.47333261 1.4773517
 1.48070997 1.48355772 1.48600296 1.48812528 1.4899846  1.4916269
 1.49308804 1.49439641 1.49557475 1.49664151 1.49761181 1.49849816
 1.499311  ]"
942,"[0.52133065 1.09254131 1.07901358 1.04192273 1.02079362 1.00924096
 1.00257907 0.99849336 0.99584684 0.99405221 0.99278819 0.99186934
 0.9911835  0.99065998 0.99025264 0.98993042 0.98967184 0.9894617
 0.98928903 0.98914573 0.98902575 0.98892451 0.98883847 0.98876487
 0.98870155]"
943,"[0.93830473 1.40634016 1.52311574 1.55869276 1.57410816 1.58257599
 1.58795296 1.59169456 1.59446246 1.59660054 1.59830588 1.59970007
 1.60086245 1.6018472  1.60269261 1.60342663 1.60407011 1.60463897
 1.60514556 1.60559965 1.60600905 1.60638008 1.60671791 1.60702683
 1.60731041]"
944,"[0.62663195 0.93388457 1.0605637  1.11700434 1.14930488 1.17004851
 1.18440852 1.19490104 1.20288601 1.20915805 1.21421059 1.21836537
 1.22184073 1.22478985 1.22732331 1.22952284 1.23145014 1.23315264
 1.23466738 1.23602372 1.23724521 1.23835096 1.23935665 1.24027524
 1.24111756]"
945,"[0.58773531 1.07190524 1.1748586  1.20708949 1.22341812 1.23375015
 1.24101892 1.24644984 1.25067234 1.25405216 1.25681921 1.25912621
 1.26107887 1.2627528  1.26420353 1.26547278 1.26659249 1.26758754
 1.26847759 1.26927839 1.27000269 1.27066092 1.2712617  1.27181223
 1.27231855]"
946,"[0.94515692 1.0969114  1.00100698 0.91357331 0.85887412 0.82676786
 0.80786525 0.79640409 0.78918604 0.78446455 0.78126775 0.77903703
 0.77743961 0.77627015 0.77539775 0.77473647 0.77422836 0.77383345
 0.77352353 0.77327836 0.77308313 0.77292687 0.77280131 0.77270018
 0.77261861]"
947,"[0.39181452 0.86933374 1.09968711 1.21397323 1.28027102 1.32272984
 1.35197248 1.37323658 1.38935263 1.40196834 1.41210228 1.42041571
 1.42735561 1.43323453 1.43827729 1.44264969 1.44647655 1.44985364
 1.45285559 1.45554145 1.45795852 1.46014514 1.46213269 1.46394712
 1.46561007]"
948,"[1.00536154 1.45663695 1.52720144 1.54613119 1.55413956 1.55841208
 1.56100732 1.56272135 1.56392253 1.56480267 1.56547044 1.56599149
 1.56640753 1.5667462  1.56702644 1.56726162 1.5674614  1.56763293
 1.56778162 1.56791158 1.56802602 1.5681275  1.56821801 1.5682992
 1.56837239]"
949,"[0.30981363 0.84472818 1.05220597 1.14675627 1.1982029  1.22990955
 1.25121161 1.26643531 1.2778261  1.28665481 1.2936908  1.29942558
 1.30418712 1.3082023  1.31163292 1.31459737 1.3171842  1.31946098
 1.3214801  1.32328281 1.32490203 1.32636434 1.32769144 1.32890121
 1.33000852]"
950,"[0.26047478 0.83312095 1.08333828 1.20582348 1.27527358 1.31914629
 1.34911684 1.37079684 1.3871699  1.39995424 1.41020417 1.41860045
 1.42560141 1.43152647 1.4366049  1.44100536 1.44485467 1.44824996
 1.45126685 1.45396511 1.45639258 1.45858798 1.46058301 1.46240386
 1.46407235]"
951,"[0.66728027 1.37121062 1.50069397 1.53379355 1.54638441 1.55279233
 1.55669414 1.55934322 1.56127131 1.56274282 1.56390513 1.56484749
 1.56562743 1.56628384 1.56684399 1.56732767 1.56774955 1.56812076
 1.5684499  1.56874375 1.56900767 1.56924602 1.56946232 1.56965951
 1.56984   ]"
952,"[0.98027588 1.36401247 1.44021891 1.47348379 1.49124384 1.50193674
 1.50897476 1.51391994 1.51756872 1.52036412 1.52257016 1.52435325
 1.52582308 1.52705474 1.52810126 1.52900115 1.52978298 1.53046839
 1.53107408 1.5316131  1.53209583 1.53253061 1.53292422 1.5332822
 1.53360917]"
953,"[0.78178796 1.26564227 1.37578888 1.42451227 1.45260471 1.47076618
 1.48338377 1.49261766 1.49964794 1.50516923 1.50961486 1.51326823
 1.516322   1.51891146 1.52113433 1.52306283 1.5247515  1.52624224
 1.52756776 1.52875399 1.52982169 1.53078773 1.53166592 1.53246768
 1.53320256]"
954,"[0.91978456 1.55334167 1.65434926 1.6761501  1.6818297  1.68300168
 1.68269231 1.68188107 1.68092695 1.67996955 1.67906279 1.678225
 1.67745935 1.67676263 1.67612923 1.67555286 1.67502743 1.67454727
 1.67410734 1.67370316 1.67333082 1.67298689 1.67266839 1.67237271
 1.67209755]"
955,"[0.45158866 1.1749206  1.39825109 1.48102153 1.52065637 1.54318661
 1.55751189 1.56734858 1.57448871 1.57989234 1.58411649 1.58750503
 1.59028109 1.59259544 1.59455345 1.59623091 1.59768365 1.59895371
 1.60007329 1.60106749 1.60195615 1.60275515 1.60347734 1.60413324
 1.60473155]"
956,"[0.99292602 1.33890202 1.38109858 1.3875836  1.39078515 1.39315982
 1.39502815 1.39652238 1.39773433 1.39873147 1.39956319 1.4002658
 1.4008662  1.40138458 1.4018363  1.40223318 1.40258448 1.40289751
 1.40317813 1.40343106 1.40366017 1.40386865 1.40405913 1.40423384
 1.40439464]"
957,"[0.50443598 1.25324514 1.46488828 1.53846128 1.57094515 1.58792573
 1.59790964 1.60429719 1.60864904 1.61176073 1.61407216 1.6158428
 1.61723396 1.61835035 1.61926245 1.62001918 1.62065543 1.62119663
 1.62166173 1.62206507 1.62241771 1.62272827 1.62300357 1.62324909
 1.62346922]"
958,"[1.05694429 1.70987468 1.77320161 1.7555317  1.73285472 1.7145232
 1.70055597 1.68988839 1.68160289 1.67504077 1.66974517 1.66539829
 1.66177581 1.65871643 1.65610205 1.65384459 1.65187724 1.65014857
 1.64861842 1.64725501 1.6460329  1.64493151 1.64393402 1.64302657
 1.64219761]"
959,"[0.37930559 0.99966316 1.15818825 1.22100736 1.25325929 1.27251577
 1.28519848 1.29414029 1.30076568 1.30586316 1.30990235 1.31317949
 1.31589031 1.31816913 1.32011108 1.32178539 1.3232436  1.32452487
 1.32565945 1.32667109 1.32757869 1.32839749 1.32913986 1.32981602
 1.33043442]"
960,"[0.28966661 0.81631431 0.99439726 1.0452327  1.06573199 1.07630386
 1.08264852 1.08684933 1.08982559 1.09204048 1.09375113 1.09511121
 1.09621796 1.09713585 1.09790924 1.09856967 1.09914013 1.09963779
 1.10007572 1.10046404 1.10081072 1.1011221  1.1014033  1.1016585
 1.10189115]"
961,"[0.58650419 1.34176469 1.52035676 1.5693863  1.58602768 1.59227109
 1.5945485  1.59514271 1.59498036 1.59447434 1.5938207  1.59311628
 1.59240978 1.59172543 1.59107464 1.59046201 1.58988848 1.58935307
 1.58885385 1.58838843 1.5879543  1.587549   1.58717016 1.58681558
 1.58648323]"
962,"[0.9054798  1.2732696  1.37573281 1.39994116 1.40747398 1.41008378
 1.41091458 1.41102569 1.41083088 1.41050824 1.41013927 1.40976251
 1.40939619 1.40904855 1.40872276 1.40841947 1.40813799 1.40787708
 1.40763522 1.40741085 1.40720245 1.4070086  1.40682799 1.40665943
 1.40650183]"
963,"[0.13328644 0.68381768 0.89984921 0.97483608 1.00746801 1.02494449
 1.03568453 1.04291768 1.04811011 1.05201524 1.05505774 1.0574945
 1.05948984 1.06115365 1.06256219 1.06377    1.06481713 1.06573364
 1.06654254 1.06726174 1.06790536 1.06848474 1.06900903 1.06948574
 1.06992106]"
964,"[0.67048809 1.15813092 1.26329492 1.29148684 1.30069629 1.30431058
 1.30592509 1.30670883 1.30710709 1.30731142 1.30741229 1.3074556
 1.30746602 1.30745739 1.30743775 1.30741193 1.30738284 1.30735228
 1.30732138 1.30729083 1.30726103 1.30723223 1.30720457 1.3071781
 1.30715284]"
965,"[0.453646   1.16190319 1.32893931 1.38215014 1.4054189  1.41786836
 1.42544818 1.43048598 1.43405081 1.43669405 1.43872591 1.44033308
 1.44163413 1.44270771 1.44360791 1.44437311 1.44503123 1.44560303
 1.44610431 1.44654723 1.44694134 1.44729422 1.44761198 1.44789958
 1.44816108]"
966,"[1.06297763 1.49406462 1.536553   1.5309312  1.52351659 1.51809827
 1.51429983 1.51157832 1.5095662  1.50803319 1.50683397 1.50587436
 1.50509146 1.50444204 1.50389556 1.50342994 1.50302887 1.50268009
 1.50237419 1.50210386 1.50186334 1.50164804 1.50145424 1.50127893
 1.50111961]"
967,"[0.79194385 1.34630417 1.3969691  1.40977498 1.41601965 1.41977263
 1.42226366 1.42402815 1.42533893 1.42634887 1.4271498  1.42779996
 1.42833794 1.4287903  1.42917587 1.42950835 1.42979797 1.43005249
 1.4302779  1.43047891 1.43065929 1.43082203 1.43096961 1.43110405
 1.43122702]"
968,"[0.46255584 1.01002778 1.16086079 1.18792317 1.19100264 1.18907132
 1.18630517 1.1836913  1.18143124 1.17952265 1.17791563 1.1765563
 1.17539795 1.17440274 1.17354066 1.17278804 1.17212617 1.17154017
 1.17101812 1.17055038 1.1701291  1.16974786 1.1694013  1.169085
 1.16879522]"
969,"[0.75677744 0.77860512 0.93273553 1.01223174 1.04452625 1.06003385
 1.06859509 1.07383695 1.07730328 1.07973344 1.08151621 1.08287194
 1.08393331 1.0847843  1.08548032 1.08605924 1.08654772 1.08696501
 1.08732535 1.08763947 1.08791559 1.08816012 1.08837812 1.08857363
 1.08874992]"
970,"[1.02611918 1.44813888 1.5377946  1.55663094 1.55878346 1.55691125
 1.55417079 1.55143563 1.54894395 1.54673959 1.54480612 1.54311089
 1.54161992 1.54030256 1.53913264 1.53808824 1.53715119 1.53630639
 1.5355413  1.53484547 1.53421012 1.53362785 1.5330924  1.53259843
 1.53214137]"
971,"[0.37613736 0.98759761 1.13383391 1.17953513 1.20087875 1.21309056
 1.22095223 1.22641877 1.23043203 1.23349962 1.23591847 1.23787354
 1.23948585 1.24083786 1.24198761 1.24297717 1.2438377  1.24459282
 1.24526072 1.24585564 1.24638889 1.24686957 1.24730507 1.24770145
 1.24806376]"
972,"[0.91577261 1.13416894 1.17725129 1.20790904 1.22727108 1.24005032
 1.24899766 1.25557516 1.26059984 1.26455699 1.26775084 1.270381
 1.27258357 1.27445434 1.27606263 1.2774598  1.27868469 1.27976718
 1.28073067 1.28159368 1.28237112 1.28307507 1.28371547 1.28430051
 1.28483708]"
973,"[1.18518433 1.47644255 1.53067972 1.55140403 1.56131724 1.56654048
 1.56954675 1.57140498 1.57261976 1.57344986 1.57403761 1.57446601
 1.57478583 1.57502942 1.57521812 1.57536644 1.57548448 1.57557943
 1.57565653 1.57571964 1.57577166 1.57581481 1.57585079 1.57588092
 1.57590626]"
974,"[0.68803799 1.15026445 1.24772136 1.27924577 1.29445149 1.30342584
 1.30936451 1.31359237 1.31675898 1.31922098 1.32119081 1.32280311
 1.32414737 1.32528545 1.32626152 1.32710792 1.32784893 1.3285031
 1.32908488 1.32960566 1.33007458 1.33049901 1.33088501 1.33123757
 1.33156087]"
975,"[0.62286374 1.12717165 1.25680607 1.31160774 1.34112259 1.35934958
 1.37164466 1.38046543 1.38708716 1.39223353 1.39634418 1.39970091
 1.40249234 1.40484936 1.4068655  1.40860937 1.41013239 1.41147385
 1.41266426 1.4137277  1.41468339 1.41554686 1.41633081 1.41704572
 1.4177003 ]"
976,"[0.62975603 0.99096653 1.30527128 1.44382465 1.51562295 1.55796271
 1.58534058 1.60427272 1.61804192 1.62845479 1.63657707 1.64307357
 1.6483783  1.65278557 1.65650145 1.65967417 1.6624129  1.66479974
 1.66689752 1.66875509 1.67041099 1.67189601 1.67323502 1.67444835
 1.67555272]"
977,"[0.60587286 1.17470908 1.35165229 1.42458952 1.46150729 1.48299881
 1.49678188 1.50625902 1.51312328 1.51829825 1.52232524 1.52554015
 1.5281614  1.53033657 1.53216873 1.53373183 1.53508023 1.53625474
 1.53728653 1.53819982 1.5390137  1.5397434  1.5404012  1.54099713
 1.54153947]"
978,"[0.81211393 1.22052503 1.3481326  1.41105427 1.44717658 1.47025695
 1.48617215 1.49777206 1.50658616 1.51350289 1.51907154 1.52364913
 1.5274774  1.53072569 1.53351606 1.53593866 1.5380615  1.53993684
 1.54160549 1.54309976 1.54444557 1.54566398 1.54677221 1.54778456
 1.54871293]"
979,"[0.84315004 1.35815693 1.43671255 1.44573122 1.44530457 1.44347843
 1.44165192 1.44007227 1.43874853 1.43764233 1.43671217 1.43592299
 1.43524701 1.43466264 1.4341531  1.43370531 1.43330895 1.43295582
 1.43263934 1.43235416 1.43209593 1.43186103 1.43164648 1.43144977
 1.43126878]"
980,"[0.57019805 1.13742789 1.24377322 1.27881333 1.29697689 1.30834092
 1.31614723 1.32183461 1.32615618 1.32954695 1.33227583 1.33451784
 1.33639164 1.33798044 1.33934429 1.34052752 1.34156362 1.3424783
 1.34329162 1.34401949 1.34467466 1.34526746 1.34580637 1.34629839
 1.34674938]"
981,"[0.10393038 0.73989669 0.96579753 1.05390384 1.09438877 1.1161742
 1.12938207 1.13811175 1.14425917 1.14880002 1.15228052 1.15502766
 1.15724802 1.15907808 1.16061133 1.16191387 1.16303368 1.16400638
 1.16485897 1.16561225 1.16628252 1.1668827  1.16742318 1.16791241
 1.16835732]"
982,"[0.81683826 1.15838045 1.26522941 1.3284617  1.3676422  1.39361082
 1.41189571 1.42540192 1.43575951 1.44394229 1.45056396 1.45602903
 1.46061427 1.46451516 1.46787357 1.47079482 1.47335874 1.47562691
 1.47764756 1.479459   1.48109205 1.48257176 1.48391873 1.48515001
 1.48627987]"
983,"[0.29427205 0.86029427 1.03565709 1.09198928 1.11567546 1.12802458
 1.13549002 1.14047834 1.14405107 1.14674079 1.14884237 1.15053201
 1.15192149 1.15308523 1.15407473 1.15492682 1.15566854 1.15632023
 1.15689748 1.15741246 1.15787481 1.15829224 1.15867105 1.15901639
 1.15933253]"
984,"[0.80713287 1.42306491 1.52591033 1.56585627 1.58891537 1.60392985
 1.61439751 1.62206858 1.62791151 1.63250042 1.63619481 1.63923023
 1.64176696 1.64391759 1.64576344 1.64736461 1.64876649 1.65000391
 1.65110409 1.65208857 1.65297463 1.65377628 1.65450499 1.65517027
 1.65578002]"
985,"[0.88353246 1.46630283 1.57906205 1.6005036  1.60426171 1.60362303
 1.60182452 1.59981364 1.59788773 1.59613336 1.59456408 1.59316836
 1.59192725 1.59082101 1.58983151 1.58894284 1.58814142 1.5874157
 1.58675592 1.58615382 1.58560239 1.58509566 1.58462854 1.58419665
 1.58379623]"
986,"[0.17451131 0.91143324 1.12002029 1.19682151 1.23203678 1.25092179
 1.26223494 1.26957826 1.27463982 1.27829407 1.28103088 1.28314233
 1.28481166 1.28615874 1.28726483 1.28818667 1.28896495 1.2896295
 1.2902026  1.29070123 1.29113851 1.2915247  1.29186796 1.29217485
 1.29245066]"
987,"[1.10247035 1.76643504 1.82149696 1.80905174 1.79553837 1.78613493
 1.77978403 1.7753701  1.77218516 1.76980473 1.76797043 1.76651984
 1.76534728 1.76438167 1.76357377 1.76288851 1.76230036 1.7617903
 1.76134395 1.76095017 1.76060029 1.76028741 1.76000599 1.75975155
 1.75952041]"
988,"[0.90833756 1.85149516 1.99761129 2.00933414 1.99735726 1.98251953
 1.96901512 1.95748322 1.94776478 1.93955793 1.93257829 1.92659123
 1.92141072 1.91689079 1.91291672 1.90939782 1.90626181 1.90345053
 1.9009168  1.89862201 1.89653426 1.89462704 1.8928781  1.8912687
 1.8897829 ]"
989,"[2.98589500e-08 4.85217755e-04 8.22108251e-03 2.60730486e-02
 4.55028938e-02 6.19068627e-02 7.48252898e-02 8.49147656e-02
 9.28822365e-02 9.92772847e-02 1.04496824e-01 1.08823858e-01
 1.12461650e-01 1.15558301e-01 1.18223500e-01 1.20539844e-01
 1.22570507e-01 1.24364526e-01 1.25960475e-01 1.27389081e-01
 1.28675094e-01 1.29838659e-01 1.30896330e-01 1.31861829e-01
 1.32746622e-01]"
990,"[0.70370844 1.21307222 1.33352418 1.37010717 1.38537603 1.39332021
 1.3980777  1.40120805 1.40340932 1.40503506 1.40628164 1.40726613
 1.40806235 1.40871903 1.40926954 1.40973748 1.41013997 1.41048976
 1.41079648 1.41106758 1.41130889 1.41152503 1.41171974 1.41189602
 1.41205638]"
991,"[0.71478584 1.52951293 1.57250317 1.53803899 1.50957647 1.48956027
 1.4753703  1.46498961 1.45714635 1.45104803 1.44618887 1.4422358
 1.43896255 1.43621096 1.4338676  1.4318492  1.43009343 1.42855276
 1.42719035 1.42597725 1.4248904  1.42391123 1.4230246  1.42221807
 1.42148132]"
992,"[0.7319869  0.75461703 0.84767441 0.94678133 1.00747269 1.04534581
 1.07071396 1.08875154 1.10218446 1.11255508 1.12079334 1.12749036
 1.13303877 1.13770903 1.14169328 1.14513169 1.14812879 1.15076413
 1.15309928 1.15518263 1.15705271 1.1587406  1.16027163 1.16166667
 1.16294301]"
993,"[1.4551474  1.3419728  1.20602147 1.16977012 1.16236341 1.16064856
 1.16029693 1.16033611 1.16049409 1.16068243 1.16087004 1.16104605
 1.1612073  1.16135361 1.16148596 1.1616057  1.16171422 1.16181283
 1.16190268 1.16198482 1.16206013 1.1621294  1.16219328 1.16225237
 1.16230716]"
994,"[0.8240034  1.34734418 1.39244397 1.39726756 1.3998991  1.40202934
 1.40371914 1.40504736 1.40609931 1.40694409 1.40763293 1.40820293
 1.40868104 1.40908699 1.40943545 1.40973749 1.41000158 1.41023431
 1.41044082 1.41062525 1.4107909  1.41094045 1.41107611 1.41119971
 1.41131276]"
995,"[0.45156199 1.19743742 1.42155045 1.48767479 1.51080191 1.51976051
 1.52326365 1.52443003 1.52452881 1.52412708 1.52349563 1.52276973
 1.52201868 1.52127813 1.52056598 1.51989053 1.51925486 1.51865916
 1.51810213 1.51758168 1.51709542 1.51664083 1.51621549 1.51581704
 1.51544334]"
996,"[0.8016091  1.18573982 1.20289169 1.18681532 1.17481552 1.1670051
 1.16175449 1.15805041 1.155322   1.15323908 1.15160171 1.15028327
 1.1492002  1.14829543 1.14752875 1.14687109 1.14630093 1.14580203
 1.1453619  1.14497079 1.14462099 1.14430632 1.14402176 1.1437632
 1.14352725]"
997,"[0.87430081 1.19660843 1.24966679 1.27066993 1.28176727 1.28853666
 1.29307782 1.29633112 1.29877525 1.3006784  1.30220221 1.30344981
 1.30449005 1.30537068 1.30612581 1.3067805  1.30735355 1.30785933
 1.30830903 1.30871149 1.30907379 1.30940165 1.30969977 1.30997201
 1.3102216 ]"
998,"[0.40002799 0.99496403 1.26262433 1.33658412 1.3579641  1.36329084
 1.36322111 1.36129839 1.3588173  1.3562749  1.3538606  1.35163863
 1.34962109 1.34779875 1.3461546  1.34466966 1.34332561 1.34210572
 1.34099516 1.33998098 1.33905194 1.33819832 1.3374117  1.33668481
 1.33601132]"
999,"[0.47072066 1.07215853 1.28655789 1.35904295 1.39148346 1.40905369
 1.41983666 1.42704593 1.43217174 1.43598771 1.43893128 1.44126675
 1.44316253 1.44473069 1.44604851 1.44717095 1.44813808 1.44897979
 1.44971881 1.45037273 1.45095535 1.45147767 1.45194853 1.45237515
 1.45276345]"
1000,"[0.73027518 1.17378449 1.27847191 1.32616695 1.35212146 1.36813489
 1.37892066 1.38665328 1.39245826 1.39697205 1.40058017 1.40352921
 1.40598401 1.40805883 1.40983535 1.41137342 1.41271795 1.41390324
 1.41495595 1.41589712 1.41674355 1.41750886 1.41820416 1.41883862
 1.4194199 ]"
1001,"[1.00501308 1.50866798 1.56016925 1.56418084 1.56476078 1.5649087
 1.5648877  1.564775   1.56461505 1.56443434 1.56424806 1.56406458
 1.56388829 1.56372128 1.56356434 1.56341753 1.56328052 1.56315278
 1.56303368 1.56292258 1.56281884 1.56272186 1.56263109 1.562546
 1.56246612]"
1002,"[0.9520671  1.44078159 1.48368379 1.48713589 1.48678595 1.48612211
 1.48556425 1.48513594 1.48480912 1.48455641 1.48435753 1.48419821
 1.48406846 1.48396123 1.48387141 1.48379529 1.48373011 1.48367375
 1.48362463 1.48358147 1.4835433  1.48350934 1.48347893 1.48345158
 1.48342686]"
1003,"[0.83550863 1.37315641 1.49884644 1.51325738 1.50932295 1.50281256
 1.49673487 1.49157889 1.48729266 1.4837265  1.48073666 1.47820566
 1.47604177 1.47417421 1.47254823 1.47112121 1.46985967 1.46873702
 1.46773195 1.46682722 1.46600872 1.46526486 1.46458599 1.46396403
 1.4633922 ]"
1004,"[0.66160539 1.19389763 1.3227929  1.35316972 1.36245534 1.36566
 1.3667181  1.36692162 1.36676444 1.36645562 1.36608975 1.36571126
 1.36534114 1.36498894 1.3646585  1.36435075 1.36406515 1.36380048
 1.36355524 1.36332784 1.36311673 1.36292047 1.3627377  1.36256721
 1.3624079 ]"
1005,"[1.05906181 1.26607245 1.38690569 1.44225343 1.4674378  1.48059919
 1.48825854 1.49308323 1.4963092  1.49856841 1.50020996 1.50143906
 1.5023825  1.50312199 1.50371207 1.50419025 1.50458299 1.50490938
 1.5051835  1.50541586 1.5056145  1.5057856  1.50593398 1.50606348
 1.50617714]"
1006,"[0.42185629 0.39950698 0.37886085 0.36175517 0.34837491 0.33803318
 0.32997652 0.32360578 0.3184841  0.3142999  0.31083049 0.307915
 0.30543548 0.3033041  0.30145442 0.29983548 0.29840761 0.29713956
 0.29600643 0.29498814 0.29406833 0.2932336  0.2924728  0.29177667
 0.29113738]"
1007,"[0.5139607  0.51923716 0.55337232 0.60498201 0.64064647 0.66432045
 0.68071568 0.69259612 0.70154217 0.70849399 0.71403733 0.71855299
 0.72229789 0.725451   0.72814053 0.73046052 0.73248143 0.73425703
 0.73582903 0.73723027 0.73848693 0.73962014 0.7406471  0.74158202
 0.74243665]"
1008,"[0.29083757 0.84636844 1.06407697 1.15371096 1.20068707 1.22915664
 1.2481163  1.26159639 1.27164972 1.27942475 1.28561149 1.29064842
 1.29482702 1.29834835 1.3013555  1.30395297 1.30621883 1.30821256
 1.30998027 1.31155822 1.31297533 1.31425494 1.3154161  1.3164745
 1.31744316]"
1009,"[1.13236697 1.55318935 1.58083971 1.58103402 1.58284844 1.58514205
 1.58720977 1.58893326 1.59034797 1.59151366 1.59248364 1.59329996
 1.59399467 1.59459206 1.59511065 1.59556473 1.59596539 1.59632139
 1.59663971 1.59692595 1.59718469 1.59741968 1.59763401 1.59783027
 1.59801065]"
1010,"[0.6955732  1.23546739 1.39646414 1.45269704 1.47677583 1.48927894
 1.49669881 1.50152715 1.50488391 1.50733569 1.50919595 1.51065067
 1.51181642 1.51276967 1.51356248 1.51423142 1.51480287 1.51529633
 1.51572647 1.51610454 1.51643933 1.51673775 1.51700534 1.51724658
 1.51746514]"
1011,"[0.73262538 1.2311075  1.26792168 1.27308474 1.27583703 1.27761619
 1.27881618 1.27965795 1.28027064 1.28073129 1.28108741 1.28136931
 1.28159701 1.28178416 1.28194028 1.28207225 1.28218506 1.28228248
 1.28236736 1.2824419  1.28250784 1.28256654 1.28261911 1.28266642
 1.28270923]"
1012,"[0.79096928 1.25724899 1.36585392 1.40351471 1.42090701 1.43053991
 1.43654791 1.44061423 1.44353353 1.44572412 1.44742514 1.44878241
 1.44988957 1.45080934 1.45158523 1.45224833 1.45282141 1.45332156
 1.45376179 1.45415221 1.4545008  1.45481391 1.45509668 1.4553533
 1.45558723]"
1013,"[0.43549024 0.58868843 0.78406347 0.89067063 0.94498996 0.97591647
 0.99530566 1.0083807  1.01769847 1.02462846 1.0299597  1.0341744
 1.03758189 1.04038876 1.04273771 1.04473021 1.04644022 1.04792284
 1.04921987 1.0503636  1.0513793  1.05228704 1.05310297 1.05384016
 1.05450937]"
1014,"[0.86358522 1.37125782 1.49321829 1.53439501 1.55261153 1.56227255
 1.56804599 1.57179575 1.57438447 1.5762568  1.5776615  1.57874693
 1.57960624 1.58030048 1.5808711  1.58134707 1.5817492  1.58209277
 1.58238922 1.58264725 1.58287361 1.58307358 1.58325137 1.58341034
 1.58355325]"
1015,"[0.71185308 1.18460863 1.27043222 1.28469131 1.28860149 1.2903949
 1.29152977 1.29236611 1.29302715 1.29356905 1.29402336 1.29441034
 1.29474407 1.29503484 1.2952904  1.29551672 1.29571851 1.29589951
 1.29606275 1.2962107  1.2963454  1.29646852 1.2965815  1.29668553
 1.29678162]"
1016,"[0.46676073 0.7304879  0.99578465 1.12269076 1.18937701 1.22916748
 1.25523244 1.2735006  1.28696343 1.29727314 1.30540972 1.31198858
 1.31741446 1.32196396 1.32583226 1.32916086 1.3320548  1.33459363
 1.33683868 1.33883796 1.3406296  1.34224426 1.34370685 1.34503783
 1.34625417]"
1017,"[0.01025667 0.53270737 0.72885376 0.80842238 0.85061277 0.87656173
 0.89407184 0.90665973 0.91613442 0.92351851 0.92943244 0.93427399
 0.93830968 0.94172471 0.94465168 0.947188   0.94940684 0.95136418
 0.95310361 0.95465953 0.9560595  0.95732581 0.95847672 0.95952728
 0.96049006]"
1018,"[1.13644008 1.63445044 1.69386524 1.69018995 1.68093815 1.67310529
 1.66710048 1.66251778 1.65896462 1.65615468 1.65388935 1.65203098
 1.65048273 1.64917523 1.64805779 1.6470927  1.64625141 1.64551194
 1.64485716 1.64427351 1.64375016 1.64327832 1.64285084 1.64246181
 1.6421063 ]"
1019,"[0.09677693 0.82851905 1.03244975 1.09611871 1.12467945 1.1405735
 1.15062995 1.15754542 1.16258496 1.16641734 1.16942824 1.17185534
 1.17385293 1.17552545 1.17694611 1.17816768 1.1792292  1.18016014
 1.18098315 1.18171595 1.18237258 1.18296432 1.18350032 1.1839881
 1.18443387]"
1020,"[0.58875222 1.21230739 1.400446   1.47238927 1.50760229 1.52778822
 1.54064907 1.54947278 1.55586405 1.56068816 1.56444868 1.56745688
 1.5699147  1.5719585  1.57368347 1.57515795 1.57643224 1.5775441
 1.57852244 1.57938976 1.58016376 1.58085865 1.58148586 1.58205476
 1.58257307]"
1021,"[1.0034985  1.39170106 1.4774658  1.50732231 1.52156905 1.52957413
 1.53456492 1.53791276 1.54028413 1.54203594 1.54337394 1.54442392
 1.54526654 1.54595557 1.54652808 1.54701036 1.5474215  1.54777568
 1.54808363 1.54835358 1.54859196 1.54880385 1.54899333 1.54916369
 1.5493176 ]"
1022,"[0.69659658 1.21750133 1.28499063 1.30971096 1.32415804 1.33309591
 1.33897257 1.34306095 1.3460413  1.34829747 1.35005839 1.35146754
 1.3526188  1.35357586 1.35438328 1.35507316 1.3556691  1.35618884
 1.35664599 1.35705108 1.35741247 1.3577368  1.35802945 1.35829482
 1.35853652]"
1023,"[0.85639586 1.25953159 1.38083875 1.43755016 1.47019102 1.4911575
 1.50567398 1.51628662 1.52436944 1.53072414 1.53584809 1.54006547
 1.54359629 1.54659496 1.54917298 1.5514128  1.55337671 1.55511262
 1.55665797 1.55804246 1.55928992 1.5604197  1.56144768 1.56238701
 1.56324868]"
1024,"[0.83137847 1.38121511 1.51199234 1.55363165 1.57104915 1.5797343
 1.58459982 1.58755769 1.58946733 1.59075815 1.59166267 1.59231505
 1.59279677 1.59315943 1.5934369  1.59365208 1.59382084 1.59395445
 1.59406107 1.59414669 1.5942158  1.5942718  1.59431729 1.5943543
 1.59438441]"
1025,"[0.42804505 1.29066013 1.58536591 1.69978252 1.75288015 1.7817173
 1.79927159 1.81087344 1.81902192 1.82501611 1.82958812 1.83317789
 1.83606387 1.83843002 1.84040229 1.84206957 1.84349623 1.84472995
 1.84580677 1.84675435 1.84759432 1.84834376 1.84901638 1.84962325
 1.85017347]"
1026,"[0.27987956 0.83423282 1.03685619 1.12846955 1.17846515 1.209401
 1.23025792 1.24520641 1.25641768 1.26512423 1.27207425 1.27774683
 1.28246235 1.28644285 1.28984692 1.29279077 1.29536147 1.29762548
 1.29963441 1.30142896 1.30304161 1.30449861 1.30582142 1.3070277
 1.30813219]"
1027,"[0.95182918 1.37047677 1.3967529  1.39008692 1.38287392 1.37733028
 1.37315506 1.36995009 1.36743011 1.36540391 1.36374263 1.3623575
 1.36118588 1.36018245 1.35931374 1.35855454 1.35788549 1.35729153
 1.35676074 1.35628361 1.35585241 1.35546085 1.35510371 1.35477665
 1.35447605]"
1028,"[0.56261571 1.30060848 1.48172929 1.54864035 1.5808534  1.59919089
 1.61085139 1.61885658 1.62466611 1.62906224 1.6324987  1.6352555
 1.63751423 1.63939755 1.64099117 1.64235669 1.64353951 1.6445738
 1.64548573 1.64629569 1.64701982 1.64767101 1.64825972 1.64879448
 1.64928238]"
1029,"[0.58755706 1.15914558 1.25967238 1.28379907 1.29357003 1.29878647
 1.30203336 1.3042537  1.30587048 1.30710166 1.30807116 1.30885474
 1.3095014  1.31004425 1.3105065  1.3109049  1.31125185 1.31155673
 1.31182677 1.31206761 1.31228377 1.31247885 1.3126558  1.31281703
 1.31296455]"
1030,"[0.75625329 1.30119665 1.43680579 1.48251659 1.50337741 1.51479779
 1.52183131 1.52653079 1.52986265 1.53233336 1.53423082 1.53572946
 1.53694052 1.53793795 1.53877271 1.53948093 1.54008892 1.54061624
 1.54107774 1.54148486 1.54184656 1.54216996 1.54246077 1.54272363
 1.54296236]"
1031,"[0.47409334 1.2978301  1.4307968  1.45975008 1.46853754 1.4717103
 1.47291457 1.47332373 1.47338376 1.47328463 1.47311389 1.47291402
 1.47270631 1.47250146 1.47230474 1.47211853 1.47194367 1.47178017
 1.47162761 1.47148536 1.4713527  1.4712289  1.47111326 1.4710051
 1.47090379]"
1032,"[0.32506173 0.99470464 1.16334627 1.19415841 1.19800089 1.19608286
 1.19315727 1.1903661  1.18794986 1.18591238 1.18420106 1.18275756
 1.18153103 1.1804802  1.17957238 1.17878184 1.17808828 1.17747558
 1.17693088 1.17644379 1.17600589 1.17561026 1.1752512  1.17492398
 1.17462461]"
1033,"[0.6927412  1.20258783 1.22503504 1.18459686 1.15106491 1.12776691
 1.11161432 1.10009694 1.0916159  1.08518066 1.08016733 1.07617188
 1.07292473 1.07024089 1.06799002 1.06607813 1.06443599 1.06301164
 1.06176539 1.06066648 1.05969074 1.05881892 1.05803553 1.05732798
 1.05668592]"
1034,"[0.73651151 1.31772936 1.43026571 1.47084873 1.49201104 1.505027
 1.51381124 1.52011679 1.52485035 1.52852749 1.53146225 1.53385639
 1.5358452  1.53752263 1.53895586 1.54019418 1.54127453 1.54222513
 1.54306787 1.54382003 1.54449538 1.54510505 1.54565815 1.54616216
 1.5466233 ]"
1035,"[0.57599985 0.65958387 0.67588844 0.70531218 0.72141062 0.73013595
 0.73532339 0.73867377 0.7409829  0.74265671 0.74391904 0.74490169
 0.74568656 0.74632691 0.74685872 0.74730709 0.74769001 0.7480207
 0.74830908 0.74856273 0.74878751 0.74898807 0.7491681  0.74933059
 0.74947797]"
1036,"[0.72888328 1.27186717 1.42115677 1.47037292 1.49177236 1.50301395
 1.50969858 1.51403029 1.517019   1.51918167 1.52080611 1.52206338
 1.52306067 1.52386809 1.52453321 1.52508928 1.52556017 1.52596342
 1.52631215 1.52661638 1.52688385 1.52712066 1.52733164 1.52752068
 1.52769095]"
1037,"[0.96246837 1.18580338 1.25051265 1.28091394 1.29583373 1.30431699
 1.30971328 1.3134272  1.31613232 1.31818771 1.31980112 1.32110067
 1.32216951 1.32306389 1.32382321 1.32447584 1.32504276 1.32553979
 1.32597908 1.32637013 1.32672047 1.32703612 1.327322   1.32758213
 1.32781983]"
1038,"[0.56349802 1.31773646 1.60699774 1.72092785 1.77659969 1.80794444
 1.8274248  1.84043473 1.8496084  1.85635615 1.86148952 1.86550329
 1.86871368 1.87133095 1.8734996  1.8753218  1.8768716  1.8782038
 1.87935976 1.88037121 1.88126282 1.8820541  1.88276059 1.88339487
 1.88396718]"
1039,"[0.75744134 0.99696382 1.10388449 1.14979761 1.17472351 1.19023818
 1.20078974 1.20841938 1.21418833 1.21870097 1.2223262  1.2253017
 1.22778737 1.22989474 1.2317039  1.23327386 1.23464906 1.23586356
 1.23694396 1.23791126 1.23878233 1.23957084 1.24028798 1.24094301
 1.24154366]"
1040,"[0.7509802  1.29081576 1.39171438 1.41863524 1.42883067 1.43375925
 1.43654739 1.43830001 1.43948685 1.44033597 1.44096956 1.44145826
 1.4418454  1.44215887 1.4424174  1.44263394 1.44281775 1.44297557
 1.44311244 1.44323221 1.44333783 1.44343164 1.44351547 1.44359082
 1.44365889]"
1041,"[0.72007582 1.28257337 1.55523963 1.66147794 1.71384462 1.74400061
 1.76327901 1.77654236 1.78617211 1.79345565 1.79914382 1.80370154
 1.80743095 1.81053635 1.81316055 1.81540625 1.81734906 1.81904587
 1.82054026 1.82186614 1.82305029 1.82411415 1.82507505 1.82594717
 1.82674219]"
1042,"[0.73313162 1.35822602 1.47554741 1.52241894 1.54822796 1.56414883
 1.57475849 1.58225588 1.58780011 1.59204928 1.59540065 1.59810652
 1.60033399 1.6021978  1.60377909 1.6051368  1.60631469 1.6073459
 1.60825596 1.60906484 1.6097884  1.61043935 1.61102802 1.61156288
 1.61205095]"
1043,"[0.57154018 1.15882338 1.24875949 1.27396208 1.28540613 1.29190601
 1.29608299 1.29898656 1.30111832 1.30274789 1.30403287 1.30507141
 1.3059278  1.30664581 1.30725631 1.30778164 1.30823838 1.30863909
 1.30899343 1.30930899 1.30959179 1.30984664 1.3100775  1.31028758
 1.31047956]"
1044,"[1.21012963 1.52490005 1.60724091 1.63449832 1.64648223 1.65291343
 1.65684958 1.6594843  1.66136385 1.66276933 1.66385886 1.66472769
 1.6654365  1.66602566 1.66652307 1.66694858 1.66731673 1.66763838
 1.66792182 1.66817348 1.66839841 1.66860067 1.66878352 1.66894963
 1.6691012 ]"
1045,"[0.87215606 1.30284354 1.46156128 1.52169402 1.55189104 1.56980772
 1.58159427 1.58990798 1.59607355 1.60082184 1.60458771 1.60764551
 1.61017663 1.61230563 1.61412083 1.61568653 1.61705065 1.61824963
 1.61931164 1.6202588  1.62110874 1.62187565 1.6225711  1.62320462
 1.62378409]"
1046,"[0.93651462 1.54916004 1.65382057 1.67358409 1.67729424 1.67702383
 1.67568302 1.67412029 1.67260388 1.67121466 1.66996842 1.66885821
 1.66787002 1.66698869 1.66620003 1.66549155 1.6648525  1.66427373
 1.66374749 1.66326722 1.66282734 1.66242309 1.66205043 1.66170586
 1.66138638]"
1047,"[0.35795168 0.98375847 1.15058061 1.21303503 1.24453729 1.26325691
 1.27558075 1.28427891 1.29073392 1.29570864 1.29965697 1.30286527
 1.30552286 1.30775978 1.30966823 1.3113154  1.31275136 1.31401418
 1.31513332 1.31613194 1.31702847 1.31783777 1.31857198 1.31924105
 1.31985328]"
1048,"[0.16842745 0.8471893  1.05127953 1.14112352 1.19003813 1.22033255
 1.24078292 1.25545686 1.26647285 1.27503462 1.28187366 1.28745882
 1.2921039  1.29602657 1.2993824  1.30228545 1.30482122 1.30705503
 1.3090376  1.31080896 1.31240105 1.31383972 1.31514607 1.31633751
 1.31742855]"
1049,"[0.66702657 1.09734913 1.17062328 1.20535265 1.22571097 1.238747
 1.24771258 1.25422552 1.2591592  1.26302069 1.26612274 1.26866801
 1.27079331 1.27259423 1.27413951 1.2754798  1.27665324 1.27768908
 1.27861014 1.27943445 1.28017647 1.28084792 1.28145839 1.28201583
 1.28252683]"
1050,"[0.75017641 1.40340656 1.47472517 1.4659815  1.44981187 1.43561019
 1.42417423 1.41504111 1.40767443 1.40164762 1.39664529 1.39243712
 1.38885383 1.38576941 1.38308867 1.38073869 1.37866276 1.37681626
 1.3751636  1.37367613 1.3723305  1.37110752 1.3699913  1.36896854
 1.36802807]"
1051,"[0.6163963  0.70076467 0.83949188 0.90357206 0.93846037 0.9600885
 0.97471648 0.98523575 0.99315003 0.99931369 1.00424632 1.00828137
 1.01164233 1.01448444 1.01691882 1.01902708 1.02087045 1.02249579
 1.02393953 1.02523043 1.0263915  1.02744135 1.02839521 1.02926565
 1.03006314]"
1052,"[0.74403899 1.16427115 1.33812493 1.42337318 1.47105676 1.50078628
 1.52086006 1.53523382 1.54599307 1.55432906 1.56096707 1.566372
 1.5708547  1.57463047 1.57785291 1.58063442 1.58305907 1.58519096
 1.58707978 1.58876464 1.5902767  1.59164114 1.59287847 1.59400559
 1.59503655]"
1053,"[0.07284228 0.58151145 0.7559385  0.82793565 0.86657843 0.89052759
 0.9067691  0.91848534 0.92732606 0.93422908 0.93976586 0.94430398
 0.94809038 0.951297   0.95404719 0.9564317  0.95851876 0.96036064
 0.96199809 0.96346329 0.96478202 0.96597518 0.96705985 0.96805017
 0.96895793]"
1054,"[2.58555843e-11 1.02066052e-05 2.60684473e-04 8.39547398e-04
 1.43527675e-03 1.91849863e-03 2.28885651e-03 2.57238229e-03
 2.79278478e-03 2.96743103e-03 3.10844808e-03 3.22428409e-03
 3.32089991e-03 3.40257641e-03 3.47244603e-03 3.53284275e-03
 3.58553550e-03 3.63188609e-03 3.67295796e-03 3.70959263e-03
 3.74246386e-03 3.77211705e-03 3.79899811e-03 3.82347492e-03
 3.84585358e-03]"
1055,"[0.8126975  1.37291967 1.5172093  1.55883662 1.57486714 1.58231336
 1.58621071 1.58841994 1.58974273 1.59056492 1.59108835 1.59142567
 1.59164308 1.59178112 1.59186554 1.59191313 1.59193511 1.59193917
 1.59193062 1.59191323 1.59188966 1.59186185 1.5918312  1.59179874
 1.59176521]"
1056,"[0.47285673 0.77939639 0.92609151 1.00194324 1.04815453 1.07811228
 1.0987019  1.11358378 1.12478817 1.13350461 1.14046757 1.14615189
 1.15087686 1.15486453 1.15827381 1.16122127 1.16379433 1.16605972
 1.16806929 1.1698639  1.17147616 1.17293246 1.1742543  1.17545944
 1.17656265]"
1057,"[0.25760311 0.86785085 1.07284116 1.16076022 1.20812422 1.23734209
 1.25703306 1.2711513  1.2817461  1.28997889 1.29655444 1.30192411
 1.30638983 1.31016098 1.31338715 1.31617804 1.31861585 1.32076336
 1.32266935 1.3243723  1.3259029  1.32728602 1.32854193 1.32968739
 1.33073631]"
1058,"[0.60054376 0.8401385  0.86753598 0.9005204  0.92972166 0.95148959
 0.96755285 0.97968289 0.98909446 0.99658007 1.00266259 1.00769596
 1.01192642 1.01552979 1.01863462 1.02133688 1.02370959 1.02580922
 1.02768011 1.02935755 1.03086994 1.03224041 1.03348799 1.03462844
 1.03567496]"
1059,"[1.08882151 1.41267007 1.47391733 1.48759647 1.49137448 1.49254632
 1.49288164 1.49291417 1.49283177 1.49270779 1.49257272 1.49243952
 1.49231353 1.49219664 1.4920892  1.4919908  1.49190079 1.4918184
 1.49174289 1.49167353 1.49160969 1.49155078 1.49149631 1.49144581
 1.49139888]"
1060,"[0.58172941 1.21431189 1.38099823 1.44475425 1.47485711 1.49153458
 1.50186904 1.50880262 1.51373404 1.51740034 1.52022211 1.5224549
 1.52426208 1.52575252 1.52700135 1.52806198 1.52897334 1.52976441
 1.53045723 1.5310688  1.53161245 1.53209878 1.5325363  1.53293194
 1.53329138]"
1061,"[0.74978541 1.39015456 1.52255718 1.55747573 1.57036472 1.57629268
 1.57945541 1.58132991 1.58253051 1.58334633 1.583927   1.58435592
 1.58468253 1.58493757 1.585141   1.58530623 1.58544253 1.58555651
 1.58565296 1.58573543 1.58580661 1.58586857 1.5859229  1.58597086
 1.58601347]"
1062,"[0.72029917 1.09304825 1.14186383 1.15735057 1.1657501  1.17106173
 1.17469135 1.17731066 1.17928136 1.1808136  1.18203687 1.18303486
 1.18386386 1.18456303 1.18516039 1.1856765  1.18612677 1.18652296
 1.18687422 1.18718774 1.18746926 1.18772343 1.18795403 1.18816418
 1.18835649]"
1063,"[0.75460224 1.28240256 1.41691498 1.46424198 1.48596862 1.49779253
 1.50499989 1.50975827 1.51309018 1.51553054 1.51738233 1.51882814
 1.51998377 1.5209257  1.5217063  1.52236245 1.52292082 1.52340112
 1.52381819 1.5241834  1.52450562 1.52479181 1.52504756 1.52527736
 1.52548489]"
1064,"[0.60437045 0.87789447 0.92818453 0.93402125 0.93437899 0.93395745
 0.93348283 0.93307577 0.93274438 0.93247629 0.93225784 0.93207786
 0.93192779 0.9318012  0.93169328 0.93160036 0.93151965 0.93144898
 0.93138664 0.93133129 0.93128185 0.93123745 0.93119737 0.93116102
 0.93112792]"
1065,"[0.26374197 1.0123771  1.24404357 1.34731991 1.40071753 1.43200456
 1.45218347 1.46615102 1.47634224 1.48408373 1.49015296 1.49503312
 1.49903919 1.50238476 1.50521955 1.50765146 1.50976019 1.51160579
 1.5132344  1.51468198 1.51597701 1.5171423  1.51819636 1.51915434
 1.52002876]"
1066,"[1.02500847 1.45792722 1.45579665 1.42194947 1.40155573 1.39037181
 1.38394243 1.37999214 1.3774117  1.37563661 1.37436219 1.37341432
 1.37268832 1.37211836 1.37166146 1.37128858 1.37097954 1.37071995
 1.37049931 1.37030982 1.37014557 1.37000202 1.36987564 1.36976361
 1.36966372]"
1067,"[0.52790632 1.0325358  1.13615941 1.17498547 1.1950574  1.20725787
 1.2154332  1.22128229 1.22566909 1.22907835 1.23180261 1.23402862
 1.23588112 1.23744652 1.23878656 1.23994651 1.2409603  1.24185384
 1.24264729 1.24335654 1.24399429 1.24457082 1.24509453 1.24557234
 1.24601003]"
1068,"[0.40155373 1.1009828  1.31932529 1.40463547 1.44796133 1.47374617
 1.49072269 1.50269927 1.51158126 1.51842126 1.52384589 1.52825051
 1.53189647 1.53496324 1.53757806 1.53983356 1.54179876 1.54352613
 1.54505624 1.54642096 1.54764565 1.54875077 1.54975297 1.55066595
 1.5515011 ]"
1069,"[0.99028042 1.24540211 1.30627447 1.32774656 1.33856142 1.34510713
 1.34950928 1.35267798 1.35506997 1.35694047 1.35844361 1.35967809
 1.36071012 1.36158574 1.36233804 1.36299135 1.36356402 1.3640701
 1.36452057 1.36492413 1.36528773 1.36561703 1.36591667 1.36619047
 1.36644164]"
1070,"[0.9480388  1.65466152 1.81393228 1.8565457  1.87071963 1.87603252
 1.87806225 1.87873096 1.87879695 1.87858947 1.87826143 1.87788702
 1.87750309 1.87712787 1.87677005 1.87643331 1.87611867 1.87582575
 1.87555351 1.87530058 1.87506548 1.87484676 1.87464302 1.87445296
 1.87427538]"
1071,"[0.30860823 0.96765799 1.16289077 1.23890708 1.27798586 1.30155274
 1.31726001 1.32846131 1.3368464  1.34335617 1.34855524 1.35280259
 1.35633726 1.35932452 1.36188226 1.36409681 1.36603284 1.36773974
 1.36925589 1.37061155 1.3718309  1.37293351 1.37393537 1.37484967
 1.37568742]"
1072,"[0.84863058 1.24327159 1.34752413 1.40548789 1.44182297 1.46619612
 1.48349593 1.49634331 1.50623265 1.51406684 1.5204195  1.52567094
 1.53008259 1.5338397  1.53707711 1.53989517 1.54237005 1.54456061
 1.54651303 1.54826402 1.54984314 1.55127444 1.55257772 1.55376937
 1.55486312]"
1073,"[0.97000527 1.23416417 1.28618592 1.29744576 1.30178012 1.30408914
 1.30555542 1.3065858  1.30735731 1.30796032 1.30844647 1.30884769
 1.30918499 1.30947283 1.30972153 1.30993868 1.31013001 1.31029991
 1.31045182 1.31058847 1.31071208 1.31082444 1.31092702 1.31102106
 1.31110758]"
1074,"[0.57413849 0.96114366 1.01022241 0.97848022 0.94412088 0.91670112
 0.89559478 0.87920324 0.86623853 0.85578663 0.84721076 0.84006319
 0.83402356 0.82885827 0.8243937  0.82049857 0.81707197 0.81403518
 0.81132601 0.80889467 0.80670089 0.80471176 0.80290014 0.80124343
 0.79972271]"
1075,"[0.87963322 1.29016124 1.37602569 1.40331336 1.4163948  1.42409975
 1.42918666 1.43279745 1.43549302 1.43758183 1.43924773 1.44060712
 1.44173733 1.44269172 1.44350828 1.44421482 1.44483214 1.44537611
 1.44585905 1.44629068 1.44667875 1.44702953 1.44734815 1.44763883
 1.44790509]"
1076,"[0.4896373  0.95428769 1.06065891 1.08936628 1.10324172 1.11177439
 1.11763547 1.12192924 1.12521503 1.12781168 1.12991563 1.13165494
 1.13311674 1.13436248 1.1354367  1.13637248 1.13719493 1.13792343
 1.13857319 1.13915631 1.13968253 1.14015977 1.14059456 1.14099233
 1.1413576 ]"
1077,"[0.79795898 1.06933743 1.22752698 1.27627402 1.29573626 1.30506278
 1.31012302 1.31311979 1.31501226 1.31626701 1.31713107 1.31774426
 1.31819009 1.3185207  1.31876984 1.31896009 1.31910692 1.31922121
 1.31931077 1.31938127 1.31943694 1.31948094 1.31951569 1.31954305
 1.31956446]"
1078,"[0.29245827 0.97049654 1.17343326 1.23734355 1.26435671 1.27821504
 1.28630588 1.29147769 1.29501058 1.29754871 1.29944547 1.30090835
 1.30206603 1.30300196 1.30377237 1.30441633 1.30496174 1.30542903
 1.30583344 1.30618656 1.30649733 1.30677279 1.30701849 1.30723893
 1.30743773]"
1079,"[0.93686641 1.51893496 1.55863705 1.55890504 1.55891417 1.55950242
 1.56021951 1.56089233 1.56147819 1.56197688 1.56239968 1.56275936
 1.56306732 1.56333295 1.5635638  1.56376589 1.56394404 1.56410208
 1.56424313 1.56436969 1.56448383 1.56458725 1.56468136 1.56476733
 1.56484615]"
1080,"[0.62688315 1.19924494 1.48455483 1.59731615 1.65247826 1.68428054
 1.70475164 1.71896599 1.72938785 1.73734636 1.74361792 1.74868517
 1.75286332 1.75636678 1.75934634 1.76191105 1.76414174 1.76609957
 1.76783162 1.76937478 1.7707583  1.77200571 1.77313613 1.77416527
 1.77510614]"
1081,"[0.82596156 1.18248419 1.23494859 1.23982042 1.23918878 1.23812824
 1.23726922 1.23663245 1.2361634  1.23581316 1.23554676 1.2353403
 1.23517746 1.23504696 1.23494088 1.23485354 1.23478078 1.23471955
 1.23466754 1.23462298 1.23458452 1.23455109 1.23452185 1.23449612
 1.23447335]"
1082,"[0.70816498 1.22682952 1.37421891 1.39475405 1.39080444 1.3829115
 1.37529697 1.36874199 1.36324594 1.35864693 1.35477512 1.35148708
 1.34866886 1.34623155 1.34410588 1.3422376  1.34058389 1.33911063
 1.33779042 1.33660098 1.3355241  1.33454474 1.33365039 1.33283057
 1.33207642]"
1083,"[1.04629604 1.4755291  1.58028256 1.59195119 1.58698388 1.57948901
 1.57236687 1.56616614 1.56088146 1.55638558 1.55254186 1.54923185
 1.54635914 1.54384679 1.54163365 1.53967093 1.5379195  1.53634774
 1.53492985 1.53364467 1.53247464 1.53140516 1.53042394 1.5295206
 1.5286863 ]"
1084,"[0.85606368 1.63369515 1.73168208 1.722781   1.70071523 1.68029788
 1.66341289 1.64969591 1.63849759 1.62925308 1.62152633 1.61499022
 1.60939971 1.60456981 1.60035919 1.59665856 1.59338234 1.59046273
 1.58784538 1.58548631 1.58334956 1.58140546 1.57962935 1.57800057
 1.57650167]"
1085,"[0.68580761 1.54874139 1.64772436 1.64404358 1.62902966 1.61479594
 1.60289509 1.59314413 1.58512336 1.57845659 1.57284956 1.56807949
 1.56397824 1.56041805 1.55730073 1.55454994 1.55210559 1.54991981
 1.5479541  1.54617713 1.5445632  1.54309104 1.54174287 1.54050376
 1.53936108]"
1086,"[4.72412523e-04 5.18104959e-01 7.74623954e-01 8.60087554e-01
 8.96543695e-01 9.15318569e-01 9.26376474e-01 9.33539402e-01
 9.38510736e-01 9.42143418e-01 9.44905027e-01 9.47070856e-01
 9.48812549e-01 9.50242242e-01 9.51436087e-01 9.52447513e-01
 9.53315055e-01 9.54067175e-01 9.54725335e-01 9.55306014e-01
 9.55822069e-01 9.56283671e-01 9.56698974e-01 9.57074585e-01
 9.57415916e-01]"
1087,"[0.0552997  0.94749127 1.21546344 1.30757098 1.34866461 1.37069779
 1.38408505 1.39295968 1.39922544 1.40386313 1.40742331 1.41023651
 1.41251215 1.41438886 1.41596185 1.41729853 1.4184479  1.41944638
 1.42032162 1.42109491 1.42178297 1.42239905 1.42295381 1.42345592
 1.42391249]"
1088,"[0.00508438 0.21244488 0.42437816 0.53001209 0.58686704 0.62079696
 0.64285279 0.65816817 0.66935536 0.67785511 0.68451745 0.68987252
 0.69426655 0.69793454 0.70104124 0.70370542 0.70601474 0.70803528
 0.70981775 0.71140169 0.71281838 0.71409289 0.71524553 0.71629292
 0.71724881]"
1089,"[0.3823284  0.86868211 1.09679769 1.21285319 1.28003419 1.32292169
 1.35239785 1.37380383 1.39001394 1.40269635 1.41288009 1.42123222
 1.42820315 1.43410756 1.43917172 1.44356235 1.44740497 1.45079582
 1.45380992 1.4565066  1.45893337 1.46112873 1.46312422 1.46494588
 1.46661546]"
1090,"[0.98817572 1.75516156 1.87509721 1.87385172 1.85365232 1.83341786
 1.81621287 1.80203193 1.79034529 1.78062985 1.77246349 1.76552238
 1.75956062 1.75439078 1.74986869 1.74588219 1.74234304 1.739181
 1.73633961 1.73377296 1.73144343 1.7293199  1.7273764  1.72559114
 1.72394566]"
1091,"[1.33147789 1.48179017 1.49052456 1.47955002 1.46990934 1.46276512
 1.45747766 1.45347122 1.45035573 1.44787516 1.44585915 1.4441915
 1.44279094 1.44159915 1.4405734  1.4396817  1.4388997  1.43820853
 1.43759339 1.4370425  1.43654637 1.43609727 1.43568888 1.43531592
 1.434974  ]"
1092,"[0.46777743 1.23760708 1.35082803 1.38405294 1.39882122 1.40700305
 1.41216863 1.41571821 1.41830514 1.42027345 1.42182103 1.42306963
 1.4240982  1.42496018 1.42569298 1.42632362 1.42687207 1.42735341
 1.42777924 1.42815865 1.42849884 1.42880558 1.42908358 1.42933669
 1.42956812]"
1093,"[0.32795035 1.01705103 1.1997409  1.27053716 1.30654687 1.32802728
 1.34220215 1.35222332 1.35966929 1.36541318 1.36997545 1.37368491
 1.3767592  1.37934797 1.38155744 1.383465   1.38512843 1.38659164
 1.38788866 1.38904621 1.39008561 1.39102402 1.39187547 1.39265149
 1.39336167]"
1094,"[0.75104678 1.01789595 1.35558997 1.4923932  1.55864791 1.59630847
 1.62018255 1.63651769 1.64833409 1.65724884 1.66419842 1.66975965
 1.67430585 1.67808868 1.68128364 1.68401663 1.68638028 1.68844415
 1.69026145 1.69187361 1.69331328 1.69460659 1.69577466 1.69683475
 1.6978011 ]"
1095,"[0.76422515 1.34597876 1.43646517 1.45236131 1.45516145 1.45514125
 1.45449746 1.45377472 1.45311188 1.45253642 1.45204448 1.45162453
 1.45126457 1.45095408 1.45068439 1.45044849 1.45024075 1.45005663
 1.44989249 1.44974534 1.44961276 1.44949275 1.44938363 1.44928403
 1.44919277]"
1096,"[0.92932486 1.29923907 1.40332319 1.45564789 1.48420305 1.50143599
 1.51278824 1.52077677 1.52668367 1.53122034 1.53481005 1.53771928
 1.54012368 1.54214354 1.54386391 1.54534657 1.54663746 1.54777142
 1.54877536 1.54967038 1.55047327 1.55119753 1.55185415 1.55245218
 1.55299911]"
1097,"[0.75739986 1.16060826 1.27220883 1.30998515 1.32769347 1.33777041
 1.34422664 1.34870136 1.3519798  1.35448272 1.35645505 1.35804875
 1.35936299 1.36046516 1.36140265 1.36220973 1.36291179 1.36352806
 1.36407333 1.36455919 1.36499484 1.36538766 1.36574368 1.36606783
 1.3663642 ]"
1098,"[0.5818054  1.22966866 1.44589758 1.52492895 1.56265352 1.58415331
 1.59787883 1.60734351 1.61424104 1.61948015 1.62358919 1.62689519
 1.62961086 1.63188033 1.63380455 1.63545633 1.6368894  1.63814433
 1.63925225 1.64023746 1.64111921 1.64191294 1.64263115 1.64328411
 1.6438803 ]"
1099,"[0.92750075 1.17606173 1.22424537 1.26076984 1.28334013 1.29793675
 1.30801571 1.31535702 1.32093031 1.32530058 1.32881709 1.33170661
 1.33412246 1.33617192 1.33793226 1.33946048 1.34079956 1.34198252
 1.3430351  1.34397771 1.34482671 1.34559537 1.34629455 1.34693328
 1.34751905]"
1100,"[1.21608333 1.461166   1.47725443 1.46445256 1.45294326 1.44460677
 1.4385726  1.43407875 1.43062935 1.42790969 1.42571583 1.42391157
 1.42240317 1.4211243  1.42002684 1.41907511 1.41824214 1.41750715
 1.41685393 1.41626964 1.41574397 1.41526855 1.41483655 1.4144423
 1.41408107]"
1101,"[0.61375344 0.7660409  0.65064485 0.57628755 0.56170294 0.56432048
 0.56931647 0.57382019 0.57748736 0.58043041 0.58280939 0.58475746
 0.58637488 0.58773553 0.58889399 0.58989097 0.59075727 0.59151651
 0.59218706 0.59278338 0.59331699 0.59379717 0.5942315  0.59462617
 0.59498634]"
1102,"[0.80925556 1.5682489  1.71014543 1.7316457  1.73108342 1.72646057
 1.7215554  1.71717902 1.71343657 1.71026354 1.70756606 1.70525752
 1.70326615 1.70153455 1.70001722 1.69867806 1.69748831 1.69642487
 1.69546903 1.69460551 1.69382175 1.69310733 1.69245355 1.69185306
 1.69129967]"
1103,"[0.7284198  1.35783564 1.45205707 1.48545094 1.5033338  1.51444672
 1.52197114 1.52737711 1.53143577 1.53458818 1.5371037  1.5391555
 1.54085971 1.54229695 1.5435249  1.54458582 1.54551139 1.5463258
 1.54704782 1.54769225 1.5482709  1.54879329 1.54926723 1.54969912
 1.5500943 ]"
1104,"[1.11603562 1.52648736 1.62082888 1.63723669 1.63717493 1.63346766
 1.62921273 1.62522081 1.6216768  1.61858236 1.6158884  1.61353717
 1.6114753  1.60965709 1.60804453 1.60660633 1.60531679 1.60415475
 1.6031027  1.6021461  1.60127277 1.6004725  1.59973663 1.59905778
 1.59842966]"
1105,"[0.12094406 0.8615559  1.07409681 1.16135491 1.20704481 1.23470947
 1.25311701 1.26619414 1.27593994 1.28347228 1.28946244 1.29433678
 1.29837861 1.30178323 1.30468959 1.30719911 1.30938755 1.3113126
 1.31301894 1.31454172 1.31590898 1.31714331 1.31826316 1.3192837
 1.32021756]"
1106,"[0.39807501 0.7839146  1.03873379 1.14293899 1.19503849 1.22510955
 1.24427847 1.25739997 1.26687106 1.27399166 1.27952008 1.28392521
 1.28751098 1.2904823  1.29298188 1.29511198 1.29694764 1.29854509
 1.29994726 1.30118745 1.30229185 1.30328137 1.30417285 1.30498004
 1.30571423]"
1107,"[0.29424103 0.4410433  0.55327518 0.61379137 0.6487564  0.67101633
 0.68624844 0.69724801 0.7055263  0.71196269 0.71709985 0.72128906
 0.72476691 0.72769813 0.73020076 0.73236141 0.73424503 0.73590122
 0.73736851 0.73867723 0.73985158 0.74091113 0.74187182 0.74274679
 0.74354696]"
1108,"[0.13387252 0.83669708 1.04337445 1.13110111 1.17791339 1.20659699
 1.22584163 1.23959849 1.24990073 1.25789441 1.26427212 1.26947604
 1.27380127 1.27745203 1.28057405 1.28327401 1.28563182 1.28770844
 1.28955122 1.29119746 1.29267692 1.2940137  1.29522743 1.29633433
 1.29734789]"
1109,"[0.34498565 0.86361051 1.06102644 1.1188297  1.13674002 1.14165509
 1.14187447 1.14033142 1.13816893 1.13585948 1.13360186 1.13147624
 1.12950953 1.12770447 1.12605317 1.12454355 1.12316233 1.12189655
 1.12073418 1.1196643  1.1186772  1.11776428 1.11691795 1.11613154
 1.11539916]"
1110,"[0.52318644 1.09104623 1.31244878 1.40134943 1.44557447 1.47132674
 1.4879759  1.49954901 1.50802854 1.51449349 1.51957769 1.52367644
 1.52704839 1.52986955 1.53226369 1.53432029 1.5361056  1.53766966
 1.539051   1.54027971 1.54137966 1.54236998 1.54326623 1.54408115
 1.5448253 ]"
1111,"[4.70360040e-06 2.85221650e-01 6.68427961e-01 8.06303640e-01
 8.67853646e-01 9.00821708e-01 9.20862023e-01 9.34168433e-01
 9.43584318e-01 9.50571322e-01 9.55949031e-01 9.60209395e-01
 9.63664235e-01 9.66520167e-01 9.68919228e-01 9.70962127e-01
 9.72722175e-01 9.74253965e-01 9.75598956e-01 9.76789189e-01
 9.77849800e-01 9.78800784e-01 9.79658239e-01 9.80435267e-01
 9.81142640e-01]"
1112,"[0.81029184 0.86868412 0.97324152 1.03799896 1.07563351 1.09955776
 1.11596324 1.12786725 1.13688117 1.14393556 1.14960277 1.15425321
 1.15813677 1.16142796 1.16425226 1.16670214 1.16884723 1.17074095
 1.17242494 1.17393215 1.17528898 1.17651682 1.17763322 1.17865265
 1.17958722]"
1113,"[0.95918676 1.36176826 1.41172222 1.42829228 1.43683945 1.44210226
 1.4456814  1.44827847 1.45025128 1.45180196 1.45305358 1.4540854
 1.45495088 1.45568738 1.45632181 1.45687409 1.45735923 1.4577888
 1.45817185 1.45851557 1.45882573 1.45910701 1.45936329 1.45959775
 1.45981307]"
1114,"[0.81142168 1.02348592 1.0443357  1.07097501 1.08756784 1.09770622
 1.10431547 1.10889532 1.11222876 1.11475127 1.11672044 1.11829696
 1.11958568 1.12065763 1.12156251 1.12233608 1.12300466 1.12358805
 1.12410139 1.12455647 1.1249626  1.1253272  1.1256563  1.12595481
 1.12622676]"
1115,"[0.79292399 1.01724781 1.12735999 1.15532693 1.16698113 1.1734311
 1.17758589 1.18051139 1.18269361 1.1843886  1.18574536 1.18685703
 1.18778511 1.18857193 1.18924765 1.18983435 1.19034862 1.19080312
 1.19120775 1.19157029 1.191897   1.19219296 1.19246232 1.19270851
 1.19293441]"
1116,"[0.95340679 1.54887298 1.65547905 1.67177209 1.67176666 1.66834034
 1.66442923 1.66077737 1.65754734 1.65473544 1.65229343 1.65016647
 1.64830455 1.64666516 1.64521313 1.64391964 1.64276108 1.64171805
 1.64077456 1.63991734 1.63913531 1.63841915 1.63776103 1.63715424
 1.63659308]"
1117,"[0.96530081 1.33106165 1.34688791 1.35605811 1.36130634 1.36425081
 1.36601052 1.36713236 1.36788745 1.36841865 1.36880609 1.36909721
 1.36932147 1.3694979  1.36963924 1.36975423 1.36984908 1.36992825
 1.36999504 1.37005192 1.37010078 1.37014306 1.37017991 1.37021224
 1.37024075]"
1118,"[0.55714883 1.13785597 1.23968782 1.27144795 1.28684097 1.29598818
 1.30207095 1.30641545 1.30967636 1.31221526 1.31424857 1.31591388
 1.31730296 1.31847933 1.31948843 1.32036359 1.32112984 1.32180631
 1.32240793 1.32294648 1.32343137 1.32387025 1.32426938 1.32463391
 1.32496817]"
1119,"[0.88557511 1.24535102 1.33259992 1.3765133  1.4048141  1.42357011
 1.43654245 1.44591643 1.45295267 1.45840372 1.46273839 1.46626088
 1.46917594 1.47162579 1.47371205 1.47550908 1.47707246 1.47844451
 1.47965802 1.48073871 1.48170711 1.48257971 1.48336997 1.48408895
 1.48474581]"
1120,"[0.69739034 1.25090078 1.40522184 1.45399686 1.47526327 1.48656342
 1.49336814 1.49783093 1.50094414 1.50321949 1.50494406 1.50628982
 1.50736529 1.50824198 1.5089687  1.50957979 1.51010004 1.51054777
 1.51093676 1.51127757 1.51157841 1.51184576 1.5120848  1.5122997
 1.51249387]"
1121,"[0.08503923 0.8281379  1.0392697  1.10698048 1.13775646 1.15500397
 1.16596259 1.17351911 1.17903635 1.18323791 1.1865424  1.18920842
 1.19140416 1.19324362 1.19480681 1.19615148 1.19732037 1.19834578
 1.19925255 1.20006012 1.2007839  1.20143627 1.20202728 1.20256521
 1.20305688]"
1122,"[0.75741078 1.41682521 1.54618827 1.58477202 1.60138647 1.61038101
 1.616017   1.61990659 1.62277427 1.62498999 1.62676199 1.62821669
 1.62943558 1.63047379 1.63137005 1.63215251 1.63284216 1.63345499
 1.63400347 1.63449742 1.63494476 1.63535188 1.63572407 1.6360657
 1.63638044]"
1123,"[1.06179095 1.76764478 1.94656735 1.99496939 2.0080055  2.00985271
 2.00788841 2.0046756  2.00117879 1.99777117 1.99459035 1.99167594
 1.9890265  1.98662419 1.9844457  1.98246708 1.98066582 1.97902159
 1.97751642 1.97613455 1.97486227 1.97368764 1.97260029 1.97159117
 1.97065238]"
1124,"[0.81753993 1.46821797 1.58540713 1.61179039 1.61861429 1.61999325
 1.61962808 1.61869349 1.61760839 1.6165304  1.61551772 1.61458839
 1.61374394 1.61297927 1.61228704 1.61165947 1.61108922 1.61056962
 1.61009477 1.60965953 1.60925941 1.60889053 1.60854952 1.60823343
 1.60793972]"
1125,"[0.52495744 1.16027364 1.26918837 1.30425177 1.32061425 1.32995981
 1.33597907 1.34017193 1.34325728 1.34562149 1.3474903  1.34900433
 1.35025567 1.3513071  1.35220293 1.35297526 1.35364796 1.35423911
 1.35476269 1.35522964 1.35564867 1.35602679 1.35636971 1.35668213
 1.35696793]"
1126,"[0.50289295 1.31841897 1.46139928 1.47886006 1.47481201 1.46814659
 1.46225916 1.45754738 1.45384088 1.45090947 1.44856223 1.44665607
 1.44508645 1.44377705 1.44267168 1.44172845 1.44091574 1.44020933
 1.43959045 1.43904436 1.43855936 1.43812607 1.43773688 1.43738558
 1.43706704]"
1127,"[0.35610059 0.81059971 1.03070027 1.13199844 1.18731139 1.22141177
 1.24430362 1.26064477 1.27285707 1.2823117  1.28983857 1.29596757
 1.301052   1.3053361  1.30899389 1.3121526  1.31490733 1.31733059
 1.31947856 1.32139544 1.3231165  1.3246702  1.32607973 1.32736422
 1.32853956]"
1128,"[0.17451131 0.91143324 1.12002029 1.19682151 1.23203678 1.25092179
 1.26223494 1.26957826 1.27463982 1.27829407 1.28103088 1.28314233
 1.28481166 1.28615874 1.28726483 1.28818667 1.28896495 1.2896295
 1.2902026  1.29070123 1.29113851 1.2915247  1.29186796 1.29217485
 1.29245066]"
1129,"[1.0537902  1.81125583 1.91344429 1.91517482 1.90169123 1.8875449
 1.87525123 1.86496848 1.85640098 1.8492172  1.84313691 1.83793931
 1.83345365 1.82954797 1.82611964 1.82308812 1.82038956 1.81797283
 1.81579656 1.81382699 1.81203632 1.81040146 1.80890309 1.80752493
 1.80625318]"
1130,"[0.60836201 1.2857242  1.44542906 1.49582925 1.51746039 1.528735
 1.5353968  1.539689   1.54263456 1.54475518 1.54634033 1.54756156
 1.54852602 1.54930363 1.54994165 1.55047305 1.55092145 1.55130412
 1.55163399 1.55192086 1.55217233 1.55239434 1.5525916  1.55276789
 1.55292628]"
1131,"[0.43569003 1.01566033 1.16142996 1.19921221 1.21526599 1.2243463
 1.23029334 1.23452685 1.23770663 1.24018712 1.24217793 1.24381181
 1.24517718 1.24633536 1.24733025 1.24819416 1.24895136 1.24962049
 1.25021606 1.25074958 1.25123026 1.25166558 1.25206168 1.25242361
 1.25275563]"
1132,"[0.46227831 1.33830247 1.56302821 1.6317038  1.65950936 1.67315295
 1.68077631 1.68544592 1.6885074  1.6906219  1.69214364 1.69327579
 1.69414148 1.69481877 1.69535907 1.69579737 1.69615812 1.69645885
 1.69671236 1.69692821 1.69711365 1.69727425 1.69741434 1.69753736
 1.69764603]"
1133,"[0.12551521 0.82461326 1.03431641 1.12493938 1.17390055 1.20410034
 1.22443208 1.23899166 1.24990437 1.25837467 1.26513306 1.27064702
 1.27522902 1.27909554 1.28240113 1.28525903 1.28775403 1.28995085
 1.29189974 1.2936403  1.29520414 1.29661679 1.29789911 1.2990683
 1.30013867]"
1134,"[1.0577357  1.39292826 1.39947749 1.39321291 1.39093752 1.39032266
 1.39027716 1.39042172 1.39062172 1.39082786 1.39102239 1.39119979
 1.39135934 1.39150216 1.39162993 1.39174446 1.39184741 1.39194028
 1.39202434 1.39210072 1.39217036 1.39223407 1.39229256 1.39234642
 1.39239615]"
1135,"[0.66399059 1.10401951 1.28750357 1.34936839 1.37709001 1.39205494
 1.40118961 1.40726007 1.41155017 1.41472565 1.417162   1.41908545
 1.42063967 1.42191991 1.42299165 1.42390127 1.42468247 1.42536032
 1.42595383 1.42647764 1.42694322 1.42735969 1.42773435 1.42807315
 1.42838096]"
1136,"[0.82477606 1.12965859 1.22903542 1.27052499 1.29017002 1.30101176
 1.30771685 1.31221696 1.31542406 1.31781574 1.31966328 1.32113104
 1.32232392 1.32331178 1.32414285 1.32485144 1.3254626  1.32599501
 1.3264629  1.32687726 1.32724676 1.32757826 1.32787734 1.32814851
 1.32839549]"
1137,"[0.33108907 0.36088423 0.35180076 0.34089826 0.33162986 0.32421891
 0.31833497 0.31362114 0.3097926  0.30663786 0.30400241 0.30177292
 0.29986541 0.29821677 0.2967789  0.29551465 0.29439494 0.29339672
 0.29250151 0.29169437 0.29096306 0.29029748 0.28968924 0.28913131
 0.28861773]"
1138,"[0.10384071 0.83689822 1.05026294 1.13828236 1.18450612 1.2125432
 1.23122404 1.24451134 1.25442475 1.26209446 1.26819964 1.27317192
 1.27729825 1.28077663 1.28374798 1.28631523 1.28855531 1.29052684
 1.29227525 1.29383631 1.29523852 1.29650493 1.2976543  1.29870212
 1.29966126]"
1139,"[0.75124759 1.07148586 1.11571328 1.13286464 1.14104292 1.14559148
 1.14841826 1.15031921 1.15167372 1.15268218 1.15345919 1.15407453
 1.1545729  1.15498412 1.15532881 1.15562164 1.15587331 1.15609179
 1.15628316 1.1564521  1.15660228 1.15673663 1.1568575  1.15696679
 1.15706609]"
1140,"[0.60938425 0.99602812 1.20822443 1.30055081 1.35065139 1.38175753
 1.40284945 1.41805681 1.429526   1.43847762 1.44565516 1.45153658
 1.45644281 1.46059717 1.46415978 1.46724841 1.46995156 1.47233706
 1.47445769 1.47635519 1.47806297 1.47960809 1.48101272 1.48229517
 1.48347069]"
1141,"[0.31951683 1.01618319 1.20681512 1.25873138 1.27890065 1.28894391
 1.29480038 1.29859022 1.30122671 1.30315997 1.30463511 1.30579615
 1.30673291 1.30750418 1.30814996 1.30869839 1.30916984 1.30957937
 1.30993838 1.31025564 1.310538   1.3107909  1.31101872 1.311225
 1.31141264]"
1142,"[0.58412578 0.75073749 0.78484856 0.79803142 0.79804811 0.79408134
 0.78946787 0.78517687 0.78142597 0.77820678 0.77545136 0.77308457
 0.77103939 0.76926002 0.76770114 0.76632627 0.76510601 0.76401658
 0.76303864 0.76215635 0.76135666 0.76062872 0.75996346 0.75935324
 0.75879161]"
1143,"[0.51845276 1.10316693 1.22884007 1.27427111 1.29765836 1.31190588
 1.32148804 1.32836987 1.3335498  1.33758861 1.34082538 1.34347709
 1.34568903 1.3475621  1.34916854 1.35056146 1.35178074 1.35285691
 1.35381376 1.35467008 1.35544091 1.35613844 1.35677264 1.35735176
 1.35788267]"
1144,"[0.56320917 1.18678278 1.35973478 1.41760278 1.44395737 1.45826674
 1.46696529 1.47268632 1.47667372 1.47957915 1.48177185 1.48347437
 1.48482763 1.48592464 1.48682889 1.48758504 1.48822527 1.48877331
 1.48924698 1.48965989 1.49002261 1.49034344 1.490629   1.49088459
 1.49111456]"
1145,"[0.94546574 1.04579177 1.04007032 1.05947037 1.06994101 1.0748037
 1.07708906 1.07815166 1.07860189 1.07873232 1.07869167 1.07855927
 1.07837901 1.07817583 1.0779641  1.07775218 1.07754485 1.07734479
 1.07715337 1.07697117 1.07679833 1.07663467 1.07647985 1.07633346
 1.07619502]"
1146,"[0.67455261 1.14281728 1.30321301 1.3762017  1.4158799  1.44034895
 1.45680572 1.46857916 1.47739675 1.48423664 1.48969147 1.49414016
 1.49783574 1.50095342 1.50361821 1.50592165 1.50793227 1.50970234
 1.51127245 1.51267456 1.51393418 1.51507193 1.51610463 1.51704615
 1.51790804]"
1147,"[0.88828888 0.72308376 0.66488598 0.65746503 0.66023212 0.66504239
 0.66971641 0.67378179 0.67722012 0.68011818 0.68257323 0.68466953
 0.68647504 0.68804333 0.6894165  0.69062774 0.6917034  0.69266456
 0.69352827 0.69430841 0.6950164  0.69566168 0.69625217 0.69679448
 0.69729424]"
1148,"[0.4827378  0.93610534 1.07216243 1.119497   1.14307877 1.15717433
 1.1665411  1.17321272 1.17820389 1.18207728 1.18516986 1.1876957
 1.18979726 1.191573   1.19309312 1.19440905 1.1955593  1.19657325
 1.19747377 1.19827886 1.1990029  1.19965755 1.20025232 1.20079505
 1.20129229]"
1149,"[0.36574749 0.73394683 0.88500202 0.9524081  0.98948435 1.01271009
 1.02855251 1.04002205 1.04869782 1.05548408 1.06093456 1.06540667
 1.0691412  1.07230614 1.07502219 1.0773783  1.0794414  1.08126284
 1.08288265 1.0843325  1.08563777 1.08681902 1.08789311 1.08887396
 1.0897732 ]"
1150,"[0.23775846 0.98998961 1.3355642  1.47471307 1.54431166 1.58483786
 1.61098106 1.62910249 1.64234211 1.65240922 1.66030694 1.66665988
 1.67187598 1.6762323  1.67992334 1.68308943 1.68583427 1.68823611
 1.69035505 1.692238   1.69392208 1.69543706 1.69680706 1.69805186
 1.69918779]"
1151,"[0.72185289 1.18789472 1.23269465 1.2318175  1.22776834 1.22457521
 1.22230397 1.22068098 1.21949205 1.21859696 1.21790578 1.21735994
 1.21692035 1.21656025 1.21626084 1.21600864 1.21579376 1.2156088
 1.21544816 1.21530751 1.21518346 1.21507333 1.21497499 1.21488668
 1.21480701]"
1152,"[0.4569169  1.31052575 1.58283418 1.67850252 1.71955088 1.73990702
 1.75111249 1.75777214 1.76196482 1.76472372 1.76660287 1.76791806
 1.76885855 1.76954252 1.77004645 1.7704213  1.77070192 1.77091266
 1.7710709  1.77118923 1.77127693 1.7713409  1.77138638 1.77141736
 1.77143691]"
1153,"[1.13611616 1.40518316 1.43715254 1.43647574 1.43225279 1.42840604
 1.42533147 1.42291059 1.42098527 1.41942978 1.4181526  1.41708809
 1.4161888  1.41541997 1.4147557  1.41417637 1.4136669  1.41321553
 1.41281297 1.41245179 1.41212596 1.41183059 1.41156161 1.41131568
 1.41108995]"
1154,"[0.54782821 1.11796459 1.28115938 1.35691041 1.39625514 1.41954384
 1.43477469 1.445468   1.45337331 1.45944906 1.46426174 1.46816674
 1.47139797 1.47411553 1.47643264 1.47843158 1.48017358 1.4817051
 1.48306208 1.48427272 1.48535945 1.48634035 1.48723015 1.48804097
 1.48878287]"
1155,"[0.87476282 0.81114981 0.76886581 0.74304206 0.72724315 0.71827166
 0.71339977 0.71084338 0.70957646 0.70903074 0.7088912  0.70898061
 0.70919739 0.70948231 0.7098004  0.71013087 0.71046139 0.71078473
 0.71109681 0.7113955  0.71167985 0.71194963 0.7122051  0.71244675
 0.71267522]"
1156,"[0.04825139 1.01279272 1.18968364 1.23823689 1.25910813 1.27037027
 1.2773272  1.28202196 1.28539223 1.28792426 1.28989377 1.29146824
 1.292755   1.29382591 1.29473083 1.29550543 1.29617586 1.29676175
 1.29727809 1.29773654 1.2981463  1.29851472 1.29884773 1.2991502
 1.29942614]"
1157,"[0.72680675 1.19208078 1.26283909 1.29083458 1.30852826 1.32097802
 1.33015713 1.33716132 1.34265903 1.34707746 1.3506998  1.35371995
 1.35627451 1.35846221 1.36035598 1.36201084 1.36346896 1.36476324
 1.36591964 1.36695898 1.36789808 1.36875072 1.36952826 1.37024017
 1.3708944 ]"
1158,"[0.68978277 1.34468715 1.47886165 1.51771589 1.53455539 1.54391403
 1.54991181 1.55410756 1.55721894 1.55962389 1.56154136 1.56310748
 1.5644116  1.56551489 1.56646076 1.56728084 1.5679988  1.56863267
 1.56919648 1.56970127 1.57015588 1.57056746 1.57094185 1.5712839
 1.57159763]"
1159,"[0.56477676 1.22806143 1.34999628 1.38203655 1.39472316 1.40114043
 1.40491578 1.40737005 1.4090811  1.4103368  1.41129501 1.41204893
 1.41265687 1.41315707 1.41357558 1.41393074 1.41423581 1.41450062
 1.4147326  1.41493747 1.41511969 1.4152828  1.41542964 1.41556253
 1.41568335]"
1160,"[1.05220576 1.64612783 1.69806177 1.68527696 1.66941183 1.65662263
 1.64678226 1.63915768 1.63314287 1.62830608 1.62434665 1.62105356
 1.61827616 1.61590483 1.6138583  1.61207523 1.61050858 1.6091217
 1.6078857  1.6067775  1.60577842 1.60487326 1.60404947 1.60329664
 1.60260603]"
1161,"[0.59369853 1.18337485 1.28958662 1.32398061 1.34009472 1.34924802
 1.35509481 1.35913463 1.3620864  1.36433485 1.36610342 1.36753041
 1.3687058  1.36969062 1.37052769 1.3712479  1.3718741  1.37242358
 1.37290962 1.3733426  1.37373076 1.37408072 1.37439785 1.37468658
 1.37495054]"
1162,"[1.07450996 1.41947559 1.44144526 1.43840217 1.43577945 1.43422489
 1.4332831  1.4326782  1.43226748 1.4319752  1.431759   1.43159388
 1.43146438 1.43136052 1.43127565 1.43120516 1.43114579 1.43109519
 1.43105159 1.43101367 1.43098042 1.43095104 1.43092492 1.43090154
 1.4308805 ]"
1163,"[0.93913613 1.44149738 1.54788383 1.57352267 1.5815609  1.5844215
 1.5854231  1.58567229 1.58559718 1.58538106 1.58510787 1.58481766
 1.5845298  1.58425348 1.58399272 1.58374885 1.58352185 1.58331101
 1.58311528 1.58293354 1.58276462 1.58260743 1.58246094 1.5823242
 1.58219635]"
1164,"[0.87518745 1.2025637  1.3465876  1.40826153 1.43968555 1.45828607
 1.47046016 1.47900357 1.48531089 1.49014941 1.49397401 1.49707056
 1.49962735 1.50177326 1.50359937 1.50517181 1.50653975 1.50774046
 1.50880271 1.50974905 1.51059739 1.51136217 1.51205511 1.51268584
 1.51326237]"
1165,"[0.28030773 1.01838367 1.26832501 1.33611198 1.35509043 1.35933827
 1.3587396  1.35654577 1.35392487 1.3513135  1.34887004 1.34664185
 1.34463147 1.34282409 1.34119928 1.33973602 1.33841468 1.33721775
 1.33612991 1.33513788 1.33423027 1.33339724 1.33263034 1.33192228
 1.33126675]"
1166,"[0.46463228 1.13882951 1.29410469 1.33581599 1.35316806 1.36245284
 1.36819594 1.3720885  1.3748968  1.37701666 1.37867267 1.38000155
 1.38109121 1.38200074 1.38277129 1.38343236 1.38400569 1.38450763
 1.38495071 1.38534469 1.38569728 1.38601468 1.3863019  1.38656304
 1.38680149]"
1167,"[0.6204241  1.17823481 1.28175171 1.32647578 1.34965835 1.36339511
 1.37237313 1.37866692 1.38331163 1.38687527 1.3896936  1.39197713
 1.39386428 1.39544964 1.39680005 1.397964   1.39897752 1.39986797
 1.40065642 1.40135944 1.40199018 1.40255922 1.40307519 1.40354518
 1.40397506]"
1168,"[0.67162417 1.13770632 1.23980327 1.27443593 1.29165087 1.30196921
 1.30885012 1.31376756 1.31745731 1.32032814 1.32262541 1.32450535
 1.32607217 1.32739806 1.32853461 1.32951966 1.33038159 1.33114212
 1.33181815 1.33242301 1.33296738 1.33345989 1.33390762 1.33431641
 1.33469112]"
1169,"[0.9112661  1.27048473 1.39736885 1.41734002 1.41989558 1.41888914
 1.41716998 1.41544031 1.41387517 1.41250252 1.41130842 1.41026904
 1.40936062 1.40856235 1.40785675 1.40722944 1.40666863 1.40616465
 1.40570951 1.40529661 1.40492045 1.40457643 1.40426065 1.40396983
 1.40370115]"
1170,"[0.8778312  1.63234546 1.82017092 1.87633894 1.89722912 1.90618567
 1.91034651 1.91233324 1.91324824 1.91360397 1.91365724 1.9135443
 1.91334063 1.9130894  1.91281583 1.91253484 1.91225527 1.91198228
 1.9117188  1.91146635 1.9112256  1.91099668 1.91077939 1.91057332
 1.91037799]"
1171,"[0.8772353  1.22397708 1.30802549 1.33181284 1.33964595 1.34284365
 1.34436496 1.34516774 1.34562246 1.34589278 1.3460586  1.34616207
 1.34622682 1.34626676 1.34629041 1.34630316 1.34630852 1.34630883
 1.34630568 1.34630017 1.34629305 1.34628487 1.34627602 1.34626676
 1.34625731]"
1172,"[0.97664109 1.33123649 1.41444508 1.43361255 1.44016726 1.44307682
 1.44460159 1.44549561 1.44606364 1.44644687 1.44671774 1.44691639
 1.44706653 1.44718288 1.44727495 1.44734912 1.44740981 1.44746015
 1.44750238 1.4475382  1.44756886 1.44759532 1.44761834 1.44763849
 1.44765625]"
1173,"[1.18774262 1.63187616 1.69064072 1.69141518 1.68438161 1.67723184
 1.67112949 1.6660851  1.66191682 1.65844303 1.65551655 1.6530241
 1.65087941 1.64901654 1.64738464 1.64594409 1.64466361 1.6435183
 1.64248807 1.64155658 1.64071041 1.63993845 1.63923141 1.63858148
 1.63798206]"
1174,"[0.75953356 0.78835205 0.71917562 0.70827197 0.70487526 0.70270837
 0.7010504  0.69972526 0.69864482 0.69775047 0.69700024 0.6963633
 0.69581667 0.69534295 0.69492882 0.69456394 0.69424018 0.69395107
 0.6936914  0.69345695 0.69324427 0.69305048 0.69287319 0.69271041
 0.69256043]"
1175,"[0.15679237 0.84350218 1.0519369  1.14170576 1.19022747 1.22026049
 1.24056684 1.25516976 1.26615743 1.27471549 1.28156492 1.28716838
 1.29183601 1.29578326 1.29916437 1.30209262 1.30465303 1.30691064
 1.30891603 1.31070916 1.31232196 1.31378029 1.31510529 1.31631442
 1.31742221]"
1176,"[0.67131508 1.0670327  1.18454214 1.23248732 1.25753161 1.27276068
 1.28295941 1.29025303 1.29572214 1.29997235 1.30336875 1.30614424
 1.30845431 1.31040664 1.31207815 1.31352521 1.31479009 1.31590508
 1.3168953  1.31778054 1.31857662 1.31929636 1.31995021 1.32054682
 1.32109337]"
1177,"[0.75883867 1.07965525 1.1389322  1.15656118 1.16471659 1.16949769
 1.17269016 1.17499547 1.17674824 1.17813045 1.17925064 1.18017806
 1.18095916 1.18162641 1.18220324 1.182707   1.18315084 1.1835449
 1.18389715 1.18421394 1.18450039 1.18476067 1.18499822 1.18521589
 1.1854161 ]"
1178,"[0.38139156 0.93128962 1.12170981 1.20373658 1.24707573 1.27331277
 1.29072623 1.30305985 1.31222468 1.31928909 1.32489375 1.32944477
 1.33321143 1.336379   1.33907899 1.34140722 1.34343515 1.34521707
 1.34679501 1.34820196 1.34946417 1.35060283 1.35163516 1.35257536
 1.35343519]"
1179,"[1.2747233  1.38767989 1.4079634  1.42101891 1.42709631 1.43005101
 1.43160165 1.43246728 1.43297212 1.43327475 1.43345831 1.43356897
 1.43363363 1.4336686  1.43368408 1.43368661 1.43368051 1.43366867
 1.43365306 1.43363504 1.43361553 1.4335952  1.43357451 1.43355378
 1.43353324]"
1180,"[0.68074444 1.08047982 1.24483859 1.32820071 1.37484871 1.40376679
 1.4231769  1.43700418 1.44731018 1.4552667  1.46158378 1.46671455
 1.47096081 1.47453089 1.47757294 1.48019508 1.48247802 1.48448311
 1.48625787 1.48783959 1.48925798 1.49053696 1.49169605 1.49275126
 1.49371591]"
1181,"[0.64540446 1.22300626 1.38565148 1.4409784  1.46661011 1.48089082
 1.48982966 1.49588655 1.50023229 1.50348757 1.50600917 1.50801551
 1.50964718 1.51099849 1.51213489 1.51310314 1.51393751 1.51466361
 1.515301   1.51586481 1.51636695 1.51681693 1.51722238 1.51758956
 1.51792358]"
1182,"[0.77960909 1.18819935 1.20713188 1.22467303 1.23678638 1.24471482
 1.25015518 1.254083   1.25704084 1.25934448 1.26118771 1.26269529
 1.26395092 1.2650127  1.26592221 1.26670997 1.26739886 1.26800638
 1.26854613 1.26902884 1.26946309 1.26985584 1.27021276 1.27053853
 1.27083707]"
1183,"[2.66766431e-10 7.97998102e-05 3.32277725e-03 1.54168229e-02
 3.24397668e-02 4.88123553e-02 6.25995844e-02 7.37686650e-02
 8.27786425e-02 9.01060894e-02 9.61375342e-02 1.01166039e-01
 1.05410040e-01 1.09032585e-01 1.12156464e-01 1.14875239e-01
 1.17261108e-01 1.19370475e-01 1.21247943e-01 1.22929174e-01
 1.24442988e-01 1.25812900e-01 1.27058271e-01 1.28195175e-01
 1.29237062e-01]"
1184,"[0.33906817 1.14709348 1.28828808 1.33122346 1.35099387 1.36219834
 1.36937059 1.37434149 1.37798428 1.38076608 1.3829587  1.38473078
 1.38619236 1.38741828 1.38846115 1.38935903 1.39014015 1.39082586
 1.3914326  1.39197325 1.39245805 1.39289521 1.39329142 1.39365217
 1.39398201]"
1185,"[0.39224037 0.85464216 1.06610809 1.15406517 1.200244   1.22819145
 1.24676115 1.25993244 1.26973332 1.27729753 1.28330543 1.28818871
 1.29223387 1.29563826 1.29854209 1.30104763 1.30323118 1.3051508
 1.30685142 1.30836837 1.30972977 1.31095832 1.31207249 1.31308752
 1.31401603]"
1186,"[0.90037304 1.25901829 1.38940558 1.44023736 1.46551584 1.48025193
 1.48977917 1.49639614 1.50123794 1.50492369 1.50781753 1.51014667
 1.51205976 1.51365795 1.51501228 1.51617411 1.5171814  1.51806282
 1.5188404  1.51953135 1.52014928 1.52070511 1.52120772 1.52166435
 1.522081  ]"
1187,"[0.89399088 1.43986001 1.47022522 1.48014309 1.49383527 1.50625374
 1.51630412 1.52428211 1.53066083 1.53583436 1.54009541 1.5436562
 1.54667114 1.54925388 1.55148944 1.55344232 1.55516227 1.55668815
 1.55805076 1.55927475 1.56038009 1.56138313 1.56229736 1.56313401
 1.56390251]"
1188,"[0.93700587 1.25396389 1.32952669 1.35304282 1.36406702 1.37043721
 1.37458648 1.37750488 1.37967001 1.38134051 1.38266868 1.38375008
 1.38464769 1.38540473 1.38605184 1.38661136 1.38709996 1.38753032
 1.38791227 1.38825355 1.38856032 1.38883758 1.38908938 1.38931908
 1.38952947]"
1189,"[0.94883044 1.46925795 1.47347623 1.45196837 1.43883643 1.43124006
 1.42658969 1.42355802 1.42147157 1.41997026 1.41884993 1.41798845
 1.41730929 1.4167625  1.41631435 1.41594139 1.41562683 1.41535845
 1.41512711 1.41492588 1.41474944 1.41459359 1.41445505 1.41433115
 1.41421976]"
1190,"[0.55646975 1.11560686 1.22529855 1.25737183 1.27038739 1.27688572
 1.28060318 1.28294091 1.28451612 1.28563454 1.28646177 1.28709396
 1.28759018 1.28798839 1.28831399 1.28858447 1.28881228 1.28900645
 1.28917368 1.28931906 1.28944648 1.28955898 1.28965897 1.28974837
 1.28982874]"
1191,"[0.96520677 1.36200055 1.50235353 1.5468773  1.56449739 1.57264998
 1.57682625 1.57911077 1.58041084 1.58116359 1.58159661 1.58183578
 1.58195416 1.58199586 1.58198833 1.58194911 1.58188965 1.58181754
 1.58173786 1.58165407 1.58156852 1.58148278 1.58139795 1.58131475
 1.58123364]"
1192,"[0.50528131 1.08758272 1.25302201 1.30168444 1.320565   1.32930089
 1.33384024 1.33639396 1.33791263 1.33885131 1.33944644 1.33982906
 1.34007563 1.34023268 1.34032956 1.34038529 1.34041254 1.3404199
 1.34041334 1.34039701 1.34037387 1.34034607 1.34031513 1.34028218
 1.34024803]"
1193,"[0.98771273 1.40713073 1.45612647 1.45453854 1.44758574 1.44132872
 1.43635452 1.43245346 1.42936153 1.42687108 1.4248318  1.42313628
 1.42170714 1.42048782 1.41943628 1.41852077 1.41771692 1.41700577
 1.41637235 1.41580474 1.41529328 1.41483011 1.41440876 1.41402385
 1.41367089]"
1194,"[0.13456688 0.63545281 0.84950984 0.94388231 0.99045162 1.01717325
 1.03428866 1.04612755 1.05478308 1.06137861 1.06656754 1.0707546
 1.07420339 1.0770928  1.07954836 1.08166076 1.0834971  1.08510808
 1.08653274 1.08780158 1.08893881 1.08996389 1.09089259 1.0917379
 1.09251056]"
1195,"[1.05956845 1.48545209 1.56410547 1.5791448  1.5816168  1.58099962
 1.57960773 1.57810594 1.57669415 1.57542463 1.57430039 1.57330867
 1.57243292 1.57165699 1.57096656 1.57034935 1.56979502 1.56929489
 1.56884172 1.56842942 1.56805285 1.56770768 1.56739022 1.56709734
 1.56682634]"
1196,"[0.80844394 1.33502377 1.33686323 1.30539647 1.28689302 1.27720506
 1.2720035  1.26907353 1.26734663 1.26629068 1.26562711 1.26520255
 1.26492867 1.26475248 1.26464112 1.26457358 1.2645361  1.26451945
 1.26451732 1.26452534 1.26454045 1.26456045 1.26458378 1.2646093
 1.26463617]"
1197,"[0.19601925 0.92922674 1.19008775 1.29748451 1.35277735 1.38565711
 1.40718318 1.42226349 1.43336833 1.4418631  1.44855871 1.45396496
 1.45841738 1.46214535 1.46531072 1.46803081 1.47039266 1.47246215
 1.47429004 1.47591602 1.47737162 1.47868212 1.47986809 1.48094639
 1.48193097]"
1198,"[0.7205539  0.57877528 0.71348173 0.7992027  0.84534555 0.87365677
 0.89268805 0.90632217 0.91655441 0.92450952 0.93086781 0.93606418
 0.94038927 0.94404455 0.94717398 0.94988312 0.95225111 0.95433844
 0.95619211 0.95784922 0.9593394  0.96068663 0.96191051 0.96302722
 0.96405022]"
1199,"[0.886162   1.37050428 1.40218369 1.39194437 1.38145652 1.37391529
 1.36868112 1.36499266 1.36232535 1.36034447 1.35883672 1.35766364
 1.3567331  1.3559823  1.35536737 1.35485699 1.35442839 1.35406465
 1.35375305 1.35348384 1.35324947 1.353044   1.35286272 1.35270187
 1.35255837]"
1200,"[0.42127281 0.59177922 0.73090078 0.81011052 0.85452164 0.88227853
 0.90112205 0.91470321 0.92493687 0.93291596 0.93930712 0.94453903
 0.94889946 0.95258857 0.95574977 0.95848847 0.96088383 0.96299645
 0.96487349 0.96655219 0.96806236 0.96942811 0.97066919 0.97180189
 0.9728398 ]"
1201,"[0.8881822  1.26292851 1.3567521  1.39406471 1.41307236 1.42439468
 1.43185606 1.43712575 1.44103854 1.44405545 1.44645092 1.44839815
 1.45001168 1.45137022 1.4525296  1.4535305  1.45440325 1.45517093
 1.4558514  1.45645868 1.45700398 1.45749629 1.45794297 1.45835008
 1.45872265]"
1202,"[0.99265143 1.387904   1.40651658 1.38933655 1.37593106 1.36706821
 1.36110056 1.35690944 1.3538432  1.35151969 1.3497065  1.34825648
 1.34707285 1.34608977 1.34526111 1.34455367 1.34394301 1.34341077
 1.34294293 1.34252856 1.34215909 1.34182763 1.34152867 1.34125766
 1.3410109 ]"
1203,"[1.0240644  1.59935482 1.64811303 1.64186001 1.6340171  1.62838259
 1.62442739 1.62155909 1.61940061 1.61772271 1.61638264 1.61528821
 1.61437767 1.61360823 1.6129494  1.61237887 1.61187995 1.61143991
 1.61104886 1.61069904 1.61038422 1.61009939 1.60984044 1.60960398
 1.6093872 ]"
1204,"[0.92155784 1.4339882  1.45034086 1.42445944 1.40401418 1.39010496
 1.38055965 1.37378561 1.36880629 1.36502877 1.36208392 1.35973434
 1.35782225 1.35623962 1.35491042 1.35377983 1.35280747 1.351963
 1.35122324 1.35057022 1.34998978 1.34947065 1.34900376 1.34858169
 1.34819838]"
1205,"[0.92278462 1.30752176 1.35592021 1.36835053 1.37345495 1.3761742
 1.37788589 1.37908225 1.37997647 1.38067575 1.38124043 1.38170748
 1.38210102 1.38243762 1.38272909 1.38298409 1.38320918 1.3834094
 1.3835887  1.38375023 1.38389652 1.38402966 1.38415134 1.384263
 1.38436583]"
1206,"[0.96057161 1.24412949 1.33822547 1.36083564 1.36800408 1.37069244
 1.37176898 1.37217986 1.37229123 1.37226149 1.37216478 1.37203777
 1.37189924 1.37175897 1.37162205 1.371491   1.37136695 1.37125028
 1.37114092 1.37103858 1.37094287 1.37085335 1.37076956 1.37069106
 1.37061744]"
1207,"[0.72453454 1.23703016 1.33408981 1.35595059 1.36219191 1.36417489
 1.36473731 1.36476735 1.36458904 1.36433315 1.36405574 1.36378142
 1.36352072 1.36327761 1.36305301 1.36284636 1.3626565  1.36248202
 1.3623215  1.36217358 1.362037   1.36191064 1.36179347 1.36168459
 1.36158321]"
1208,"[0.79737274 0.76751826 0.94171594 1.01689355 1.05567504 1.0790223
 1.09453631 1.10556342 1.11379191 1.12016145 1.12523509 1.12937018
 1.13280417 1.13570086 1.13817685 1.14031735 1.14218607 1.14383156
 1.14529151 1.14659556 1.14776738 1.14882608 1.14978726 1.1506638
 1.15146638]"
1209,"[0.50231575 1.21683107 1.3538075  1.4094539  1.43866656 1.45625057
 1.46786618 1.47606312 1.4821366  1.48680746 1.49050629 1.49350515
 1.49598397 1.49806623 1.49983943 1.50136722 1.50269697 1.50386466
 1.50489807 1.50581902 1.50664484 1.50738949 1.50806435 1.50867876
 1.50924046]"
1210,"[0.66110832 0.98792775 1.18005443 1.2526954  1.28539696 1.30243245
 1.31231216 1.31851559 1.32265297 1.32554543 1.32764509 1.32921674
 1.3304235  1.33137019 1.33212657 1.33274053 1.33324579 1.33366665
 1.334021   1.33432221 1.33458044 1.33480356 1.33499768 1.33516767
 1.33531739]"
1211,"[0.54483443 1.12673907 1.21456777 1.21866106 1.21222338 1.20581572
 1.20070646 1.19675971 1.19369136 1.19126776 1.18931966 1.18772749
 1.18640638 1.18529525 1.18434946 1.18353579 1.18282912 1.18221018
 1.18166396 1.18117862 1.18074472 1.18035464 1.18000218 1.17968222
 1.17939054]"
1212,"[0.22271843 1.19479707 1.36786195 1.39623223 1.39564089 1.38967978
 1.38348834 1.37811287 1.37363781 1.36993647 1.36685934 1.36427791
 1.36209044 1.36021834 1.3586011  1.35719194 1.3559544  1.35485977
 1.35388523 1.35301246 1.35222659 1.35151547 1.35086909 1.3502791
 1.34973853]"
1213,"[0.3798962  1.01233965 1.16945625 1.23145053 1.26296618 1.28166952
 1.29394728 1.30258841 1.30898536 1.31390516 1.31780316 1.32096596
 1.32358264 1.3257828  1.3276582  1.32927557 1.33068458 1.33192294
 1.33301982 1.33399811 1.334876   1.33566817 1.33638658 1.33704105
 1.33763974]"
1214,"[1.10449164 1.32885124 1.38929348 1.42593128 1.44719626 1.46072565
 1.4700153  1.47676378 1.48187848 1.4858841  1.48910377 1.4917469
 1.49395488 1.49582657 1.49743308 1.49882687 1.50004743 1.50112508
 1.50208349 1.50294136 1.5037137  1.50441266 1.50504821 1.5056286
 1.50616069]"
1215,"[0.80736023 1.31332159 1.34923578 1.34314928 1.33637697 1.33148341
 1.32801505 1.32548721 1.3235835  1.32210671 1.32093171 1.31997662
 1.31918611 1.31852168 1.31795578 1.31746826 1.31704406 1.3166717
 1.31634229 1.31604888 1.31578589 1.31554886 1.31533415 1.31513876
 1.31496021]"
1216,"[0.32562023 0.8520089  1.06287795 1.13841341 1.17256096 1.19139698
 1.20321606 1.21129427 1.21715603 1.22160028 1.22508444 1.22788871
 1.23019413 1.23212279 1.23376    1.23516713 1.23638948 1.23746117
 1.23840844 1.23925177 1.24000735 1.24068822 1.24130492 1.24186611
 1.24237897]"
1217,"[0.97108931 1.29849246 1.3824296  1.4100568  1.42240401 1.42920215
 1.4334589  1.43635956 1.43845687 1.44004106 1.44127842 1.44227077
 1.44308385 1.44376192 1.44433583 1.44482775 1.445254   1.44562684
 1.44595568 1.44624785 1.44650913 1.44674416 1.44695669 1.4471498
 1.44732603]"
1218,"[1.18900128 1.89060178 1.90397956 1.85931463 1.82278966 1.79658717
 1.77775466 1.76387712 1.75336085 1.74518157 1.7386721  1.73338723
 1.72902201 1.7253622  1.72225372 1.71958339 1.71726645 1.71523829
 1.71344895 1.71185917 1.71043776 1.70915964 1.7080044  1.70695532
 1.70599854]"
1219,"[0.87170419 1.20205109 1.27466925 1.3096136  1.3295426  1.34205089
 1.35052602 1.35661192 1.3611799  1.36472854 1.36756165 1.36987416
 1.37179656 1.37341932 1.37480709 1.37600725 1.37705527 1.37797828
 1.3787973  1.37952892 1.38018639 1.38078041 1.38131973 1.38181155
 1.38226187]"
1220,"[0.68887067 1.26349074 1.39486476 1.44028687 1.4644272  1.47973434
 1.49034578 1.49813239 1.5040843  1.50877784 1.51257162 1.5157003
 1.51832381 1.52055481 1.52247488 1.52414455 1.52560963 1.52690544
 1.52805964 1.52909417 1.53002669 1.53087153 1.5316405  1.53234334
 1.53298823]"
1221,"[0.68775482 1.35602402 1.40891149 1.4175324  1.42091314 1.4224652
 1.42324031 1.4236487  1.42386961 1.42398865 1.42404977 1.42407683
 1.42408343 1.42407762 1.42406427 1.42404643 1.42402604 1.42400433
 1.42398211 1.4239599  1.42393801 1.42391668 1.42389601 1.42387608
 1.42385694]"
1222,"[0.73120889 1.27683105 1.43536011 1.48546143 1.50485472 1.51344431
 1.51755372 1.5195799  1.52055678 1.52097506 1.52108507 1.52102171
 1.52086082 1.52064641 1.52040463 1.52015122 1.5198957  1.51964382
 1.51939898 1.51916308 1.51893711 1.51872145 1.51851612 1.51832089
 1.5181354 ]"
1223,"[0.83778472 1.0330474  1.1495514  1.19285012 1.21490507 1.22818921
 1.23704198 1.24335419 1.24807802 1.25174393 1.25467043 1.25706012
 1.25904794 1.26072717 1.26216435 1.26340821 1.26449523 1.26545327
 1.26630397 1.2670644  1.26774817 1.26836632 1.26892785 1.26944019
 1.26990952]"
1224,"[0.95118065 1.27071901 1.36413383 1.41373852 1.44244746 1.46073624
 1.47328881 1.48239653 1.48928905 1.4946788  1.49900477 1.5025513
 1.50551031 1.5080158  1.5101641  1.51202618 1.51365543 1.5150928
 1.51637018 1.51751281 1.51854088 1.51947074 1.52031581 1.52108714
 1.52179396]"
1225,"[0.81988089 1.17917068 1.303906   1.3557254  1.38241644 1.39840189
 1.40897601 1.41646658 1.42204244 1.42635099 1.42977853 1.43256936
 1.43488535 1.43683791 1.43850621 1.439948   1.44120641 1.44231431
 1.44329712 1.4441749  1.4449636  1.44567612 1.44632298 1.44691285
 1.44745294]"
1226,"[1.20471966 1.33851494 1.42254434 1.47026519 1.49624727 1.51199301
 1.52241894 1.52978584 1.53524912 1.53945346 1.54278459 1.54548647
 1.54772057 1.5495978  1.55119678 1.55257474 1.55377429 1.55482779
 1.55576028 1.55659137 1.55733669 1.55800882 1.558618   1.55917264
 1.55967973]"
1227,"[0.12951479 0.82507687 1.02831437 1.11825574 1.16789391 1.19898573
 1.22015376 1.23544079 1.24697442 1.25597401 1.26318581 1.26909096
 1.27401305 1.27817746 1.28174585 1.28483712 1.28754061 1.28992475
 1.2920428  1.29393683 1.29564051 1.29718109 1.29858088 1.2998583
 1.30102869]"
1228,"[0.38894806 0.99011524 1.18641859 1.2504016  1.27741286 1.29107815
 1.29890148 1.303792   1.30705502 1.30934378 1.31101382 1.3122719
 1.31324487 1.31401408 1.31463368 1.31514085 1.3155618  1.31591548
 1.31621587 1.31647343 1.31669619 1.31689033 1.3170607  1.31721118
 1.31734484]"
1229,"[0.75539336 1.31572536 1.46607518 1.50338963 1.51664484 1.52232532
 1.52503111 1.52639269 1.5270864  1.52742565 1.52756804 1.52759788
 1.52756245 1.52748927 1.52739481 1.52728911 1.5271784  1.52706653
 1.52695591 1.52684797 1.5267436  1.52664324 1.52654712 1.52645529
 1.5263677 ]"
1230,"[0.17451131 0.91143324 1.12002029 1.19682151 1.23203678 1.25092179
 1.26223494 1.26957826 1.27463982 1.27829407 1.28103088 1.28314233
 1.28481166 1.28615874 1.28726483 1.28818667 1.28896495 1.2896295
 1.2902026  1.29070123 1.29113851 1.2915247  1.29186796 1.29217485
 1.29245066]"
1231,"[0.81755961 1.33355126 1.37474618 1.38387087 1.38935603 1.3933017
 1.39626375 1.39855265 1.40036605 1.40183407 1.40304471 1.40405909
 1.40492071 1.4056613  1.40630445 1.40686805 1.40736592 1.40780885
 1.40820541 1.40856249 1.4088857  1.4091796  1.409448   1.40969408
 1.4099205 ]"
1232,"[0.94688325 1.41616496 1.47901487 1.49591185 1.50548679 1.51217276
 1.5171413  1.52096546 1.52398902 1.52643334 1.52844683 1.53013215
 1.53156231 1.53279044 1.53385606 1.53478912 1.5356127  1.53634487
 1.53699994 1.53758942 1.53812263 1.53860722 1.53904954 1.53945485
 1.53982759]"
1233,"[0.46807137 0.8175011  0.99733899 1.04644931 1.05819035 1.05851709
 1.05524543 1.05098643 1.04666501 1.04260533 1.03890385 1.0355688
 1.03257542 1.02988864 1.02747232 1.0252929  1.02332055 1.02152935
 1.01989694 1.01840416 1.01703458 1.01577409 1.01461057 1.01353353
 1.0125339 ]"
1234,"[0.58731722 1.14116233 1.3177932  1.39148488 1.42958432 1.45232136
 1.46725916 1.47775843 1.48551319 1.49146141 1.4961613  1.49996448
 1.50310285 1.50573528 1.50797404 1.50990069 1.51157583 1.51304541
 1.51434488 1.515502   1.51653885 1.51747318 1.51831941 1.51908939
 1.51979296]"
1235,"[0.80208488 1.31501469 1.44068974 1.47395311 1.48702708 1.49334763
 1.49681065 1.49887399 1.50017911 1.50104209 1.50163229 1.50204657
 1.50234327 1.50255903 1.50271769 1.50283524 1.50292267 1.50298771
 1.50303588 1.5030712  1.50309667 1.5031145  1.50312638 1.50313361
 1.50313718]"
1236,"[0.95407177 1.35888255 1.4810594  1.5253431  1.54544321 1.55623736
 1.56273907 1.56698706 1.56993443 1.5720757  1.57368877 1.57493998
 1.57593415 1.57674011 1.57740471 1.57796081 1.57843205 1.57883581
 1.57918513 1.57948999 1.5797581  1.57999552 1.58020709 1.58039668
 1.58056747]"
1237,"[0.45473891 1.20756591 1.40057556 1.44248985 1.45418276 1.45766497
 1.45844679 1.45824816 1.4576895  1.45701595 1.45632904 1.45567076
 1.45505705 1.45449218 1.45397521 1.45350299 1.4530716  1.452677
 1.45231536 1.4519832  1.45167736 1.45139508 1.45113389 1.45089165
 1.45066645]"
1238,"[0.47298004 0.81335404 1.02954754 1.11423865 1.15615279 1.18074069
 1.19681118 1.2081067  1.21646824 1.22290206 1.22800311 1.23214513
 1.23557443 1.23845986 1.24092095 1.24304468 1.2448958  1.24652354
 1.24796595 1.24925294 1.25040829 1.25145119 1.25239728 1.25325942
 1.25404829]"
1239,"[0.95146269 1.32609601 1.40998452 1.4333047  1.44221081 1.44640523
 1.44866571 1.45000101 1.45084347 1.45140176 1.45178602 1.4520585
 1.45225637 1.45240284 1.45251296 1.45259679 1.45266125 1.4527112
 1.45275011 1.45278053 1.45280435 1.45282298 1.45283751 1.45284876
 1.45285738]"
1240,"[0.72712073 1.24820981 1.3307126  1.34215124 1.34353787 1.34304888
 1.34222744 1.34142374 1.34071438 1.34010549 1.33958553 1.33914014
 1.33875629 1.3384231  1.33813179 1.3378753  1.33764799 1.3374453
 1.33726354 1.33709971 1.33695134 1.33681637 1.33669309 1.33658007
 1.3364761 ]"
1241,"[0.43040629 1.17450115 1.315988   1.35798206 1.37660091 1.3868474
 1.39326105 1.39762922 1.400786   1.40316946 1.40503049 1.40652271
 1.40774517 1.40876456 1.40962733 1.41036685 1.41100766 1.41156821
 1.41206264 1.41250195 1.41289486 1.41324833 1.41356799 1.41385847
 1.41412358]"
1242,"[1.14561516 1.56452734 1.70547558 1.73096572 1.73279824 1.72939445
 1.72503993 1.72085031 1.71709818 1.71381065 1.71094458 1.70844191
 1.70624706 1.70431181 1.7025958  1.70106571 1.6996941  1.6984584
 1.69733991 1.69632311 1.69539502 1.6945447  1.69376293 1.69304184
 1.69237474]"
1243,"[1.22655155 1.62879507 1.68032978 1.68023588 1.67496331 1.66990528
 1.6656959  1.66226359 1.65945031 1.65711758 1.65515875 1.65349397
 1.65206344 1.65082201 1.64973511 1.64877598 1.64792357 1.64716118
 1.64647538 1.64585526 1.64529187 1.64477781 1.6443069  1.64387395
 1.64347456]"
1244,"[0.59030765 1.20514711 1.37512999 1.43410427 1.46151394 1.47694265
 1.48672737 1.49344702 1.49833015 1.50203121 1.50492893 1.50725698
 1.50916695 1.51076136 1.51211192 1.51327024 1.51427442 1.51515313
 1.51592839 1.51661738 1.51723367 1.51778815 1.51828964 1.51874536
 1.51916128]"
1245,"[0.28577672 0.95951554 1.19783236 1.31222048 1.37757529 1.41898976
 1.44725113 1.46763289 1.48296743 1.4948938  1.50441924 1.51219387
 1.51865473 1.52410579 1.52876466 1.53279103 1.53630464 1.53939698
 1.54213909 1.54458698 1.54678536 1.54877037 1.5505715  1.55221307
 1.55371532]"
1246,"[0.72869354 1.29703761 1.42454839 1.46746714 1.48765706 1.49907358
 1.50630071 1.51123939 1.51480586 1.51749105 1.51957961 1.52124701
 1.52260686 1.52373576 1.52468708 1.5254991  1.52619993 1.52681068
 1.52734748 1.52782284 1.52824663 1.52862674 1.52896953 1.5292802
 1.52956301]"
1247,"[0.88355014 1.51612181 1.65357382 1.6809676  1.68364842 1.68033553
 1.67575105 1.67121522 1.66708825 1.66343388 1.66022344 1.65740349
 1.65491878 1.65271955 1.65076322 1.6490141  1.6474425  1.64602375
 1.64473728 1.64356593 1.64249525 1.64151306 1.64060901 1.63977428
 1.63900129]"
1248,"[0.44863721 0.80244716 0.90168025 0.93492955 0.94977123 0.95793152
 0.9630424  0.96653029 0.96905784 0.97097199 0.97247117 0.97367679
 0.97466725 0.97549535 0.97619793 0.97680151 0.97732562 0.97778498
 0.97819088 0.97855215 0.97887575 0.97916729 0.9794313  0.97967151
 0.979891  ]"
1249,"[0.73718053 1.22193052 1.35669817 1.39952389 1.41902742 1.42999144
 1.43697812 1.4418074  1.44534004 1.44803414 1.4501554  1.45186827
 1.45327993 1.45446316 1.45546909 1.45633469 1.45708733 1.45774772
 1.4583318  1.45885206 1.45931838 1.45973873 1.46011958 1.46046624
 1.4607831 ]"
1250,"[0.47821747 0.91914027 1.09049806 1.13937366 1.15485294 1.15974127
 1.16087069 1.16058895 1.15978658 1.1588234  1.15784872 1.15692321
 1.1560687  1.15528986 1.15458384 1.15394486 1.15336624 1.15284138
 1.15236416 1.15192911 1.15153136 1.15116669 1.15083139 1.15052225
 1.15023648]"
1251,"[0.4898977  1.17476759 1.35020416 1.40825568 1.43098079 1.44091007
 1.44548764 1.44758312 1.44844204 1.44865568 1.44852432 1.44820843
 1.44779704 1.44734084 1.44686913 1.44639892 1.44593994 1.44549758
 1.44507459 1.4446721  1.44429028 1.44392869 1.44358657 1.44326298
 1.44295688]"
1252,"[0.83599345 1.55589138 1.6808062  1.70350541 1.70716923 1.70636175
 1.70448679 1.70248211 1.70061629 1.69895328 1.69749176 1.69621092
 1.6950862  1.69409455 1.69321592 1.69243342 1.69173297 1.69110291
 1.69053351 1.69001671 1.68954572 1.68911487 1.68871933 1.68835501
 1.68801842]"
1253,"[0.82200064 0.96183329 1.30972037 1.45813502 1.53283815 1.57640943
 1.60452137 1.62399937 1.63822129 1.64902803 1.65750036 1.66431123
 1.66990005 1.67456516 1.67851587 1.68190318 1.6848386  1.68740623
 1.68967065 1.69168222 1.69348082 1.69509836 1.69656075 1.69788918
 1.69910116]"
1254,"[0.67900177 1.10130189 1.24316018 1.2957758  1.32365818 1.34114562
 1.3531728  1.36195279 1.36864111 1.37390302 1.37814912 1.38164653
 1.38457651 1.38706632 1.38920791 1.39106935 1.39270209 1.39414573
 1.39543126 1.39658324 1.39762143 1.39856185 1.39941768 1.40019982
 1.40091739]"
1255,"[1.10535095 1.4245976  1.43481005 1.4184317  1.40627175 1.39818603
 1.39266133 1.38872443 1.38580791 1.38357496 1.38181774 1.38040283
 1.37924137 1.37827225 1.37745221 1.37674988 1.37614199 1.37561095
 1.37514324 1.37472829 1.37435776 1.37402493 1.3737244  1.37345171
 1.3732032 ]"
1256,"[0.42959221 0.74452456 0.95272534 1.05050141 1.10193893 1.13312021
 1.15390854 1.16871246 1.17977247 1.18834084 1.19516998 1.2007383
 1.20536409 1.20926716 1.2126041  1.21548942 1.21800876 1.22022745
 1.22219616 1.22395482 1.22553528 1.22696328 1.22825983 1.22944227
 1.23052499]"
1257,"[0.65129175 1.3035473  1.45473241 1.50323135 1.52518205 1.53743489
 1.54522375 1.55061658 1.55457856 1.55761756 1.56002577 1.56198324
 1.56360702 1.56497662 1.56614796 1.56716158 1.5680476  1.56882886
 1.56952306 1.57014407 1.57070296 1.57120866 1.57166846 1.57208837
 1.57247338]"
1258,"[1.00625056 1.33094776 1.29992414 1.28802921 1.29091706 1.29580234
 1.30009141 1.30353553 1.30627714 1.30848249 1.31028309 1.31177554
 1.31302992 1.31409746 1.31501614 1.31581453 1.31651446 1.31713288
 1.31768308 1.31817568 1.31861918 1.31902053 1.31938544 1.31971861
 1.32002401]"
1259,"[1.24548344 1.40668241 1.43500026 1.4523612  1.46413841 1.47193423
 1.47728416 1.48111952 1.48397797 1.48617866 1.48791908 1.48932658
 1.49048637 1.49145734 1.49228137 1.49298894 1.49360278 1.49414011
 1.49461423 1.49503555 1.49541232 1.4957512  1.49605758 1.49633587
 1.49658975]"
1260,"[0.35606369 0.89137622 1.03564098 1.0905722  1.11891549 1.13605842
 1.14749437 1.15564744 1.16174565 1.16647504 1.17024802 1.17332697
 1.17588665 1.17804783 1.17989661 1.181496   1.18289319 1.18412416
 1.18521686 1.18619332 1.18707112 1.18786448 1.18858501 1.18924228
 1.18984427]"
1261,"[0.91898233 1.24016984 1.31432231 1.34043451 1.3535987  1.36148804
 1.36672722 1.37045302 1.37323557 1.37539148 1.37711033 1.37851241
 1.3796777  1.38066137 1.38150273 1.38223054 1.38286629 1.38342638
 1.38392356 1.38436783 1.38476722 1.38512818 1.38545601 1.38575507
 1.38602897]"
1262,"[1.17074481 1.48708789 1.50445878 1.48772917 1.47424585 1.46501686
 1.45860376 1.45397718 1.45051546 1.44784262 1.44572375 1.44400656
 1.44258884 1.44139977 1.44038894 1.43951954 1.43876415 1.43810195
 1.43751685 1.43699621 1.43653003 1.43611024 1.43573028 1.43538478
 1.43506927]"
1263,"[0.41073186 0.7537425  1.03762422 1.14860295 1.20248503 1.23300691
 1.25226009 1.26537549 1.27483051 1.28194625 1.28748408 1.29191077
 1.29552718 1.29853539 1.3010759  1.3032493  1.30512939 1.30677153
 1.30821804 1.3095018  1.31064872 1.31167952 1.31261094 1.31345666
 1.31422796]"
1264,"[0.4242744  0.86380372 1.09435164 1.18087323 1.22102583 1.24273388
 1.25581577 1.26434747 1.27025172 1.27452937 1.27774321 1.28022987
 1.28220112 1.28379581 1.28510828 1.28620453 1.28713199 1.28792546
 1.28861102 1.28920855 1.28973344 1.29019775 1.29061108 1.29098114
 1.2913142 ]"
1265,"[0.40342979 0.41277172 0.41925896 0.42916095 0.43743986 0.44403485
 0.44941302 0.45388481 0.45765271 0.46086083 0.4636174  0.4660059
 0.46809158 0.46992598 0.47155011 0.47299691 0.47429304 0.47546023
 0.47651635 0.47747619 0.4783521  0.47915443 0.47989193 0.48057204
 0.48120113]"
1266,"[1.06310251 1.41545131 1.45296897 1.4749469  1.48814075 1.49625241
 1.50155286 1.50521729 1.50787081 1.50986557 1.51141145 1.5126398
 1.51363641 1.51445937 1.51514921 1.51573499 1.51623804 1.51667434
 1.51705606 1.51739262 1.51769143 1.51795839 1.51819824 1.51841485
 1.51861137]"
1267,"[0.0817403  0.59239472 0.68382117 0.7114752  0.72436261 0.73177818
 0.73659561 0.73997791 0.74248383 0.74441516 0.74594929 0.74719734
 0.74823253 0.74910501 0.74985035 0.75049445 0.7510566  0.75155152
 0.75199058 0.75238272 0.75273508 0.75305343 0.75334245 0.75360602
 0.75384736]"
1268,"[0.22762495 0.83380431 1.0482993  1.14149406 1.19161239 1.22240078
 1.2430704  1.25784355 1.26890168 1.27747684 1.28431431 1.28989006
 1.29452173 1.29842909 1.30176892 1.30465597 1.30717611 1.30939486
 1.31136308 1.3131208  1.31469998 1.31612646 1.31742131 1.3186019
 1.3196827 ]"
1269,"[1.06325884 1.61076107 1.70652549 1.72043772 1.72133891 1.7198194
 1.717987   1.71630629 1.71485852 1.71363012 1.71258763 1.71169785
 1.71093262 1.71026923 1.70968963 1.70917952 1.70872749 1.70832443
 1.70796297 1.7076371  1.70734191 1.70707331 1.70682792 1.70660289
 1.70639581]"
1270,"[6.46460663e-12 6.60821122e-06 2.17194727e-04 7.60874196e-04
 1.34873112e-03 1.83685101e-03 2.21549933e-03 2.50730180e-03
 2.73501043e-03 2.91586085e-03 3.06209241e-03 3.18231541e-03
 3.28264291e-03 3.36748329e-03 3.44007145e-03 3.50282263e-03
 3.55756995e-03 3.60572614e-03 3.64839532e-03 3.68645162e-03
 3.72059522e-03 3.75139309e-03 3.77930885e-03 3.80472508e-03
 3.82796013e-03]"
1271,"[0.2880727  1.09869043 1.30371495 1.37242821 1.39959756 1.41159925
 1.41727621 1.42003872 1.42135522 1.4219153  1.42206559 1.42198991
 1.42178984 1.4215233  1.42122408 1.42091212 1.42059926 1.42029244
 1.41999562 1.41971094 1.41943938 1.41918123 1.41893632 1.41870425
 1.41848446]"
1272,"[0.68679765 1.05036529 1.22959271 1.29632754 1.32716594 1.34423262
 1.35489312 1.36212767 1.36733729 1.37125819 1.3743113  1.37675358
 1.37875033 1.38041248 1.38181714 1.38301954 1.38406023 1.38496964
 1.38577104 1.38648253 1.38711839 1.38769003 1.38820669 1.38867592
 1.38910394]"
1273,"[0.26192372 1.01293519 1.25064131 1.34371808 1.39012062 1.41705197
 1.43434647 1.44627264 1.45494022 1.46149738 1.46661689 1.4707167
 1.47406903 1.47685822 1.47921323 1.48122685 1.48296742 1.48448634
 1.485823   1.48700803 1.48806561 1.48901509 1.48987211 1.49064944
 1.49135763]"
1274,"[0.00239485 0.35944    0.60762694 0.72274789 0.78316047 0.81909249
 0.84257064 0.85899785 0.87109081 0.88034526 0.88764615 0.8935481
 0.89841533 0.90249644 0.9059667  0.90895311 0.91154989 0.91382835
 0.91584347 0.91763828 0.91924696 0.92069696 0.92201061 0.92320625
 0.92429906]"
1275,"[0.4214549  1.03298229 1.14152312 1.15626605 1.15095456 1.14186437
 1.13290397 1.12495633 1.11810636 1.11223502 1.10718834 1.10282477
 1.09902562 1.09569446 1.09275371 1.09014097 1.08780584 1.08570738
 1.08381207 1.08209228 1.08052508 1.0790913  1.07777479 1.07656189
 1.07544093]"
1276,"[0.5269468  0.654284   0.82949719 0.89267485 0.92093816 0.93666984
 0.94665544 0.95355182 0.95860009 0.96245564 0.96549679 0.96795713
 0.96998869 0.97169465 0.97314756 0.97439986 0.97549045 0.97644878
 0.97729754 0.97805451 0.97873384 0.97934688 0.9799029  0.9804095
 0.98087299]"
1277,"[0.86959828 1.20963291 1.31013083 1.3507099  1.37119762 1.38329605
 1.39121429 1.39677653 1.40088875 1.40404831 1.40654978 1.40857821
 1.41025554 1.41166528 1.41286649 1.4139021  1.41480403 1.41559654
 1.41629834 1.41692413 1.41748559 1.41799215 1.41845147 1.41886984
 1.41925251]"
1278,"[0.89213311 1.49772281 1.52592212 1.53317803 1.5430009  1.5511609
 1.55735208 1.56204291 1.5656641  1.56852151 1.57082331 1.57271188
 1.57428641 1.57561751 1.57675655 1.57774163 1.57860157 1.57935848
 1.58002964 1.58062868 1.58116654 1.58165206 1.58209246 1.58249371
 1.58286078]"
1279,"[0.91367773 1.35499499 1.45774987 1.48801589 1.50228691 1.51042237
 1.5155796  1.51909407 1.52162005 1.52351132 1.52497389 1.52613488
 1.52707656 1.52785424 1.52850638 1.52906047 1.52953664 1.52994993
 1.5303118  1.53063113 1.53091487 1.53116857 1.5313967  1.53160288
 1.53179009]"
1280,"[0.61770987 1.18963948 1.33940688 1.38304582 1.40058283 1.4094397
 1.41461952 1.41796242 1.42027554 1.42196072 1.42323784 1.42423625
 1.42503659 1.4256915  1.42623672 1.42669727 1.42709119 1.42743179
 1.42772908 1.42799074 1.42822275 1.42842983 1.42861575 1.42878358
 1.4289358 ]"
1281,"[0.55492073 0.80978163 0.9437667  0.99744547 1.02358438 1.03869829
 1.04845861 1.0552503  1.0602355  1.06404387 1.06704473 1.06946839
 1.07146564 1.07313922 1.07456146 1.07578474 1.07684788 1.07778025
 1.07860449 1.07933829 1.07999573 1.08058808 1.08112454 1.08161263
 1.08205859]"
1282,"[1.01627745 1.43347655 1.51072661 1.53782726 1.55154362 1.55956977
 1.56471669 1.56824439 1.57078758 1.5726948  1.57417086 1.57534291
 1.57629354 1.57707846 1.57773646 1.5782953  1.57877534 1.57919179
 1.57955626 1.57987771 1.58016321 1.58041836 1.58064768 1.58085485
 1.58104286]"
1283,"[1.08993789 1.60823693 1.64809892 1.61423253 1.57759084 1.54763505
 1.52409369 1.5055174  1.49064749 1.47855155 1.46855976 1.46019
 1.4530909  1.44700238 1.44172884 1.43712087 1.43306272 1.42946349
 1.42625094 1.42336698 1.42076444 1.41840465 1.41625563 1.41429069
 1.41248744]"
1284,"[0.53356495 0.74834027 0.86157087 0.93305027 0.98076572 1.01290917
 1.03537208 1.05173419 1.06409954 1.0737369  1.08144208 1.08773431
 1.0929647  1.09737828 1.1011508  1.10441138 1.1072569  1.10976138
 1.11198235 1.11396514 1.11574595 1.11735402 1.11881323 1.12014328
 1.12136053]"
1285,"[0.99588059 1.27947388 1.36017459 1.38442219 1.394411   1.39948454
 1.40244395 1.40434288 1.40564804 1.4065925  1.40730367 1.40785636
 1.408297   1.40865579 1.40895314 1.40920329 1.40941645 1.40960012
 1.40975994 1.4099002  1.41002424 1.41013468 1.41023361 1.41032273
 1.41040341]"
1286,"[1.11259211 1.41052994 1.40750787 1.40668469 1.40980239 1.4131889
 1.41607777 1.41843088 1.42034234 1.42190965 1.42321091 1.42430505
 1.42523599 1.42603666 1.42673198 1.42734107 1.42787878 1.42835679
 1.42878441 1.42916913 1.42951704 1.42983314 1.43012158 1.4303858
 1.43062872]"
1287,"[0.67124616 1.14821698 1.2532964  1.27707038 1.2841349  1.28674463
 1.28783852 1.28832285 1.28853303 1.28861046 1.28862064 1.28859609
 1.28855381 1.28850302 1.28844882 1.28839409 1.28834041 1.28828865
 1.28823924 1.28819237 1.28814806 1.28810627 1.28806688 1.28802978
 1.28799482]"
1288,"[0.63147537 1.13766849 1.26173748 1.30346939 1.32324691 1.33462776
 1.34198339 1.3471148  1.35089271 1.3537876  1.35607529 1.35792795
 1.35945846 1.36074385 1.36183848 1.36278177 1.363603   1.36432437
 1.36496302 1.36553238 1.36604312 1.36650385 1.36692155 1.36730197
 1.36764989]"
1289,"[1.31361757 1.90734975 1.95671558 1.92838162 1.89749338 1.87259909
 1.85320493 1.83796096 1.82576796 1.81583768 1.80761506 1.80070565
 1.79482439 1.78976139 1.78535929 1.78149809 1.77808485 1.77504656
 1.77232511 1.76987374 1.76765438 1.76563576 1.76379196 1.76210131
 1.76054557]"
1290,"[0.75579896 1.49303572 1.61347188 1.63183227 1.63307195 1.63085763
 1.62808832 1.62546624 1.62314558 1.62113058 1.61938636 1.617872
 1.61655012 1.61538915 1.61436311 1.6134508  1.612635   1.61190159
 1.611239   1.61063764 1.61008956 1.60958807 1.60912756 1.60870326
 1.60831111]"
1291,"[0.95882299 1.27236345 1.3191425  1.35892966 1.38631141 1.4051395
 1.41862408 1.42867849 1.43643429 1.44258612 1.4475788  1.45170855
 1.45517955 1.45813674 1.46068572 1.46290515 1.4648548  1.46658087
 1.46811961 1.46949986 1.47074484 1.47187347 1.47290129 1.47384121
 1.47470402]"
1292,"[0.98774123 1.34839028 1.44535283 1.47987625 1.49710974 1.50732118
 1.51401839 1.51872181 1.52219293 1.5248529  1.52695241 1.52864945
 1.53004827 1.53122026 1.53221589 1.53307182 1.53381526 1.53446685
 1.53504248 1.53555461 1.53601313 1.536426   1.53679965 1.53713941
 1.53744965]"
1293,"[0.00050173 0.21195521 0.35966087 0.41056412 0.43264639 0.44408099
 0.45081395 0.45516391 0.45817237 0.4603625  0.46202132 0.46331771
 0.4643568  0.46520715 0.46591523 0.46651356 0.46702554 0.46746842
 0.46785519 0.46819578 0.46849794 0.46876777 0.46901017 0.4692291
 0.46942778]"
1294,"[0.67669877 1.09428697 1.18447589 1.22981059 1.25609955 1.27289702
 1.28445468 1.29285838 1.29923001 1.30422071 1.30823232 1.3115255
 1.3142764  1.3166082  1.31860952 1.32034574 1.3218661  1.32320839
 1.3244021  1.32547055 1.32643243 1.3273029  1.32809438 1.32881713
 1.32947973]"
1295,"[0.53995053 1.09775861 1.26126466 1.30724866 1.32432578 1.332061
 1.33605848 1.33831618 1.33967212 1.34052237 1.34107163 1.34143331
 1.34167377 1.34183357 1.34193845 1.34200524 1.34204522 1.34206612
 1.34207333 1.34207069 1.34206094 1.34204609 1.3420276  1.34200656
 1.34198378]"
1296,"[0.67326693 1.33147069 1.52788844 1.58839153 1.61301705 1.62533343
 1.63239765 1.63685201 1.63986039 1.64200021 1.64358488 1.64479685
 1.64574849 1.6465122  1.64713647 1.64765484 1.64809115 1.64846274
 1.6487825  1.6490602  1.64930335 1.6495178  1.6497082  1.64987825
 1.65003094]"
1297,"[0.5977679  1.42046827 1.61268908 1.65714606 1.66966586 1.67330791
 1.67401002 1.67365002 1.67290914 1.67205635 1.67120208 1.67039097
 1.66963904 1.66894956 1.66832028 1.66774666 1.66722349 1.66674559
 1.66630811 1.66590667 1.66553736 1.66519674 1.66488178 1.66458984
 1.66431859]"
1298,"[0.82379937 1.40245062 1.51539298 1.54457077 1.55378523 1.55683163
 1.55764016 1.55756387 1.55713086 1.55656486 1.5559652  1.55537655
 1.5548183  1.55429777 1.55381648 1.55337317 1.55296538 1.55259018
 1.55224461 1.55192583 1.5516312  1.55135837 1.55110518 1.55086973
 1.55065034]"
1299,"[1.01708329 1.53616591 1.63614712 1.65602011 1.66019029 1.66076302
 1.66046695 1.66000535 1.65956641 1.65919353 1.65888827 1.65864124
 1.65844161 1.65827977 1.6581479  1.65803981 1.6579507  1.65787681
 1.6578152  1.65776358 1.65772013 1.65768341 1.65765225 1.65762574
 1.65760312]"
1300,"[0.38147465 0.79650947 0.98880192 1.03912718 1.05666905 1.06441637
 1.06846688 1.07085378 1.07238821 1.07344099 1.07420039 1.07477019
 1.07521144 1.07556211 1.07584681 1.07608217 1.07627973 1.07644776
 1.07659232 1.07671793 1.07682805 1.07692533 1.07701187 1.07708935
 1.0771591 ]"
1301,"[1.26697114 1.54419898 1.5611787  1.55988903 1.56105123 1.56238222
 1.56333729 1.56395957 1.56435406 1.56460054 1.56475133 1.56483976
 1.56488711 1.56490715 1.56490892 1.56489847 1.56487988 1.56485595
 1.56482861 1.56479922 1.56476871 1.56473775 1.5647068  1.56467618
 1.56464611]"
1302,"[0.83967722 1.21865961 1.31902795 1.35169817 1.36519576 1.3721081
 1.37619701 1.37886429 1.38072886 1.38210044 1.3831493  1.38397617
 1.38464415 1.38519467 1.38565601 1.3860481  1.38638535 1.38667847
 1.38693555 1.38716284 1.38736521 1.38754654 1.38770994 1.38785793
 1.3879926 ]"
1303,"[0.85109809 1.2914568  1.38967441 1.41515984 1.42494087 1.42978641
 1.43259464 1.4343983  1.43564278 1.43654774 1.43723264 1.43776752
 1.43819592 1.43854622 1.43883766 1.4390837  1.43929404 1.43947582
 1.43963442 1.43977395 1.43989762 1.44000796 1.44010699 1.44019636
 1.4402774 ]"
1304,"[0.36618528 0.61052355 0.72754865 0.80311805 0.84620667 0.8724703
 0.88981781 0.90203633 0.91107563 0.91802135 0.92352003 0.92797877
 0.93166586 0.93476505 0.9374062  0.93968367 0.94166762 0.9434113
 0.94495581 0.9463334  0.94756974 0.94868547 0.94969742 0.95061941
 0.95146294]"
1305,"[0.88168572 1.31313671 1.45660539 1.51273038 1.54099568 1.55761336
 1.56841467 1.57594502 1.58147179 1.5856898  1.58900912 1.59168627
 1.5938894  1.59573311 1.59729805 1.59864258 1.5998099  1.6008327
 1.6017361  1.60253976 1.60325927 1.60390713 1.6044935  1.60502671
 1.60551364]"
1306,"[0.65106794 1.04129245 1.1800672  1.22555709 1.24577853 1.25686518
 1.26378388 1.26848608 1.27187907 1.27443794 1.27643415 1.27803358
 1.27934309 1.2804345  1.28135782 1.28214893 1.2828342  1.28343346
 1.28396189 1.2844313  1.28485103 1.28522855 1.28556989 1.28588002
 1.28616301]"
1307,"[0.69636874 1.3029829  1.44689597 1.49162938 1.51223087 1.52404162
 1.53171395 1.53710775 1.54111112 1.54420239 1.54666243 1.54866722
 1.55033275 1.55173859 1.5529412  1.55398174 1.55489095 1.55569224
 1.55640378 1.55703986 1.55761188 1.55812907 1.55859896 1.55902775
 1.55942062]"
1308,"[0.82425377 1.15434413 1.20464952 1.22838204 1.24244942 1.2516112
 1.25799389 1.26267193 1.2662373  1.26903967 1.27129759 1.27315417
 1.2747068  1.27602391 1.27715497 1.27813657 1.27899634 1.27975553
 1.28043073 1.28103511 1.2815792  1.28207156 1.28251923 1.28292799
 1.28330271]"
1309,"[0.81492794 1.09026124 1.17264192 1.21073496 1.23264188 1.24675503
 1.25655969 1.26374884 1.26923746 1.27356098 1.27705261 1.27993016
 1.28234182 1.28439182 1.28615557 1.28768892 1.28903413 1.29022374
 1.2912832  1.29223274 1.29308857 1.29386389 1.29456955 1.2952145
 1.29580625]"
1310,"[0.72499364 1.48454801 1.65827691 1.70045222 1.71283696 1.71662367
 1.71747864 1.71724218 1.71659664 1.71581741 1.71502057 1.71425502
 1.71353978 1.71288032 1.7122759  1.71172315 1.71121769 1.71075496
 1.7103306  1.70994059 1.70958132 1.70924958 1.70894252 1.70865764
 1.70839274]"
1311,"[0.63891927 1.33666424 1.53812403 1.60185726 1.62705649 1.63885576
 1.64507403 1.64863703 1.65080614 1.65218701 1.65309565 1.65370815
 1.65412799 1.65441868 1.65462064 1.65476037 1.65485574 1.65491905
 1.65495892 1.65498151 1.65499129 1.65499153 1.65498466 1.65497249
 1.65495641]"
1312,"[0.10167291 0.57120805 0.77663181 0.86298275 0.90951481 0.93838474
 0.95796896 0.97209699 0.98275696 0.99107979 0.99775477 1.0032253
 1.00778931 1.01165419 1.01496872 1.01784236 1.0203574  1.02257689
 1.02454994 1.02631536 1.02790425 1.02934179 1.03064858 1.03184168
 1.03293527]"
1313,"[0.52180617 0.61385529 0.65273471 0.68824686 0.70846184 0.72089253
 0.72922918 0.73519233 0.73966507 0.74314273 0.74592363 0.74819789
 0.7500923  0.75169464 0.75306759 0.75425711 0.75529764 0.75621552
 0.75703122 0.75776091 0.7584175  0.75901145 0.75955132 0.76004417
 0.76049589]"
1314,"[0.98896107 1.4073254  1.44086284 1.42655719 1.41137296 1.3994997
 1.39045766 1.38347313 1.37796259 1.37352412 1.36988234 1.36684555
 1.36427744 1.36207902 1.3601769  1.35851564 1.35705268 1.35575484
 1.35459586 1.35355476 1.35261453 1.35176128 1.35098353 1.35027174
 1.34961789]"
1315,"[0.97034156 1.15467052 1.16343191 1.16555369 1.17034444 1.17499329
 1.17888973 1.18206225 1.18464938 1.1867811  1.18855958 1.19006173
 1.19134506 1.19245286 1.19341807 1.19426607 1.19501667 1.19568555
 1.19628521 1.19682577 1.19731549 1.19776116 1.19816844 1.19854206
 1.19888599]"
1316,"[0.40788488 1.06732526 1.25090758 1.32899952 1.37190249 1.39888615
 1.41736884 1.43079847 1.44098795 1.44897876 1.45541069 1.46069793
 1.46512028 1.46887339 1.47209817 1.47489864 1.47735323 1.47952221
 1.4814526  1.48318167 1.48473933 1.48614982 1.48743305 1.48860548
 1.48968086]"
1317,"[1.00642755 1.68100942 1.72487549 1.70347761 1.68201303 1.66553493
 1.65315895 1.6437153  1.63634529 1.63046601 1.62568279 1.62172383
 1.61839785 1.61556717 1.61313061 1.61101237 1.60915465 1.6075127
 1.60605135 1.60474261 1.60356393 1.60249699 1.60152672 1.60064062
 1.59982825]"
1318,"[0.64377182 1.14776203 1.21781332 1.23969177 1.25364061 1.2631937
 1.2699465  1.27489869 1.27865722 1.2815951  1.28394895 1.2858743
 1.28747681 1.28883051 1.28998864 1.29099038 1.29186519 1.29263561
 1.29331918 1.29392973 1.29447832 1.29497389 1.29542375 1.29583392
 1.29620942]"
1319,"[0.3331504  0.57695288 0.65245459 0.68155869 0.693332   0.6984634
 0.70081437 0.70189712 0.70236147 0.70250995 0.70249277 0.70238839
 0.70223935 0.70206934 0.70189179 0.70171432 0.70154118 0.7013747
 0.701216   0.70106553 0.70092331 0.70078913 0.70066264 0.70054343
 0.70043106]"
1320,"[0.56954953 1.13572629 1.32632436 1.39779932 1.4314609  1.45017519
 1.46180687 1.46962395 1.47518699 1.47932207 1.48250237 1.48501623
 1.48704839 1.4887221  1.49012251 1.49131017 1.49232922 1.49321253
 1.49398507 1.4946661  1.49527072 1.49581092 1.49629633 1.49673477
 1.49713265]"
1321,"[0.65847129 1.34534111 1.49165512 1.53767634 1.55746872 1.56768883
 1.57362855 1.57737876 1.57989606 1.58166717 1.58296057 1.58393408
 1.58468535 1.58527743 1.58575246 1.58613953 1.58645918 1.58672629
 1.58695184 1.58714409 1.58730934 1.58745244 1.58757722 1.5876867
 1.58778331]"
1322,"[0. 0. 0. 0. 0. 0. 0. 0. 0. 0. 0. 0. 0. 0. 0. 0. 0. 0. 0. 0. 0. 0. 0. 0.
 0.]"
1323,"[0.50604273 1.20167884 1.40956849 1.48414814 1.51747916 1.53531284
 1.546126   1.55328191 1.55832733 1.56205783 1.56491925 1.56717889
 1.56900588 1.57051207 1.57177417 1.57284647 1.57376838 1.5745692
 1.57527113 1.57589129 1.57644309 1.57693718 1.5773821  1.57778481
 1.57815101]"
1324,"[0.85749959 1.14115173 1.23023565 1.27247911 1.29725821 1.3136135
 1.32520195 1.33382487 1.34048019 1.3457658  1.35006126 1.35361865
 1.35661174 1.35916403 1.36136564 1.3632838  1.36496967 1.36646286
 1.36779448 1.3689893  1.37006731 1.37104479 1.37193512 1.37274945
 1.37349707]"
1325,"[0.4790687  1.09433169 1.20352975 1.2330484  1.24619757 1.25360081
 1.2583422  1.26163608 1.26405639 1.26590935 1.26737321 1.2685587
 1.2695382  1.27036105 1.271062   1.27166624 1.27219246 1.27265486
 1.27306436 1.27342954 1.27375723 1.27405291 1.27432105 1.27456533
 1.27478879]"
1326,"[0.56327553 1.09328759 1.18614751 1.20937565 1.21996737 1.22620979
 1.23036942 1.23334972 1.23559238 1.23734162 1.2387442  1.23989382
 1.24085319 1.24166585 1.24236303 1.24296768 1.24349704 1.24396433
 1.24437984 1.24475173 1.24508651 1.24538947 1.24566493 1.24591646
 1.24614706]"
1327,"[0.67810482 1.29399962 1.40013065 1.41726549 1.41884058 1.41750893
 1.41576656 1.4141521  1.41276168 1.41158482 1.41058886 1.40974103
 1.40901359 1.40838426 1.40783541 1.40735311 1.40692632 1.40654623
 1.40620572 1.40589905 1.40562148 1.40536912 1.40513872 1.40492757
 1.40473338]"
1328,"[0.49656772 1.27053312 1.38776745 1.44225253 1.47415409 1.49459944
 1.50864239 1.51881704 1.52650042 1.53249467 1.53729498 1.54122212
 1.54449235 1.54725651 1.54962283 1.55167091 1.55346055 1.55503752
 1.55643744 1.55768841 1.55881293 1.55982916 1.560752   1.5615937
 1.56236449]"
1329,"[3.00989278e-10 6.70658012e-05 2.73873177e-03 1.30870327e-02
 2.83910560e-02 4.37142248e-02 5.69837653e-02 6.79400516e-02
 7.68965693e-02 8.42508804e-02 9.03481679e-02 9.54598934e-02
 9.97931634e-02 1.03505109e-01 1.06715500e-01 1.09516453e-01
 1.11979575e-01 1.14161154e-01 1.16105918e-01 1.17849786e-01
 1.19421887e-01 1.20846066e-01 1.22142008e-01 1.23326094e-01
 1.24412062e-01]"
1330,"[0.91221128 1.73527554 1.93970834 1.99474028 2.00964584 2.01201662
 2.01015928 2.00692117 2.00336145 1.99988601 1.99664334 1.99367594
 1.99098239 1.98854384 1.98633581 1.98433321 1.98251254 1.98085264
 1.97933486 1.97794288 1.97666255 1.97548157 1.97438925 1.97337632
 1.97243467]"
1331,"[0.37703696 0.95427513 1.17029583 1.2485576  1.28393244 1.3027392
 1.31400139 1.32136713 1.32651479 1.33029963 1.3331947  1.33547969
 1.33732927 1.33885768 1.3401425  1.34123822 1.34218419 1.3430095
 1.34373614 1.34438103 1.3449574  1.34547577 1.34594457 1.34637068
 1.34675975]"
1332,"[0.91232934 1.57359934 1.660304   1.6688039  1.66646567 1.66295352
 1.65988696 1.65743961 1.65551761 1.654001   1.65279055 1.65181166
 1.65100957 1.65034413 1.64978572 1.64931219 1.6489068  1.64855674
 1.64825207 1.64798501 1.64774937 1.64754022 1.64735355 1.64718611
 1.64703522]"
1333,"[0.86921641 1.16753048 1.31823497 1.39582347 1.43956397 1.46689135
 1.485379   1.49864723 1.50860335 1.51633619 1.52250867 1.52754597
 1.53173267 1.53526611 1.53828727 1.54089948 1.54318015 1.54518837
 1.54697004 1.54856131 1.54999107 1.55128265 1.5524551  1.55352415
 1.55450285]"
1334,"[0.50603052 1.01711365 1.16023609 1.20545386 1.22596082 1.23737328
 1.24455987 1.24947083 1.25302644 1.25571367 1.25781289 1.25949633
 1.2608754  1.26202518 1.26299808 1.26383175 1.26455392 1.26518544
 1.26574228 1.2662369  1.26667912 1.26707683 1.2674364  1.26776304
 1.26806107]"
1335,"[0.59840678 1.32249371 1.47757239 1.52355289 1.54311974 1.55339102
 1.55953356 1.56354513 1.56633603 1.56837218 1.5699136  1.57111543
 1.57207534 1.57285752 1.57350572 1.57405069 1.5745146  1.57491382
 1.57526065 1.57556453 1.57583277 1.57607117 1.57628432 1.57647597
 1.57664913]"
1336,"[1.04884409e-05 1.03373925e-01 3.07378091e-01 3.96577644e-01
 4.39742668e-01 4.63811675e-01 4.78729205e-01 4.88723584e-01
 4.95822010e-01 5.01094386e-01 5.05150411e-01 5.08359718e-01
 5.10958024e-01 5.13102076e-01 5.14899841e-01 5.16427937e-01
 5.17742144e-01 5.18883987e-01 5.19884979e-01 5.20769451e-01
 5.21556472e-01 5.22261192e-01 5.22895795e-01 5.23470185e-01
 5.23992495e-01]"
1337,"[0.08007079 0.7945554  0.99409828 1.04749649 1.06736972 1.07694793
 1.08239734 1.08585664 1.08822635 1.08994218 1.09123767 1.09224826
 1.09305742 1.09371922 1.09427014 1.09473564 1.09513398 1.0954786
 1.09577961 1.09604473 1.09627999 1.09649013 1.09667896 1.09684953
 1.09700437]"
1338,"[0.24560858 0.71512208 0.82626619 0.84359116 0.84504004 0.84372282
 0.84206831 0.84056115 0.83927499 0.83819195 0.83727796 0.83650101
 0.83583475 0.83525835 0.83475549 0.83431337 0.83392187 0.83357294
 0.8332601  0.83297812 0.8327227  0.83249028 0.83227793 0.83208318
 0.83190393]"
1339,"[0.33898877 0.8949025  1.01601105 1.0588678  1.08011384 1.09260012
 1.10074559 1.10644999 1.11065506 1.1138772  1.11642182 1.11848055
 1.1201794  1.12160454 1.12281679 1.12386028 1.12476779 1.12556415
 1.12626852 1.1268959  1.12745823 1.12796509 1.12842428 1.1288422
 1.12922416]"
1340,"[0.59379342 1.44677803 1.5981019  1.62042579 1.61926064 1.61363727
 1.607669   1.6022882  1.59763776 1.59365814 1.59024827 1.58731073
 1.58476268 1.58253654 1.58057801 1.57884349 1.57729786 1.57591272
 1.57466487 1.57353527 1.57250817 1.57157044 1.57071105 1.56992071
 1.5691915 ]"
1341,"[0.82383356 1.60034166 1.78012878 1.83626853 1.8587266  1.8692948
 1.87482972 1.8779457  1.87978761 1.88091099 1.88160748 1.88203987
 1.88230368 1.88245722 1.8825373  1.88256783 1.88256465 1.8825385
 1.88249678 1.88244462 1.88238564 1.88232243 1.8822568  1.88219007
 1.88212318]"
1342,"[0.65224823 1.02097382 1.15442613 1.18906192 1.20374032 1.21207056
 1.21754289 1.22144576 1.22438024 1.22667058 1.22850924 1.23001834
 1.2312794  1.23234901 1.23326771 1.23406535 1.23476437 1.23538199
 1.23593164 1.23642396 1.23686745 1.23726905 1.23763441 1.23796822
 1.2382744 ]"
1343,"[0.85661123 1.44007858 1.50875403 1.52681041 1.53291274 1.53492302
 1.53535728 1.5351485  1.53467834 1.53411361 1.53353001 1.53296201
 1.53242458 1.53192324 1.53145884 1.53103006 1.53063457 1.53026968
 1.52993266 1.52962093 1.52933209 1.52906393 1.5288145  1.52858203
 1.52836494]"
1344,"[0.93329103 1.31173661 1.4295063  1.47426711 1.4947978  1.5058407
 1.51248596 1.51681998 1.5198209  1.52199652 1.52363214 1.5248984
 1.5259027  1.52671548 1.52738464 1.52794373 1.52841683 1.52882165
 1.52917148 1.52947641 1.5297443  1.52998128 1.53019226 1.53038115
 1.53055116]"
1345,"[0.81996293 1.16211357 1.24594012 1.27945421 1.29787578 1.30954637
 1.31758762 1.32345472 1.32791901 1.33142696 1.33425451 1.33658117
 1.33852863 1.34018226 1.34160365 1.34283837 1.34392082 1.34487745
 1.34572896 1.34649172 1.34717889 1.34780116 1.3483673  1.34888456
 1.349359  ]"
1346,"[0.36774901 0.59242078 0.76624051 0.83971465 0.87908258 0.90343314
 0.91992258 0.93180471 0.94076312 0.94775347 0.95335733 0.95794844
 0.96177766 0.96501955 0.96779926 0.9702088  0.97231734 0.97417786
 0.97583161 0.97731119 0.97864269 0.97984725 0.98094218 0.98194178
 0.98285795]"
1347,"[0.50881004 0.93713315 1.1605837  1.23986191 1.27816664 1.30048189
 1.31504227 1.32527843 1.33286283 1.33870568 1.34334403 1.347115
 1.35024077 1.3528737  1.35512171 1.35706338 1.35875729 1.36024797
 1.36156991 1.3627502  1.36381044 1.36476805 1.36563724 1.3664297
 1.36715517]"
1348,"[0.84060787 1.34891376 1.43251806 1.44389649 1.44469353 1.44362594
 1.44233026 1.44115001 1.44014065 1.43928964 1.43857132 1.43796104
 1.43743828 1.43698665 1.43659327 1.43624797 1.43594273 1.43567114
 1.43542805 1.43520929 1.43501144 1.43483168 1.43466768 1.43451747
 1.4343794 ]"
1349,"[0.8856657  1.53243928 1.63648724 1.65498916 1.65964091 1.66133341
 1.66217672 1.66270378 1.66308329 1.66338009 1.66362371 1.66382972
 1.6640074  1.66416279 1.66430014 1.66442257 1.66453247 1.6646317
 1.66472177 1.6648039  1.66487911 1.66494823 1.66501198 1.66507096
 1.66512568]"
1350,"[0.77745132 1.42709528 1.52730821 1.54552198 1.54753902 1.54556979
 1.5426768  1.53974976 1.53705004 1.53463668 1.53250153 1.53061592
 1.52894737 1.52746545 1.52614352 1.52495885 1.52389234 1.52292796
 1.52205227 1.52125396 1.52052349 1.51985277 1.51923491 1.51866402
 1.51813502]"
1351,"[0.13474442 0.84365067 1.06056931 1.1536606  1.20389925 1.23494783
 1.25591241 1.27097125 1.2822909  1.29110026 1.29814586 1.30390633
 1.30870224 1.31275613 1.31622719 1.31923228 1.32185904 1.32417449
 1.32623075 1.32806893 1.3297219  1.33121626 1.33257376 1.33381235
 1.33494696]"
1352,"[0.16754466 1.30364861 1.55906539 1.63350101 1.66399868 1.67932016
 1.68812565 1.69368279 1.69743732 1.70010824 1.7020863  1.70359916
 1.70478704 1.70574035 1.70651961 1.7071667  1.70771136 1.70817525
 1.70857447 1.70892119 1.70922479 1.70949259 1.70973036 1.70994273
 1.71013346]"
1353,"[0.65670719 1.06418727 1.18499642 1.21854195 1.23182336 1.23845193
 1.24229056 1.24474978 1.24644299 1.24767278 1.24860331 1.24933042
 1.24991346 1.25039097 1.25078899 1.25112572 1.25141424 1.25166415
 1.2518827  1.25207542 1.25224663 1.25239974 1.25253746 1.25266201
 1.25277518]"
1354,"[1.27876151 1.52495825 1.59965689 1.62238968 1.63245495 1.63806045
 1.64163811 1.64412908 1.64596929 1.64738789 1.64851696 1.64943818
 1.65020484 1.65085332 1.65140929 1.65189143 1.65231367 1.65268661
 1.65301847 1.65331575 1.6535836  1.65382623 1.65404704 1.65424888
 1.6544341 ]"
1355,"[0.26185965 0.41150123 0.66337198 0.74648584 0.77683496 0.78886261
 0.7936685  0.79535564 0.79561653 0.79520977 0.7944967  0.79365672
 0.79278107 0.79191623 0.79108531 0.79029888 0.78956075 0.78887107
 0.78822812 0.78762921 0.78707128 0.7865512  0.7860659  0.78561249
 0.7851883 ]"
1356,"[0.82920504 1.57662333 1.68875606 1.70039806 1.69544022 1.68807731
 1.68116066 1.67519751 1.67015727 1.66589922 1.6622803  1.65917949
 1.65649989 1.6541651  1.65211496 1.65030192 1.64868805 1.64724291
 1.64594178 1.64476449 1.64369437 1.64271761 1.6418226  1.6409996
 1.64024031]"
1357,"[0.75355109 1.39419982 1.49551068 1.51996546 1.52720053 1.52919798
 1.52934342 1.52879691 1.52800527 1.52715254 1.52631621 1.52552773
 1.52479786 1.524128   1.52351536 1.52295552 1.52244355 1.52197461
 1.52154423 1.52114831 1.52078323 1.52044576 1.52013307 1.51984267
 1.51957236]"
1358,"[0.86818953 1.24913285 1.33991044 1.37247186 1.38923067 1.3996071
 1.40671997 1.41191701 1.41588583 1.41901759 1.42155239 1.42364621
 1.42540492 1.42690297 1.42819427 1.42931883 1.43030694 1.43118199
 1.43196232 1.4326625  1.43329426 1.43386715 1.43438903 1.43486642
 1.43530476]"
1359,"[0.1754221  0.84865854 1.0586766  1.1483234  1.19608027 1.22524711
 1.24474872 1.25864468 1.26902131 1.27705236 1.28344561 1.28865197
 1.29297168 1.29661214 1.29972102 1.30240629 1.30474863 1.30680952
 1.30863665 1.31026751 1.31173202 1.31305434 1.31425415 1.31534769
 1.31634844]"
1360,"[1.06789868 1.59443733 1.68946772 1.70763017 1.71085369 1.71055061
 1.70939904 1.70812902 1.70694653 1.70589998 1.70498863 1.70419757
 1.7035094  1.70290797 1.70237949 1.70191241 1.70149728 1.7011263
 1.70079308 1.70049234 1.7002197  1.6999715  1.69974469 1.69953666
 1.69934522]"
1361,"[0.91115148 1.34620612 1.42984213 1.46032077 1.47679267 1.48699012
 1.49383073 1.49869395 1.50230819 1.5050894  1.50729022 1.50907196
 1.51054201 1.5117744  1.51282169 1.51372217 1.51450433 1.51518982
 1.51579535 1.51633401 1.51681621 1.51725032 1.51764313 1.51800023
 1.51832626]"
1362,"[0.57309813 1.09741858 1.2527702  1.33219463 1.37921316 1.40949654
 1.43033884 1.44544601 1.45684914 1.46573767 1.4728482  1.47865872
 1.48349176 1.48757233 1.49106185 1.49407902 1.49671294 1.49903179
 1.50108856 1.50292505 1.50457466 1.5060644  1.50741634 1.50864867
 1.50977652]"
1363,"[0.72718012 1.44345883 1.61542942 1.6659303  1.6844355  1.6924645
 1.69635389 1.69836954 1.69945056 1.70003143 1.70033064 1.70046535
 1.70050163 1.70047826 1.70041875 1.70033767 1.70024426 1.70014444
 1.70004201 1.69993944 1.69983832 1.69973964 1.69964402 1.69955178
 1.69946312]"
1364,"[0.46790022 1.13565413 1.29303541 1.34620438 1.37136306 1.38578835
 1.39508029 1.4015445  1.40629298 1.40992496 1.41279088 1.41510894
 1.41702194 1.41862715 1.41999311 1.42116945 1.422193   1.42309163
 1.42388687 1.42459554 1.42523103 1.4258041  1.42632351 1.42679644
 1.42722886]"
1365,"[0.72244074 0.88375415 0.94159417 0.9893975  1.02152456 1.04319529
 1.0585057  1.06981164 1.07847111 1.08530259 1.09082326 1.09537406
 1.09918808 1.10242977 1.1052183  1.10764206 1.10976795 1.11164752
 1.1133211  1.1148207  1.11617204 1.11739603 1.11850982 1.11952762
 1.12046131]"
1366,"[0.84108878 1.4086297  1.45329109 1.45388794 1.4512209  1.44879451
 1.44688391 1.44539488 1.44421789 1.44327023 1.44249346 1.44184645
 1.44129987 1.4408324  1.44042824 1.44007548 1.43976499 1.43948966
 1.43924387 1.43902314 1.43882384 1.438643   1.4384782  1.43832738
 1.43818885]"
1367,"[1.01911149 1.27786832 1.30449618 1.32099562 1.33180022 1.33888766
 1.34377573 1.34731603 1.349986   1.35206625 1.35373033 1.35509053
 1.35622247 1.35717877 1.35799715 1.35870528 1.35932396 1.35986905
 1.36035291 1.36078528 1.36117394 1.36152519 1.36184416 1.36213511
 1.36240156]"
1368,"[0.19354531 0.86620817 1.05179782 1.10908856 1.13461265 1.14874681
 1.15765432 1.16375971 1.16819681 1.1715633  1.17420301 1.17632732
 1.17807316 1.17953304 1.18077167 1.18183567 1.18275944 1.18356892
 1.18428405 1.18492037 1.18549021 1.18600345 1.18646812 1.18689078
 1.18727688]"
1369,"[0.42837746 1.00355353 1.20900504 1.30116257 1.35156655 1.38293481
 1.40422155 1.41957356 1.43115259 1.44018978 1.44743552 1.45337242
 1.45832457 1.46251751 1.46611297 1.46922988 1.47195762 1.47436468
 1.47650438 1.47841885 1.48014183 1.48170064 1.48311766 1.48441138
 1.48559719]"
1370,"[0.40600799 0.81213798 1.05369156 1.15807175 1.21023722 1.24023361
 1.25933407 1.27242665 1.28190484 1.28905823 1.29463593 1.29910008
 1.30275    1.30578753 1.30835344 1.31054874 1.3124477  1.31410613
 1.31556672 1.31686267 1.31802018 1.31906022 1.31999971 1.32085252
 1.32163005]"
1371,"[0.2275429  0.8258709  1.03524754 1.12790672 1.17835342 1.20958861
 1.23067236 1.24580163 1.25716097 1.2659911  1.27304579 1.27880814
 1.28360145 1.28764999 1.29111407 1.29411122 1.29672956 1.2990364
 1.30108406 1.30291378 1.3045585  1.30604488 1.30739468 1.30862587
 1.30975339]"
1372,"[0.78051953 1.24386288 1.42792286 1.48886804 1.51701163 1.53289707
 1.54302969 1.55003509 1.55516053 1.55907055 1.56215051 1.56463883
 1.56669079 1.56841178 1.56987583 1.57113644 1.57223324 1.57319619
 1.57404838 1.57480788 1.57548902 1.57610333 1.57666019 1.5771673
 1.57763103]"
1373,"[0.90255652 1.48458541 1.58532547 1.60440857 1.60776609 1.6072234
 1.60566495 1.60392849 1.60227295 1.60077142 1.59943358 1.59824786
 1.59719677 1.59626248 1.59542883 1.59468178 1.59400941 1.59340164
 1.59284998 1.59234729 1.59188752 1.59146555 1.591077   1.59071814
 1.59038574]"
1374,"[0.77727591 1.22722852 1.34045505 1.39275027 1.42248279 1.44132113
 1.45419969 1.46351081 1.47053463 1.47601122 1.48039555 1.48398167
 1.48696756 1.48949116 1.49165141 1.49352105 1.4951547  1.49659418
 1.49787201 1.49901386 1.50004025 1.50096779 1.50181007 1.50257828
 1.50328176]"
1375,"[0.704865   1.21029083 1.31879659 1.35812401 1.37750158 1.38890575
 1.39639001 1.40167095 1.40559379 1.40862153 1.41102858 1.41298776
 1.41461327 1.41598356 1.4171543  1.41816609 1.41904921 1.41982672
 1.42051649 1.42113256 1.42168615 1.42218629 1.42264036 1.42305445
 1.42343361]"
1376,"[0.61387698 1.45821417 1.57591015 1.60039452 1.60732697 1.60908632
 1.6090668  1.60840544 1.60753087 1.60661563 1.60573023 1.60490185
 1.60413859 1.6034401  1.60280246 1.60222045 1.60168859 1.60120164
 1.6007548  1.60034376 1.59996471 1.59961427 1.59928951 1.59898782
 1.59870691]"
1377,"[0.8885529  1.13451904 1.19992344 1.25144489 1.29568561 1.32954619
 1.35494816 1.37430013 1.38938744 1.40141977 1.41121199 1.41932244
 1.42614256 1.43195327 1.43696061 1.44131879 1.44514531 1.44853116
 1.45154784 1.45425225 1.45669027 1.45889923 1.46090982 1.46274754
 1.46443367]"
1378,"[0.64874169 1.22611484 1.34536087 1.38265921 1.39977575 1.40943035
 1.41558379 1.41983244 1.42293566 1.4252986  1.42715637 1.4286545
 1.42988771 1.43092027 1.43179728 1.43255131 1.43320645 1.4337809
 1.43428867 1.4347407  1.43514567 1.43551055 1.43584101 1.43614168
 1.43641642]"
1379,"[0.90111894 1.36495256 1.50021672 1.54209342 1.55993924 1.56935087
 1.57505781 1.57886229 1.58157422 1.58360467 1.58518251 1.58644469
 1.58747795 1.58833988 1.5890702  1.58969716 1.59024145 1.59071854
 1.59114026 1.59151579 1.5918524  1.59215587 1.5924309  1.59268134
 1.59291037]"
1380,"[1.14399365 1.51868172 1.51344324 1.49030377 1.47659714 1.4685814
 1.46352972 1.46011375 1.45767005 1.45584321 1.4544293  1.45330415
 1.45238832 1.4516288  1.45098897 1.45044275 1.44997107 1.44955971
 1.44919782 1.44887701 1.44859068 1.44833356 1.4481014  1.44789074
 1.44769873]"
1381,"[1.13383899 1.54197733 1.57144997 1.57263469 1.57264394 1.57270423
 1.57284313 1.57302374 1.57321984 1.57341666 1.57360662 1.57378618
 1.57395399 1.57410986 1.57425423 1.5743878  1.57451139 1.57462584
 1.57473196 1.57483051 1.57492218 1.57500761 1.57508736 1.57516195
 1.57523182]"
1382,"[0.70708082 1.23690176 1.38212997 1.44639401 1.48084427 1.50190995
 1.51600435 1.52605434 1.53356453 1.53938134 1.54401518 1.54779125
 1.55092618 1.55356964 1.55582828 1.55778008 1.55948336 1.56098258
 1.56231223 1.56349946 1.56456593 1.56552912 1.56640331 1.56720027
 1.56792979]"
1383,"[0.82691231 1.04798089 1.09114588 1.11447737 1.12839113 1.13748596
 1.14388326 1.14863003 1.15229415 1.15520939 1.15758472 1.15955781
 1.16122306 1.16264741 1.16387968 1.16495631 1.16590505 1.16674744
 1.16750041 1.16817749 1.1687896  1.16934568 1.16985307 1.17031791
 1.17074534]"
1384,"[0.80399276 1.31629454 1.37705951 1.38586273 1.38848008 1.38979071
 1.39063072 1.39123285 1.39169082 1.3920524  1.39234555 1.39258813
 1.3927922  1.39296623 1.39311638 1.39324723 1.39336226 1.39346416
 1.39355505 1.39363662 1.39371022 1.39377696 1.39383776 1.39389337
 1.39394442]"
1385,"[0.44041554 1.22442625 1.39995293 1.45985094 1.48931859 1.50673863
 1.51821665 1.5263398  1.53238714 1.5370622  1.54078344 1.54381517
 1.54633244 1.54845576 1.55027077 1.55183998 1.55321011 1.55441674
 1.55548745 1.55644398 1.55730365 1.55808044 1.55878579 1.55942911
 1.56001823]"
1386,"[0.41420643 0.95585543 1.06672113 1.09611978 1.10862831 1.11551373
 1.11989086 1.12293172 1.12517369 1.12689838 1.12826808 1.12938314
 1.13030911 1.13109067 1.13175937 1.13233815 1.1328441  1.13329022
 1.13368656 1.13404105 1.13436001 1.13464854 1.13491081 1.13515026
 1.13536975]"
1387,"[0.82169987 1.46504815 1.64090261 1.68257806 1.69369619 1.69631549
 1.69619751 1.6951574  1.69384196 1.69249732 1.69121742 1.69003459
 1.68895535 1.6879756  1.68708721 1.68628096 1.68554782 1.68487948
 1.68426852 1.6837084  1.68319342 1.68271862 1.68227967 1.6818728
 1.68149475]"
1388,"[0.70300704 1.33827589 1.52299788 1.58000766 1.60354572 1.61560983
 1.62272662 1.62734383 1.63054916 1.6328891  1.63466462 1.63605367
 1.63716757 1.63807919 1.63883808 1.63947905 1.64002717 1.64050097
 1.6409144  1.64127817 1.64160061 1.6418883  1.64214651 1.64237952
 1.6425908 ]"
1389,"[1.00067993 1.40173011 1.45827515 1.47450676 1.48456151 1.49155655
 1.49663834 1.50046156 1.50342556 1.50578261 1.50769761 1.50928194
 1.51061309 1.51174644 1.51272252 1.51357159 1.51431671 1.51497571
 1.5155626  1.51608852 1.51656244 1.51699167 1.51738222 1.51773907
 1.51806637]"
1390,"[1.16242705 1.31411068 1.30681567 1.28756025 1.27383229 1.26471239
 1.25850654 1.2541224  1.25091188 1.24848565 1.24660213 1.24510605
 1.24389422 1.24289599 1.24206166 1.24135539 1.24075085 1.24022825
 1.23977253 1.23937201 1.23901752 1.23870178 1.23841894 1.23816423
 1.23793376]"
1391,"[0.43872693 1.22798849 1.46640139 1.55203038 1.5918868  1.61413962
 1.62813006 1.63766732 1.64455681 1.64975369 1.65380699 1.65705328
 1.6597098  1.6619227  1.66379382 1.66539619 1.66678352 1.66799617
 1.66906503 1.67001414 1.67086247 1.67162522 1.67231467 1.67294088
 1.67351213]"
1392,"[0.4740485  1.15655074 1.30115457 1.34492873 1.36378802 1.37376646
 1.37977638 1.38372922 1.38649893 1.38853397 1.39008527 1.39130296
 1.39228184 1.39308442 1.39375345 1.39431908 1.39480316 1.39522183
 1.3955873  1.39590897 1.39619414 1.39644862 1.39667705 1.39688318
 1.39707009]"
1393,"[0.19524724 0.84692002 1.0551503  1.14704566 1.19681504 1.22754611
 1.24825831 1.2631073  1.27424928 1.28290653 1.28982069 1.29546666
 1.30016207 1.30412712 1.30751916 1.31045354 1.31301669 1.31527464
 1.31727867 1.31906922 1.32067858 1.32213288 1.32345345 1.32465788
 1.32576083]"
1394,"[0.77518741 1.35045878 1.49834803 1.54941014 1.57317211 1.58649699
 1.5949066  1.60065592 1.60481787 1.60796223 1.61041755 1.61238582
 1.61399764 1.61534105 1.6164775  1.61745108 1.61829426 1.61903147
 1.61968141 1.62025863 1.62077466 1.62123868 1.62165817 1.62203921
 1.62238684]"
1395,"[0.39475988 1.03163849 1.17014884 1.19382323 1.19550265 1.1929152
 1.18982076 1.18703676 1.18468802 1.18273481 1.18110786 1.17974276
 1.17858688 1.17759889 1.17674672 1.17600543 1.17535555 1.17478172
 1.17427171 1.17381572 1.17340579 1.17303544 1.17269929 1.17239291
 1.17211257]"
1396,"[0.95405771 1.56667085 1.66674504 1.68095843 1.68168832 1.68009901
 1.67830126 1.67671327 1.67538446 1.67428359 1.67336804 1.6726001
 1.67194964 1.67139325 1.67091291 1.67049463 1.67012753 1.66980303
 1.66951432 1.66925591 1.66902337 1.66881307 1.66862202 1.66844773
 1.66828813]"
1397,"[0.94344463 0.71428401 0.82814706 0.90349458 0.94381744 0.96845953
 0.98496399 0.99674995 1.00557081 1.01241252 1.01786991 1.02232231
 1.02602264 1.02914582 1.03181663 1.0341264  1.03614348 1.03792006
 1.03949662 1.04090506 1.04217087 1.04331462 1.04435314 1.04530027
 1.04616757]"
1398,"[0.49100074 1.1160905  1.2607476  1.31118944 1.33578509 1.3501483
 1.3595071  1.36606789 1.37091341 1.3746344  1.37757948 1.37996727
 1.38194159 1.38360088 1.38501471 1.38623362 1.38729522 1.38822803
 1.38905409 1.38979071 1.39045162 1.39104792 1.39158862 1.39208114
 1.39253163]"
1399,"[0.99125044 1.41410819 1.51073947 1.53241645 1.53717442 1.5373452
 1.53615345 1.53460195 1.53303199 1.53155997 1.53021939 1.52901229
 1.5279292  1.52695715 1.52608291 1.5252943  1.5245805  1.52393212
 1.5233411  1.52280052 1.52230444 1.52184778 1.52142616 1.52103579
 1.52067341]"
1400,"[0.49867256 1.24557022 1.43175205 1.49738866 1.52631593 1.54157673
 1.55070485 1.55666749 1.56081988 1.56385448 1.56615681 1.56795649
 1.5693978  1.57057556 1.57155436 1.57237959 1.57308402 1.57369186
 1.57422132 1.57468638 1.57509791 1.57546451 1.57579304 1.57608905
 1.57635707]"
1401,"[0.59652526 1.10244409 1.18315097 1.18033729 1.16812383 1.15745799
 1.14927816 1.14308319 1.13832639 1.13460098 1.13162471 1.12920303
 1.12720021 1.12551983 1.12409205 1.12286532 1.12180091 1.12086924
 1.12004739 1.11931732 1.11866471 1.11807802 1.11754786 1.11706653
 1.11662765]"
1402,"[0.92161149 1.34719008 1.42203225 1.43928282 1.44495132 1.44732535
 1.4484966  1.44914468 1.4495345  1.44978418 1.44995207 1.45006939
 1.45015397 1.45021654 1.45026381 1.45030017 1.45032858 1.45035106
 1.45036905 1.45038358 1.45039543 1.45040516 1.45041319 1.45041987
 1.45042543]"
1403,"[0.93404964 1.38039769 1.47908827 1.51105189 1.52401811 1.53013962
 1.53333978 1.53513113 1.5361798  1.53681005 1.53719234 1.53742188
 1.53755447 1.53762415 1.53765235 1.53765293 1.53763505 1.53760489
 1.53756667 1.5375233  1.53747681 1.53742863 1.53737977 1.53733091
 1.53728257]"
1404,"[0.90005759 1.39289697 1.53591792 1.57862689 1.59563779 1.60380515
 1.60823754 1.61085639 1.61250227 1.61358578 1.61432498 1.61484352
 1.61521533 1.61548655 1.61568702 1.61583665 1.61594909 1.61603388
 1.61609784 1.61614592 1.61618179 1.61620816 1.61622712 1.61624025
 1.61624876]"
1405,"[0.6390369  1.0523773  1.03370375 1.00140784 0.9854784  0.9780238
 0.97433654 0.9723975  0.97132854 0.97072161 0.97037356 0.97017691
 0.97007177 0.9700233  0.97001049 0.97002032 0.9700445  0.97007766
 0.97011626 0.97015795 0.97020116 0.97024482 0.97028822 0.9703309
 0.97037256]"
1406,"[1.03338125 1.56931784 1.65263972 1.65796612 1.65260561 1.6466213
 1.64155127 1.63745737 1.63416042 1.63147915 1.62927002 1.62742565
 1.62586657 1.62453366 1.62338245 1.62237906 1.62149734 1.62071681
 1.62002128 1.61939777 1.6188358  1.61832677 1.61786363 1.6174405
 1.61705245]"
1407,"[0.60834482 0.96702912 1.22755983 1.33605398 1.39142863 1.42390593
 1.44488138 1.45940113 1.46998465 1.4780109  1.48429085 1.48932963
 1.4934569  1.49689631 1.49980456 1.50229457 1.5044496  1.50633238
 1.507991   1.50946293 1.51077778 1.51195925 1.51302654 1.51399532
 1.51487857]"
1408,"[0.84923531 1.40686504 1.54628531 1.58091589 1.59184867 1.59573064
 1.59705814 1.59734516 1.59718279 1.596826   1.59639222 1.59593766
 1.59548949 1.59506054 1.5946563  1.59427848 1.59392684 1.59360018
 1.59329688 1.59301513 1.59275317 1.59250929 1.59228191 1.59206957
 1.59187095]"
1409,"[0.67431079 1.25219619 1.43214572 1.48563645 1.50520735 1.51378612
 1.51801449 1.52025797 1.5215001  1.522199   1.52258707 1.52279014
 1.52288001 1.52289932 1.52287425 1.52282131 1.52275114 1.52267067
 1.5225845  1.52249571 1.52240632 1.52231771 1.52223077 1.52214606
 1.52206395]"
1410,"[0.58776008 0.76403012 1.00023105 1.09777103 1.14461663 1.17085448
 1.18725079 1.19833386 1.20627208 1.21221346 1.21681551 1.2204791
 1.22346133 1.22593413 1.22801658 1.2297936  1.2313273  1.23266414
 1.23383951 1.23488084 1.23580972 1.23664335 1.2373956  1.2380778
 1.23869926]"
1411,"[0.86551049 1.60604353 1.74941006 1.77653129 1.78068649 1.77960856
 1.77735917 1.77501098 1.77285354 1.77094664 1.7692805  1.76782649
 1.76655373 1.76543425 1.76444422 1.76356381 1.76277664 1.76206924
 1.76143045 1.76085102 1.76032324 1.75984064 1.75939775 1.75898995
 1.75861327]"
1412,"[1.09501192 1.38627912 1.49605226 1.53342251 1.54929197 1.55725128
 1.56172278 1.56444585 1.56620637 1.56739802 1.56823428 1.56883844
 1.56928542 1.56962267 1.56988135 1.57008253 1.57024083 1.57036661
 1.5704674  1.57054873 1.57061472 1.57066852 1.57071253 1.57074863
 1.57077827]"
1413,"[0.48806723 1.2786613  1.44509162 1.46690403 1.46503835 1.45994402
 1.45528817 1.45156536 1.44866347 1.4463943  1.44459835 1.44315621
 1.44198125 1.44101079 1.44019911 1.43951246 1.43892558 1.43841928
 1.43797882 1.43759272 1.43725193 1.43694924 1.43667884 1.43643603
 1.43621692]"
1414,"[1.14502481 1.56115024 1.65854347 1.67766803 1.68201425 1.68280817
 1.6826021  1.68211341 1.68157055 1.68104942 1.68057328 1.68014632
 1.67976586 1.67942707 1.67912478 1.6788542  1.67861106 1.67839171
 1.67819303 1.67801237 1.67784749 1.67769648 1.67755772 1.6774298
 1.67731154]"
1415,"[0.855352   1.31189476 1.40667216 1.44943981 1.47263478 1.48683966
 1.49632538 1.50306838 1.50809042 1.51196731 1.51504618 1.51754793
 1.51961946 1.52136204 1.52284769 1.52412894 1.525245   1.5262257
 1.52709413 1.52786844 1.52856307 1.52918966 1.52975772 1.53027504
 1.53074811]"
1416,"[0.41623104 1.15048454 1.34637726 1.42478998 1.46506102 1.48911672
 1.50497452 1.51616665 1.52446814 1.53086153 1.5359322  1.54004961
 1.54345803 1.5463252  1.54877001 1.55087904 1.55271678 1.55433225
 1.55576337 1.55703991 1.55818557 1.55921945 1.56015713 1.5610114
 1.56179291]"
1417,"[0.5515144  1.26647212 1.44814129 1.51106708 1.54035524 1.55667009
 1.56687309 1.57378209 1.57873778 1.58245005 1.58532635 1.58761582
 1.58947868 1.59102231 1.59232122 1.59342861 1.59438345 1.59521491
 1.5959452  1.59659156 1.59716756 1.59768398 1.59814956 1.59857139
 1.59895532]"
1418,"[0.43279571 1.27972326 1.47624491 1.53052535 1.54776382 1.55313353
 1.55415417 1.55347191 1.55212906 1.55056697 1.54897955 1.54745164
 1.54601778 1.54468876 1.54346414 1.54233839 1.54130392 1.54035257
 1.53947642 1.53866804 1.53792068 1.53722827 1.53658538 1.53598722
 1.5354295 ]"
1419,"[0.83369528 1.74717692 1.85711424 1.84618405 1.82187535 1.79968982
 1.78138462 1.76649054 1.75429385 1.74418851 1.73571032 1.72851186
 1.72233284 1.71697644 1.71229199 1.70816268 1.7044968  1.70122147
 1.69827813 1.69561923 1.6932058  1.69100563 1.68899184 1.68714187
 1.68543663]"
1420,"[0.86394085 0.97399694 1.28260514 1.41753698 1.48630506 1.52669292
 1.55286997 1.57106703 1.58438694 1.59452828 1.6024917  1.60890197
 1.61416796 1.6185678  1.62229696 1.62549662 1.6282712  1.63069952
 1.63284216 1.63474642 1.63644977 1.63798223 1.63936817 1.64062754
 1.64177686]"
1421,"[0.39490242 0.95984902 1.13703723 1.21563538 1.25844833 1.28496591
 1.30287098 1.31572312 1.32537537 1.33288034 1.33887764 1.34377726
 1.34785365 1.35129722 1.35424408 1.35679406 1.35902202 1.36098514
 1.36272786 1.36428524 1.36568528 1.36695063 1.3680998  1.36914805
 1.3701081 ]"
1422,"[0.29088305 0.67254646 0.76180112 0.78319639 0.79193702 0.7968829
 0.80017103 0.80255502 0.80437757 0.80582208 0.80699771 0.80797433
 0.80879912 0.80950526 0.81011679 0.81065164 0.81112342 0.81154271
 0.81191784 0.81225543 0.81256087 0.81283854 0.81309208 0.81332449
 0.81353832]"
1423,"[0.86251873 1.17102045 1.15597039 1.14990031 1.15400063 1.159148
 1.16352728 1.16703036 1.1698246  1.17207977 1.17392732 1.17546346
 1.17675815 1.17786267 1.17881521 1.17964458 1.18037288 1.1810173
 1.18159139 1.18210598 1.18256977 1.18298989 1.18337219 1.18372152
 1.18404196]"
1424,"[0.60364286 1.37641535 1.54269073 1.58350003 1.59792785 1.60423439
 1.60735713 1.60902471 1.60995444 1.61048145 1.61077659 1.61093287
 1.61100363 1.61102075 1.6110039  1.61096554 1.61091374 1.6108538
 1.61078925 1.61072245 1.61065501 1.61058798 1.61052206 1.61045772
 1.61039526]"
1425,"[0.37661232 0.9233792  1.10615565 1.18656572 1.22980351 1.25636105
 1.27419671 1.28695225 1.2965069  1.30392147 1.30983758 1.31466506
 1.3186775  1.32206428 1.32496055 1.32746529 1.32965261 1.33157906
 1.33328856 1.33481573 1.33618818 1.33742824 1.33855416 1.33958097
 1.34052118]"
1426,"[0.41759679 0.9937039  1.16808291 1.23847681 1.27538573 1.2979
 1.31300844 1.32382883 1.33195156 1.33826983 1.34332289 1.34745515
 1.35089668 1.35380695 1.35629993 1.35845923 1.36034754 1.36201279
 1.36349226 1.36481536 1.36600562 1.36708206 1.36806025 1.36895305
 1.36977116]"
1427,"[0.76416466 1.13091043 1.21373793 1.25151082 1.27150947 1.2835743
 1.29157607 1.29725149 1.3014792  1.30474753 1.30734841 1.30946666
 1.31122485 1.31270736 1.3139742  1.31506915 1.31602492 1.31686643
 1.31761299 1.31827979 1.31887895 1.31942027 1.31991171 1.32035988
 1.32077023]"
1428,"[0.68999623 1.39549286 1.55165161 1.59950306 1.61860374 1.62794667
 1.63321746 1.63650731 1.63871822 1.64028913 1.64145451 1.64234913
 1.64305516 1.64362516 1.64409418 1.64448635 1.6448188  1.64510398
 1.64535117 1.64556738 1.64575801 1.6459273  1.64607861 1.64621463
 1.64633755]"
1429,"[0.96377334 1.35947023 1.40144253 1.41919566 1.43363139 1.44467871
 1.45306864 1.45954915 1.46466527 1.46878973 1.4721773  1.47500511
 1.47739904 1.47945051 1.48122731 1.48278063 1.4841498  1.48536553
 1.48645209 1.48742891 1.48831176 1.4891135  1.48984479 1.49051448
 1.49113003]"
1430,"[0.05879417 0.19260385 0.22182871 0.22239134 0.2178436  0.21381722
 0.21116233 0.20964367 0.20890129 0.20865344 0.20870968 0.2089476
 0.20928997 0.20968841 0.2101127  0.21054411 0.21097113 0.21138689
 0.21178744 0.21217071 0.21253584 0.2128827  0.21321165 0.21352333
 0.21381852]"
1431,"[0.60307052 0.98475034 1.09507825 1.13238596 1.15065877 1.16159805
 1.16893548 1.17422133 1.17822007 1.18135505 1.18388088 1.1859604
 1.18770283 1.1891843  1.19045952 1.19156887 1.19254279 1.1934047
 1.19417291 1.19486191 1.19548338 1.19604678 1.1965599  1.19702919
 1.19746003]"
1432,"[0.60070336 1.28280827 1.4165783  1.46266224 1.48337868 1.49438991
 1.5009456  1.50517688 1.50807685 1.51015841 1.51170824 1.5128969
 1.51383116 1.51458073 1.51519271 1.51569994 1.51612586 1.51648763
 1.51679804 1.51706677 1.51730132 1.5175075  1.51768994 1.51785235
 1.51799769]"
1433,"[0.99701699 0.95306212 0.88414423 0.83113599 0.79850965 0.77851036
 0.76525648 0.75571961 0.74841196 0.74256046 0.73772867 0.73364953
 0.73014805 0.7271031  0.72442718 0.7220549  0.71993609 0.71803143
 0.71630953 0.71474501 0.71331704 0.71200838 0.71080459 0.70969351
 0.70866479]"
1434,"[0.86842083 1.19300354 1.33472696 1.39658279 1.4288506  1.44804457
 1.46058099 1.46934057 1.47577601 1.48068928 1.48455568 1.48767334
 1.49023807 1.49238345 1.4942036  1.49576661 1.49712296 1.49831078
 1.49935945 1.50029191 1.50112635 1.50187737 1.50255682 1.50317443
 1.50373822]"
1435,"[0.60368827 1.06899432 1.20816699 1.26430946 1.29290757 1.30991757
 1.32111254 1.32901115 1.33487141 1.33938723 1.3429712  1.34588347
 1.34829596 1.35032672 1.35205944 1.35355507 1.35485904 1.3560059
 1.35702237 1.35792945 1.35874388 1.35947913 1.36014621 1.36075416
 1.36131051]"
1436,"[0.18046627 0.87164674 1.07407785 1.16075829 1.20751082 1.23633399
 1.25573287 1.26962067 1.28002731 1.288103   1.29454526 1.29980037
 1.30416659 1.3078505  1.31099959 1.31372189 1.31609826 1.31819045
 1.32004637 1.32170377 1.32319279 1.32453778 1.32575861 1.32687168
 1.32789063]"
1437,"[0.96312748 0.95481551 1.0786609  1.1291782  1.15505915 1.17050574
 1.18068086 1.18785636 1.19317392 1.19726558 1.2005079  1.20313849
 1.20531442 1.20714347 1.20870204 1.21004569 1.21121583 1.21224388
 1.21315416 1.21396573 1.21469378 1.21535053 1.21594594 1.2164882
 1.21698411]"
1438,"[0.23725246 0.83492725 1.04172966 1.13266458 1.18203051 1.21254592
 1.23311971 1.24786935 1.25893509 1.26753126 1.27439505 1.2799986
 1.28465768 1.28859124 1.2919557  1.29486569 1.29740711 1.29964558
 1.30163203 1.30340665 1.3050015  1.30644252 1.30775089 1.30894408
 1.31003663]"
1439,"[0.75336857 1.17640019 1.30321059 1.36624785 1.40202591 1.42461648
 1.44003926 1.45118849 1.45960291 1.46616863 1.47142933 1.47573597
 1.47932479 1.48236041 1.48496092 1.48721316 1.48918242 1.49091866
 1.4924608  1.49383955 1.4950795  1.49620054 1.49721896 1.49814819
 1.49899944]"
1440,"[1.03007318 1.26668795 1.34028722 1.40087488 1.43882502 1.46327491
 1.48003913 1.49216281 1.50130693 1.50843618 1.51414394 1.51881345
 1.52270249 1.52599054 1.52880624 1.53124411 1.53337514 1.53525363
 1.53692183 1.53841308 1.53975405 1.54096632 1.54206752 1.54307223
 1.54399257]"
1441,"[0.30720506 0.91225394 1.09363666 1.17135951 1.21343029 1.23954655
 1.25725447 1.27001916 1.27964243 1.28714972 1.293166   1.2980932
 1.30220122 1.30567791 1.3086579  1.31124023 1.31349927 1.31549202
 1.31726282 1.31884672 1.32027178 1.32156069 1.32273205 1.32380121
 1.32478098]"
1442,"[0.7788907  1.50219508 1.65071642 1.68984852 1.70295936 1.70788417
 1.70971819 1.71024745 1.71019095 1.70986714 1.70942661 1.70894359
 1.70845542 1.70798075 1.7075285  1.70710238 1.70670332 1.70633079
 1.7059835  1.70565983 1.70535805 1.70507642 1.70481331 1.70456717
 1.70433656]"
1443,"[0.8896813  1.20506505 1.37109618 1.42659265 1.45198337 1.46603999
 1.47480956 1.48074128 1.48499315 1.48817651 1.49064183 1.49260323
 1.49419838 1.49551954 1.49663071 1.4975776  1.49839366 1.49910395
 1.49972754 1.50027923 1.50077065 1.50121107 1.50160798 1.50196746
 1.50229452]"
1444,"[0.52761787 1.15216288 1.25659873 1.28921426 1.30468968 1.31368589
 1.31956039 1.32369568 1.32676369 1.32913    1.33101044 1.33254061
 1.33380996 1.33487992 1.335794   1.33658395 1.33727343 1.33788045
 1.33841897 1.33889995 1.33933215 1.33972263 1.34007714 1.34040045
 1.34069649]"
1445,"[0.84400121 1.28760766 1.43465404 1.48061342 1.49947128 1.50871898
 1.51382645 1.51689431 1.51885501 1.52016909 1.52108333 1.52173878
 1.52222036 1.52258142 1.52285675 1.52306971 1.52323641 1.52336821
 1.52347331 1.52355771 1.52362588 1.52368118 1.52372619 1.52376292
 1.52379292]"
1446,"[0.93324174 1.09066704 1.21096186 1.2503824  1.26766976 1.27700443
 1.2827416  1.28658619 1.28932552 1.29136842 1.2929464  1.29419968
 1.29521779 1.29606042 1.29676883 1.29737237 1.29789249 1.29834521
 1.29874272 1.29909445 1.29940783 1.29968876 1.29994199 1.30017141
 1.3003802 ]"
1447,"[0.60161802 1.16130879 1.31455841 1.37985933 1.41537847 1.43748459
 1.45248649 1.46330083 1.47145078 1.47780534 1.48289483 1.48706051
 1.4905316  1.49346762 1.49598289 1.49816144 1.50006641 1.50174611
 1.50323815 1.50457224 1.50577212 1.50685703 1.5078427  1.50874213
 1.50956614]"
1448,"[0.3958188  1.08821891 1.26491651 1.32767805 1.35458053 1.3676464
 1.37454715 1.37839654 1.38061308 1.38190294 1.38264295 1.38304557
 1.38323604 1.38329088 1.38325823 1.38316914 1.38304399 1.38289638
 1.38273549 1.38256757 1.38239686 1.38222628 1.38205778 1.38189269
 1.38173184]"
1449,"[0.5309572  1.12447644 1.25398773 1.29953182 1.32202492 1.33533649
 1.34411312 1.35032784 1.35495678 1.358537   1.36138803 1.36371175
 1.36564188 1.36727051 1.3686631  1.36986746 1.3709193  1.37184586
 1.37266825 1.37340309 1.37406365 1.37466064 1.37520281 1.37569739
 1.37615037]"
1450,"[0.88368276 1.24913435 1.3484963  1.37685861 1.38619252 1.3895193
 1.39063705 1.39085876 1.39069939 1.3903797  1.39000003 1.38960749
 1.38922427 1.38886036 1.38851968 1.38820309 1.38790993 1.38763882
 1.38738811 1.38715609 1.38694107 1.38674151 1.38655597 1.38638316
 1.3862219 ]"
1451,"[0.52696861 1.21157669 1.35071827 1.3894398  1.40422008 1.41160478
 1.41603761 1.41902785 1.42120272 1.42286714 1.4241879  1.42526464
 1.42616103 1.42691987 1.42757117 1.42813664 1.42863243 1.42907082
 1.42946133 1.42981147 1.43012725 1.43041351 1.43067423 1.43091271
 1.43113168]"
1452,"[0.71060833 1.84358758 1.99290698 1.99015706 1.96859647 1.9475563
 1.92979439 1.91517493 1.90311716 1.89307607 1.88461867 1.8774148
 1.87121429 1.86582652 1.86110478 1.85693479 1.85322651 1.84990817
 1.84692196 1.84422081 1.84176609 1.83952576 1.83747308 1.83558555
 1.8338441 ]"
1453,"[1.00396408 1.49312801 1.59137434 1.62296331 1.63636357 1.6433557
 1.64755655 1.65033674 1.65230715 1.65377555 1.65491216 1.65581835
 1.65655803 1.65717347 1.65769373 1.65813944 1.65852564 1.65886359
 1.65916185 1.65942706 1.65966445 1.65987822 1.66007173 1.66024774
 1.66040855]"
1454,"[0.79987076 1.22059114 1.3156122  1.34375719 1.35609699 1.36286586
 1.36710675 1.37000277 1.37210244 1.37369301 1.37493893 1.37594092
 1.37676405 1.37745219 1.37803595 1.37853739 1.37897274 1.37935424
 1.3796913  1.37999125 1.38025989 1.38050187 1.38072097 1.3809203
 1.38110241]"
1455,"[0.92732608 1.30822477 1.43013732 1.48423084 1.51300861 1.53040221
 1.54190032 1.55000748 1.55600502 1.56060886 1.56424746 1.56719177
 1.56962094 1.57165787 1.57338958 1.57487929 1.57617401 1.57730939
 1.57831293 1.5792062  1.58000632 1.58072705 1.5813796  1.58197315
 1.58251532]"
1456,"[0.4887766  1.09101851 1.31201395 1.39676184 1.43963319 1.46520392
 1.48211342 1.49410216 1.50303702 1.50994965 1.51545524 1.51994294
 1.52367075 1.52681637 1.52950618 1.53183249 1.53386425 1.53565406
 1.53724267 1.53866219 1.53993825 1.54109153 1.54213895 1.54309442
 1.54396956]"
1457,"[0.58325127 0.73384393 0.78159297 0.79587203 0.79926288 0.79901887
 0.79758003 0.79581702 0.79405095 0.79239687 0.790889   0.78952937
 0.78830779 0.78721019 0.78622213 0.78533016 0.78452234 0.78378822
 0.78311879 0.78250631 0.78194414 0.78142655 0.78094862 0.78050608
 0.78009524]"
1458,"[0.67257028 0.98699187 1.10291106 1.14790008 1.17093717 1.18482293
 1.19408626 1.20070158 1.20566131 1.2095176  1.21260178 1.21512464
 1.21722666 1.21900504 1.2205292  1.22185001 1.22300563 1.22402524
 1.22493151 1.22574234 1.22647206 1.22713227 1.22773244 1.2282804
 1.22878269]"
1459,"[0.61688037 1.22326298 1.33117564 1.36176901 1.37484679 1.38187564
 1.38620801 1.38912829 1.39122358 1.39279748 1.39402181 1.39500075
 1.39580102 1.39646727 1.39703044 1.39751267 1.39793021 1.39829521
 1.398617   1.39890281 1.39915834 1.39938815 1.39959595 1.39978473
 1.39995701]"
1460,"[0.94667474 1.05261396 1.31294977 1.3988957  1.43698798 1.45757806
 1.47020744 1.47864602 1.48464027 1.48909739 1.49253074 1.49525076
 1.49745533 1.49927613 1.50080398 1.50210341 1.50322148 1.50419325
 1.50504538 1.50579846 1.50646866 1.50706882 1.5076093  1.5080985
 1.50854334]"
1461,"[0.81113636 0.93621786 1.04753758 1.09395696 1.1182945  1.13306818
 1.14291576 1.14991889 1.15514081 1.15917768 1.16238822 1.16500056
 1.16716647 1.16899064 1.17054756 1.17189165 1.17306356 1.17409422
 1.17500763 1.17582263 1.17655427 1.17721468 1.17781374 1.17835959
 1.17885902]"
1462,"[0.60614899 1.14698705 1.28514673 1.32774474 1.34560876 1.35488165
 1.36040075 1.36400378 1.36651623 1.36835637 1.36975607 1.37085316
 1.37173422 1.37245611 1.37305762 1.37356603 1.37400107 1.3743773
 1.37470573 1.37499481 1.37525111 1.37547985 1.3756852  1.37587053
 1.3760386 ]"
1463,"[0.00275239 0.54424621 0.79867118 0.88042471 0.91479278 0.93266303
 0.94338029 0.95045748 0.95545796 0.95917038 0.962032   0.96430351
 0.9661495  0.96767883 0.96896627 0.97006485 0.97101318 0.97184006
 0.97256737 0.97321204 0.97378739 0.97430401 0.97477044 0.97519366
 0.9755794 ]"
1464,"[0.84929123 1.30241984 1.40142199 1.42716822 1.43600459 1.43970385
 1.4414708  1.44239238 1.44290167 1.44319307 1.44336217 1.44345938
 1.44351287 1.44353905 1.4435479  1.44354562 1.4435362  1.44352222
 1.44350541 1.44348693 1.44346755 1.4434478  1.44342805 1.44340853
 1.4433894 ]"
1465,"[0.46856897 1.15976524 1.30982648 1.35326912 1.36940167 1.37670798
 1.38052508 1.38273443 1.38411358 1.38502541 1.38565598 1.38610803
 1.38644177 1.38669425 1.38688923 1.38704248 1.38716476 1.38726363
 1.3873445  1.38741133 1.38746705 1.38751389 1.38755356 1.38758736
 1.38761635]"
1466,"[0.57954754 0.73534355 0.82565045 0.86620241 0.88751926 0.90052031
 0.90925015 0.91550846 0.92021152 0.9238736  0.92680519 0.92920467
 0.93120465 0.9328971  0.93434782 0.93560509 0.93670515 0.93767573
 0.93853841 0.93931022 0.94000479 0.94063316 0.94120435 0.94172583
 0.94220381]"
1467,"[0.00076053 0.30901282 0.50146599 0.56739753 0.59490866 0.60833483
 0.61570819 0.62013659 0.62298635 0.62492258 0.62629669 0.62730715
 0.6280724  0.62866647 0.62913743 0.62951761 0.62982934 0.63008846
 0.63030648 0.63049187 0.63065104 0.63078886 0.63090912 0.63101479
 0.63110823]"
1468,"[0.82453457 1.1927089  1.34621093 1.37801552 1.38346234 1.38244509
 1.37986972 1.37710443 1.37453915 1.37226452 1.37027667 1.36854417
 1.36703083 1.36570309 1.36453206 1.36349357 1.36256763 1.36173775
 1.36099031 1.36031403 1.3596995  1.35913886 1.35862547 1.35815372
 1.35771885]"
1469,"[0.3442389  0.88962667 1.08996409 1.17668048 1.22294928 1.25128965
 1.27031114 1.28391943 1.29412046 1.30204374 1.30837163 1.31353982
 1.31783915 1.32147101 1.32457919 1.32726906 1.32961954 1.33169091
 1.33353003 1.3351738  1.33665174 1.33798769 1.33920117 1.34030824
 1.34132231]"
1470,"[0.3532802  0.57954358 0.78470149 0.87146881 0.91817123 0.94710986
 0.96672118 0.98085809 0.99151857 0.99983798 1.00650775 1.01197237
 1.01653029 1.02038918 1.02369798 1.0265662  1.02907614 1.03129085
 1.03325945 1.03502072 1.03660573 1.03803964 1.03934305 1.04053297
 1.0416236 ]"
1471,"[0.8610103  1.3555039  1.42835189 1.44380757 1.44956773 1.45256476
 1.45441944 1.45568618 1.45660772 1.45730843 1.45785909 1.4583031
 1.45866857 1.45897456 1.45923443 1.45945783 1.4596519  1.45982202
 1.45997237 1.46010617 1.46022601 1.46033396 1.4604317  1.4605206
 1.46060181]"
1472,"[0.61916841 1.13354236 1.22309122 1.24682983 1.25609246 1.26062767
 1.26318879 1.26478281 1.26584712 1.26659645 1.26714627 1.26756325
 1.26788817 1.26814708 1.26835736 1.26853092 1.26867618 1.26879926
 1.26890466 1.26899578 1.26907522 1.26914501 1.26920673 1.26926167
 1.26931083]"
1473,"[0.20762454 0.8595537  1.07530254 1.16570357 1.21361015 1.24286959
 1.26246867 1.27646655 1.28694397 1.29507109 1.30155405 1.30684322
 1.31123898 1.31494909 1.31812177 1.3208655  1.32326151 1.32537177
 1.32724441 1.32891731 1.33042076 1.33177921 1.33301263 1.3341375
 1.33516752]"
1474,"[0.5684091  1.13076587 1.25440033 1.29157816 1.308267   1.31771122
 1.32380014 1.32805722 1.3312023  1.33362092 1.33553858 1.33709615
 1.33838621 1.33947213 1.34039871 1.34119859 1.34189603 1.3425095
 1.34305329 1.34353861 1.34397439 1.34436784 1.34472483 1.34505021
 1.34534799]"
1475,"[0.4497793  0.57057663 0.7516143  0.83105672 0.87354909 0.89971479
 0.91736167 0.93003564 0.93956536 0.94698518 0.95292254 0.95777947
 0.96182517 0.96524655 0.96817734 0.97071571 0.97293536 0.97489262
 0.97663134 0.97818612 0.97958463 0.98084927 0.98199836 0.98304702
 0.98400784]"
1476,"[0.69096194 1.27015293 1.45399033 1.50536413 1.52265643 1.52888122
 1.53089754 1.53115684 1.53065228 1.52982222 1.52887122 1.52789757
 1.52694855 1.52604595 1.52519853 1.52440831 1.52367394 1.52299238
 1.52235993 1.52177267 1.52122676 1.5207186  1.52024483 1.51980241
 1.51938857]"
1477,"[0.37765072 1.03337494 1.18111414 1.2070384  1.20870464 1.20528803
 1.20112189 1.19724909 1.19387837 1.19099602 1.18853535 1.18642548
 1.18460444 1.18302123 1.18163482 1.18041233 1.17932741 1.17835879
 1.17748921 1.17670457 1.17599326 1.17534563 1.17475364 1.1742105
 1.1737105 ]"
1478,"[0.86761885 1.48064367 1.57243433 1.57836574 1.57282815 1.56618995
 1.56024984 1.5552285  1.55102557 1.54749406 1.5445023  1.54194408
 1.53973634 1.53781446 1.536128   1.53463727 1.53331079 1.53212331
 1.5310544  1.53008738 1.52920853 1.52840643 1.52767154 1.52699583
 1.52637249]"
1479,"[0.64887797 0.9306438  1.07051656 1.12566981 1.15435115 1.17179596
 1.1834826  1.19184074 1.19810716 1.20297578 1.20686524 1.21004272
 1.21268662 1.21492049 1.21683255 1.21848749 1.21993378 1.22120844
 1.22234025 1.22335191 1.22426155 1.22508384 1.22583076 1.22651221
 1.22713642]"
1480,"[0.486459   0.90532734 1.09994137 1.14883288 1.16401549 1.16937771
 1.17128958 1.17183167 1.17179129 1.17149886 1.1711032  1.17067439
 1.17024599 1.16983381 1.1694448  1.16908134 1.16874352 1.16843028
 1.16814003 1.16787101 1.16762143 1.16738958 1.16717386 1.16697282
 1.16678514]"
1481,"[0.07285828 0.54074954 0.73235237 0.81054747 0.85216122 0.87781609
 0.89515393 0.90763051 0.917028   0.92435563 0.93022656 0.93503431
 0.93904275 0.94243534 0.94534352 0.94786387 0.95006897 0.95201437
 0.95374331 0.95528997 0.95668168 0.95794058 0.9590848  0.9601293
 0.96108657]"
1482,"[1.04893453 1.42351151 1.44198792 1.44299546 1.444854   1.44685524
 1.44861399 1.45008049 1.45129228 1.45229864 1.45314239 1.45385737
 1.45446953 1.45499877 1.45546039 1.45586626 1.45622572 1.45654617
 1.45683355 1.45709266 1.45732744 1.45754113 1.45773642 1.45791558
 1.45808052]"
1483,"[0.66126987 1.12753769 1.24109043 1.28024327 1.29939394 1.31064084
 1.31800523 1.32318798 1.3270274  1.32998289 1.33232662 1.33422986
 1.33580561 1.33713138 1.33826209 1.3392377  1.340088   1.3408356
 1.34149801 1.34208898 1.34261944 1.34309823 1.34353252 1.34392824
 1.3442903 ]"
1484,"[0.79162562 1.2397192  1.35468326 1.40283094 1.43030579 1.44819676
 1.46076049 1.47005086 1.47718931 1.48284007 1.48742102 1.49120776
 1.49438919 1.49709898 1.4994343  1.50146744 1.50325328 1.50483421
 1.50624347 1.50750752 1.50864763 1.50968115 1.51062233 1.51148298
 1.51227301]"
1485,"[0.31949527 0.88489582 1.03986021 1.09971397 1.13049908 1.14899463
 1.16124611 1.16992332 1.17637534 1.18135302 1.18530574 1.18851819
 1.19117915 1.19341855 1.19532868 1.19697682 1.19841317 1.19967593
 1.20079465 1.20179257 1.20268817 1.20349639 1.20422938 1.20489716
 1.20550802]"
1486,"[0.99765015 1.44558186 1.53943714 1.57224241 1.58837256 1.59782257
 1.6039839  1.60830185 1.61148908 1.61393521 1.61587027 1.61743849
 1.61873473 1.61982384 1.62075165 1.62155143 1.62224791 1.62285985
 1.62340174 1.62388493 1.62431846 1.6247096  1.62506427 1.62538734
 1.62568285]"
1487,"[0.9528771  1.50140834 1.61462041 1.6402811  1.64583589 1.6459512
 1.64448145 1.64261274 1.64074141 1.63899849 1.63741895 1.6360021
 1.6347347  1.63360014 1.63258194 1.63166515 1.63083666 1.63008515
 1.62940097 1.62877586 1.62820278 1.6276757  1.62718944 1.62673956
 1.62632221]"
1488,"[0.46672015 0.98662798 1.15824023 1.23222194 1.27226522 1.29697732
 1.31360882 1.32551007 1.33442272 1.34133462 1.34684501 1.35133729
 1.35506765 1.35821345 1.36090129 1.36322384 1.36525046 1.36703407
 1.36861572 1.37002775 1.37129596 1.37244119 1.37348045 1.37442776
 1.37529476]"
1489,"[0.90530609 1.0054475  1.16886515 1.21928027 1.24069143 1.25216022
 1.25922677 1.2639942  1.26741912 1.26999505 1.27200119 1.27360691
 1.27492075 1.27601539 1.27694129 1.27773457 1.27842175 1.27902275
 1.27955277 1.28002368 1.28044482 1.28082367 1.2811663  1.28147765
 1.28176181]"
1490,"[1.10833225 1.30533276 1.35212241 1.39749823 1.42564232 1.44370009
 1.45608452 1.46505606 1.47183675 1.47713418 1.48138342 1.48486568
 1.48777036 1.49022954 1.49233802 1.49416557 1.49576469 1.49717555
 1.49842949 1.49955125 1.50056063 1.50147371 1.5023036  1.50306116
 1.50375545]"
1491,"[0.63996761 1.17736527 1.33575429 1.40653013 1.447282   1.47358012
 1.49181928 1.50515076 1.51529319 1.52325558 1.52966598 1.53493423
 1.53933856 1.54307414 1.54628175 1.54906546 1.55150375 1.55365693
 1.55557211 1.55728655 1.55883017 1.56022723 1.56149761 1.56265776
 1.56372141]"
1492,"[0.67451182 1.24396998 1.38624586 1.44613318 1.47913792 1.49990182
 1.51411098 1.52442362 1.53223993 1.53836422 1.54329015 1.54733699
 1.55072018 1.55359023 1.55605544 1.55819567 1.56007112 1.56172801
 1.56320239 1.56452281 1.56571218 1.56678906 1.56776867 1.56866363
 1.56948444]"
1493,"[0.75873966 1.23746836 1.33701767 1.38672653 1.41733147 1.43775795
 1.45221627 1.46293044 1.4711626  1.47767347 1.4829455  1.48729807
 1.49095041 1.49405768 1.49673265 1.49905917 1.50110082 1.50290666
 1.50451516 1.50595687 1.50725636 1.50843363 1.5095051  1.51048438
 1.51138285]"
1494,"[0.68336558 1.28798511 1.43335833 1.47882056 1.49867632 1.50935547
 1.51589039 1.52024971 1.52334186 1.5256379  1.52740414 1.52880155
 1.52993268 1.53086574 1.53164774 1.53231206 1.53288303 1.53337878
 1.53381306 1.5341965  1.53453743 1.53484248 1.53511697 1.53536523
 1.53559082]"
1495,"[0.86623872 0.81619661 0.98408128 1.05854394 1.09865409 1.12345963
 1.14023264 1.1522987  1.16138117 1.16845805 1.17412402 1.17876076
 1.1826242  1.18589219 1.18869209 1.19111744 1.19323849 1.195109
 1.19677077 1.19825684 1.19959361 1.20080248 1.20190094 1.20290342
 1.20382196]"
1496,"[0.62286489 1.36036641 1.51294845 1.56115039 1.5809722  1.59063793
 1.59593236 1.59908249 1.60107482 1.60239481 1.60330154 1.60394248
 1.60440603 1.60474751 1.6050028  1.60519589 1.60534327 1.60545649
 1.60554383 1.60561133 1.60566345 1.60570355 1.60573417 1.60575727
 1.60577436]"
1497,"[0.54781201 0.60018742 0.75631933 0.82963126 0.86902507 0.89337011
 0.90984095 0.92170163 0.93063947 0.93761121 0.94319861 0.94777525
 0.95159176 0.95482245 0.95759224 0.95999297 0.96209364 0.96394709
 0.96559446 0.96706826 0.9683945  0.96959427 0.9706848  0.97168036
 0.9725928 ]"
1498,"[0.6800533  1.2692229  1.40078268 1.4461408  1.46743306 1.47932391
 1.48675542 1.49177719 1.49536944 1.49805244 1.50012508 1.50177005
 1.50310477 1.50420784 1.50513371 1.50592121 1.50659874 1.50718749
 1.5077036  1.50815956 1.50856519 1.50892828 1.50925513 1.50955083
 1.50981961]"
1499,"[0.53984269 1.03797084 1.21520911 1.27962685 1.30962935 1.32644484
 1.33706948 1.34434802 1.34962952 1.35362933 1.35675988 1.35927483
 1.36133843 1.36306151 1.36452155 1.36577425 1.36686067 1.36781175
 1.36865122 1.36939757 1.37006544 1.37066657 1.37121045 1.37170489
 1.3721563 ]"
1500,"[0.47541668 0.59834295 0.75403011 0.82742249 0.86726798 0.89196921
 0.90869761 0.92074665 0.92982591 0.93690672 0.9425803  0.94722646
 0.95110007 0.9543784  0.95718848 0.95962367 0.96175413 0.96363358
 0.9653038  0.96679785 0.96814215 0.96935811 0.97046324 0.97147202
 0.9723965 ]"
1501,"[0.48267352 1.25339193 1.43845714 1.50534087 1.53619842 1.55324245
 1.56386286 1.57105079 1.5762125  1.58008674 1.58309561 1.58549652
 1.58745488 1.58908154 1.59045343 1.59162556 1.59263829 1.59352182
 1.59429924 1.59498847 1.59560362 1.59615596 1.59665461 1.59710698
 1.59751921]"
1502,"[0.60766653 1.46616422 1.63291685 1.66453994 1.66856317 1.66607017
 1.66215163 1.65820243 1.65460222 1.65142278 1.64864106 1.64620864
 1.64407489 1.64219423 1.64052787 1.63904343 1.63771412 1.63651781
 1.63543615 1.63445386 1.63355819 1.63273841 1.63198542 1.63129153
 1.63065013]"
1503,"[1.03334876 1.46938557 1.5261814  1.5306698  1.52836698 1.5254761
 1.52295899 1.52089685 1.51921857 1.51784191 1.51669925 1.51573905
 1.5149227  1.51422119 1.51361252 1.51307979 1.51260988 1.51219249
 1.51181938 1.51148395 1.51118082 1.51090559 1.5106546  1.51042482
 1.51021368]"
1504,"[0.73091181 1.15430969 1.32449752 1.40392959 1.44664993 1.47251976
 1.4896284  1.50169595 1.5106281  1.5174892  1.52291592 1.52731065
 1.53093939 1.53398462 1.53657553 1.53880602 1.54074592 1.54244823
 1.54395383 1.5452948  1.54649661 1.54757976 1.54856094 1.54945384
 1.55026983]"
1505,"[0.94672768 1.33026954 1.40247604 1.41881832 1.42451272 1.427237
 1.42882639 1.42987491 1.43062359 1.43118773 1.43162951 1.43198561
 1.43227916 1.43252556 1.43273546 1.43291648 1.43307426 1.43321303
 1.43333605 1.43344588 1.43354454 1.43363365 1.43371455 1.43378832
 1.43385586]"
1506,"[0.22472323 0.73095002 0.89512602 0.96186393 0.99751493 1.01960162
 1.03459348 1.04542127 1.05360145 1.05999583 1.06512976 1.06934141
 1.07285819 1.07583857 1.07839631 1.08061519 1.08255825 1.08427383
 1.08579962 1.08716541 1.0883951  1.08950802 1.09052006 1.09144431
 1.09229171]"
1507,"[0.60912759 0.7214428  0.74970244 0.7787786  0.81163821 0.83941359
 0.86090512 0.87739514 0.8902321  0.90042245 0.90866895 0.91545974
 0.92113842 0.92595146 0.93007911 0.93365576 0.93678335 0.93954045
 0.94198852 0.94417629 0.94614283 0.94791983 0.94953324 0.95100452
 0.95235155]"
1508,"[0.48099149 1.04446029 1.2088338  1.27218111 1.304086   1.323001
 1.33543547 1.34420458 1.35070938 1.35572138 1.35969896 1.36293099
 1.36560833 1.36786201 1.36978492 1.3714447  1.37289179 1.37416451
 1.37529253 1.37629916 1.37720295 1.37801889 1.37875916 1.37943382
 1.3800512 ]"
1509,"[1.01076654 1.35313056 1.31266989 1.28221352 1.27009789 1.26467846
 1.26178113 1.25999628 1.25878007 1.25789071 1.25720694 1.25666166
 1.25621472 1.2558405  1.25552183 1.25524673 1.2550065  1.2547947
 1.25460642 1.25443785 1.25428597 1.25414838 1.2540231  1.25390854
 1.25380334]"
1510,"[0.00446812 0.32707779 0.38088793 0.39844142 0.41049318 0.41908556
 0.42538073 0.43014239 0.43385142 0.4368142  0.43923159 0.44123959
 0.44293302 0.44437983 0.44562987 0.44672049 0.44768022 0.44853118
 0.44929081 0.449973   0.450589   0.45114796 0.45165744 0.45212372
 0.45255205]"
1511,"[0.38742757 0.5976063  0.69087621 0.76646247 0.81309197 0.84232972
 0.86190919 0.87580888 0.88614275 0.89410904 0.9004297  0.90556291
 0.90981245 0.91338725 0.91643548 0.91906508 0.92135649 0.92337082
 0.92515534 0.92674718 0.9281759  0.92946529 0.93063476 0.93170028
 0.9326751 ]"
1512,"[0.94496471 1.28114828 1.35472914 1.38054023 1.39390248 1.40224378
 1.40800056 1.4122297  1.41547371 1.41804296 1.42012896 1.42185666
 1.42331121 1.4245527  1.42562477 1.42655988 1.42738272 1.42811234
 1.42876374 1.42934886 1.42987731 1.43035694 1.43079422 1.43119452
 1.43156234]"
1513,"[1.02075645 1.42610174 1.4517978  1.43611524 1.42430056 1.41683698
 1.41200201 1.40871212 1.40636674 1.40462706 1.40329345 1.40224287
 1.4013962  1.4007007  1.40012001 1.3996284  1.39920715 1.39884238
 1.3985236  1.39824273 1.39799347 1.3977708  1.39757073 1.39739002
 1.397226  ]"
1514,"[0.13121683 0.87511855 1.08795689 1.17425217 1.21903855 1.2460039
 1.26388361 1.27655821 1.28599126 1.29327574 1.29906584 1.30377601
 1.30768109 1.31097036 1.31377826 1.3162029  1.3183175  1.32017777
 1.32182688 1.32329878 1.32462051 1.32581389 1.32689672 1.32788366
 1.32878688]"
1515,"[0.6776732  1.29112574 1.4242595  1.46287977 1.47932619 1.48812525
 1.49352668 1.49715418 1.4997482  1.50169075 1.50319761 1.50439936
 1.50537948 1.50619369 1.50688058 1.50746769 1.50797517 1.50841813
 1.50880809 1.50915398 1.50946284 1.50974031 1.50999093 1.51021839
 1.51042576]"
1516,"[0.64199174 1.0752273  1.3888318  1.5091389  1.56591068 1.59725855
 1.61658505 1.62947847 1.63859741 1.64534098 1.65050555 1.65457355
 1.65785237 1.66054617 1.66279536 1.66469943 1.66633063 1.66774265
 1.66897613 1.67006239 1.67102589 1.67188604 1.67265838 1.67335553
 1.67398784]"
1517,"[0.44256706 1.04955758 1.21156565 1.27506333 1.30790497 1.32776335
 1.34100868 1.35045288 1.35751893 1.36300106 1.36737639 1.37094843
 1.37391926 1.37642858 1.37857597 1.38043435 1.3820583  1.3834895
 1.3847603  1.3858962  1.38691758 1.38784092 1.38867967 1.38944495
 1.39014599]"
1518,"[1.18503817 1.36070702 1.39695038 1.41539472 1.42413471 1.42880938
 1.43159433 1.43339497 1.43463369 1.4355277  1.43619785 1.43671579
 1.43712626 1.43745844 1.43773205 1.43796085 1.4381547  1.43832079
 1.43846455 1.43859006 1.43870052 1.43879841 1.43888572 1.43896403
 1.43903465]"
1519,"[0.57697468 0.76207273 0.94043428 1.04010869 1.09160265 1.12192419
 1.14166597 1.15547059 1.16563936 1.17342994 1.17958369 1.18456452
 1.18867698 1.19212899 1.19506725 1.19759813 1.19980061 1.20173456
 1.20344614 1.20497154 1.20633952 1.2075732  1.2086914  1.20970959
 1.2106406 ]"
1520,"[0.82612805 1.19204514 1.34185793 1.40507792 1.43785404 1.45749133
 1.47044786 1.47959177 1.48637051 1.4915873  1.49572135 1.49907535
 1.50184946 1.50418113 1.50616777 1.50788029 1.50937148 1.51068146
 1.51184124 1.51287515 1.51380256 1.51463906 1.51539735 1.51608789
 1.51671935]"
1521,"[1.09254945 1.65246685 1.69559086 1.68757411 1.67659321 1.66765399
 1.66076714 1.65542892 1.65121406 1.6478197  1.64503571 1.64271515
 1.64075336 1.63907436 1.63762183 1.6363533  1.63523617 1.63424504
 1.63335988 1.63256462 1.63184629 1.6311943  1.63059988 1.63005576
 1.62955583]"
1522,"[0.41414388 1.0340216  1.20009665 1.26465471 1.29744148 1.31699686
 1.32991374 1.33905901 1.34586548 1.3511249  1.35530915 1.35871646
 1.36154436 1.36392878 1.36596629 1.36772737 1.36926463 1.37061814
 1.37181896 1.37289154 1.37385535 1.37472614 1.37551674 1.37623773
 1.37689793]"
1523,"[0.62003165 1.17138682 1.28494249 1.32580702 1.34583032 1.35755486
 1.36521995 1.37061364 1.3746124  1.3776944  1.3801421  1.38213288
 1.38378369 1.38517475 1.38636287 1.38738945 1.38828532 1.38907397
 1.38977355 1.39039835 1.39095975 1.39146694 1.3919274  1.39234732
 1.39273182]"
1524,"[0.53079127 0.57102128 0.48473358 0.45208891 0.44124377 0.43714099
 0.43546619 0.43479689 0.43458456 0.43459144 0.4347054  0.43487037
 0.43505714 0.43525018 0.43544115 0.4356257  0.43580167 0.43596816
 0.43612498 0.43627233 0.43641062 0.43654038 0.43666215 0.4367765
 0.43688398]"
1525,"[0.55663081 1.15407049 1.28868424 1.33254147 1.35304335 1.36475523
 1.37229523 1.37754447 1.38140525 1.38436244 1.38669924 1.38859196
 1.39015598 1.39146996 1.39258936 1.39355435 1.39439481 1.39513336
 1.39578745 1.39637079 1.39689425 1.39736661 1.39779498 1.39818525
 1.39854227]"
1526,"[0.78145969 1.35452462 1.50244441 1.55755263 1.58495837 1.60105157
 1.61154453 1.61889158 1.62430742 1.62845746 1.63173504 1.63438688
 1.63657523 1.63841102 1.63997258 1.64131674 1.64248572 1.64351149
 1.64441875 1.64522683 1.64595108 1.64660387 1.64719523 1.64773343
 1.6482253 ]"
1527,"[0.62104077 1.24140688 1.37800551 1.42546193 1.44920432 1.46321668
 1.4723595  1.47875101 1.48345018 1.4870403  1.48986706 1.49214739
 1.49402392 1.49559402 1.49692635 1.49807061 1.49906367 1.49993341
 1.50070129 1.50138409 1.50199513 1.50254508 1.50304262 1.50349486
 1.50390769]"
1528,"[0.35360184 1.02773586 1.16407932 1.19934641 1.21385003 1.22184471
 1.22700775 1.23065987 1.23339702 1.23553218 1.23724769 1.23865784
 1.23983837 1.24084162 1.241705   1.24245602 1.24311536 1.24369892
 1.2442191  1.2446857  1.24510664 1.2454883  1.24583595 1.24615395
 1.24644595]"
1529,"[0.14839719 0.23439304 0.57274516 0.73141092 0.80670099 0.84863648
 0.87482765 0.89256032 0.90529164 0.91484453 0.92226181 0.92817952
 0.93300614 0.93701531 0.94039684 0.94328638 0.94578333 0.94796216
 0.9498797  0.95158006 0.95309801 0.95446128 0.95569228 0.95680931
 0.95782744]"
1530,"[0.77005675 1.23070662 1.33718664 1.37650985 1.39615229 1.40769824
 1.41521561 1.42046666 1.42432736 1.42727829 1.42960343 1.43148074
 1.43302704 1.43432206 1.43542201 1.43636757 1.43718892 1.43790889
 1.43854506 1.4391112  1.43961821 1.44007486 1.44048827 1.44086428
 1.44120774]"
1531,"[0.78886907 1.3050577  1.37131389 1.38498865 1.3905902  1.39387506
 1.39612197 1.39777976 1.39905969 1.40007943 1.40091138 1.40160307
 1.40218713 1.40268681 1.40311908 1.40349668 1.40382932 1.40412454
 1.4043883  1.40462536 1.40483956 1.40503405 1.40521142 1.40537383
 1.40552308]"
1532,"[1.09334078 1.47714573 1.48174667 1.47079778 1.46470818 1.46123678
 1.45904394 1.45753928 1.45644231 1.45560603 1.45494656 1.45441264
 1.45397118 1.45359985 1.45328303 1.45300944 1.45277073 1.45256058
 1.45237412 1.45220755 1.45205781 1.45192248 1.45179956 1.4516874
 1.45158465]"
1533,"[0.83613073 1.19370003 1.28474921 1.32785067 1.34956232 1.36218064
 1.37032688 1.37598845 1.38013923 1.38330722 1.38580179 1.38781556
 1.38947451 1.39086432 1.39204527 1.39306095 1.39394366 1.39471782
 1.39540223 1.39601159 1.39655758 1.39704957 1.39749518 1.39790065
 1.39827117]"
1534,"[1.01697386 1.51976509 1.61414178 1.63811964 1.64615956 1.64925315
 1.65047767 1.65090515 1.65096756 1.65085735 1.6506665  1.65044113
 1.65020502 1.64997054 1.649744   1.64952844 1.6493251  1.64913419
 1.64895543 1.64878821 1.64863183 1.64848552 1.64834853 1.64822013
 1.64809965]"
1535,"[0.83318347 1.14461081 1.24989165 1.30245646 1.33057057 1.34761364
 1.35893894 1.36697396 1.37295604 1.37757616 1.38124855 1.38423589
 1.38671248 1.38879837 1.39057886 1.3921162  1.39345685 1.39463617
 1.39568154 1.39661451 1.39745224 1.39820857 1.39889479 1.39952021
 1.40009254]"
1536,"[0.98450904 1.3589755  1.45788846 1.49512994 1.51230016 1.52161171
 1.52726521 1.53098476 1.53358161 1.53547888 1.5369155  1.53803511
 1.53892859 1.53965584 1.54025778 1.5407632  1.54119288 1.54156215
 1.54188255 1.54216291 1.54241009 1.54262951 1.54282548 1.54300147
 1.54316032]"
1537,"[0.42935732 1.15445687 1.26673926 1.27664783 1.26853354 1.25833162
 1.24913141 1.24135934 1.23487393 1.22944449 1.22486157 1.22095609
 1.2175961  1.21467934 1.21212633 1.20987476 1.20787539 1.20608886
 1.20448344 1.2030333  1.20171723 1.20051765 1.19941991 1.19841168
 1.19748253]"
1538,"[1.14013961 1.49683371 1.57277562 1.60924281 1.62831761 1.63934307
 1.64631858 1.65105101 1.65443777 1.65696421 1.65891198 1.6604542
 1.66170242 1.66273141 1.66359296 1.66432402 1.66495153 1.66549564
 1.66597164 1.66639133 1.666764   1.667097   1.66739626 1.66766658
 1.66791192]"
1539,"[0.95609215 1.30084685 1.37323847 1.39630895 1.4069581  1.41295728
 1.41677199 1.41940065 1.42131792 1.42277644 1.4239225  1.42484638
 1.42560678 1.42624344 1.42678424 1.42724925 1.42765335 1.42800774
 1.42832106 1.42860005 1.42885005 1.42907535 1.42927944 1.42946518
 1.42963493]"
1540,"[0.85998044 1.34704394 1.44141656 1.47183997 1.48770484 1.49759979
 1.50433    1.50917484 1.51281226 1.5156343  1.51788229 1.51971217
 1.52122882 1.52250516 1.52359337 1.52453168 1.52534874 1.52606637
 1.52670152 1.52726751 1.52777497 1.52823245 1.52864694 1.52902419
 1.52936898]"
1541,"[0.670316   1.34549669 1.44637635 1.48731148 1.51022659 1.52466925
 1.53450572 1.54159544 1.5469297  1.55107983 1.5543961  1.55710431
 1.55935616 1.56125711 1.56288266 1.56428824 1.56551542 1.56659594
 1.56755449 1.56841053 1.5691796  1.56987426 1.57050479 1.57107963
 1.57160583]"
1542,"[1.07049916 1.232823   1.1799952  1.16541958 1.1691333  1.1762995
 1.18310246 1.18886586 1.19363416 1.19758237 1.2008791  1.20366086
 1.20603313 1.20807654 1.20985294 1.21141017 1.21278562 1.21400881
 1.21510335 1.21608825 1.21697903 1.21778844 1.21852704 1.21920367
 1.21982575]"
1543,"[0.75763314 0.87989163 1.00658509 1.05482465 1.07563833 1.08631625
 1.09254405 1.09652658 1.09925145 1.10121368 1.1026841  1.10382147
 1.1047242  1.10545613 1.10606031 1.10656667 1.10699664 1.10736591
 1.10768622 1.1079665  1.10821368 1.10843318 1.10862934 1.10880561
 1.10896485]"
1544,"[0.42871532 1.08854538 1.2831083  1.34434049 1.37107259 1.38550262
 1.39439402 1.40037599 1.40465764 1.40786563 1.41035486 1.41234045
 1.41396003 1.41530557 1.41644076 1.41741108 1.41824984 1.41898196
 1.41962649 1.4201982  1.42070872 1.42116735 1.42158159 1.42195757
 1.42230034]"
1545,"[0.83485893 1.29634263 1.36483442 1.39549998 1.41768027 1.43350103
 1.44497147 1.4535451  1.46015045 1.46537625 1.46960479 1.47309211
 1.47601489 1.47849852 1.48063419 1.48248971 1.48411644 1.48555401
 1.48683345 1.48797936 1.48901155 1.48994607 1.49079612 1.49157262
 1.49228471]"
1546,"[0.92118618 1.43527823 1.50291627 1.51764308 1.52499534 1.52999261
 1.53369268 1.53653952 1.53878903 1.54060541 1.5420992  1.54334718
 1.54440411 1.54530992 1.54609434 1.54677988 1.54738389 1.54791993
 1.54839875 1.54882897 1.54921755 1.54957023 1.54989172 1.55018595
 1.55045624]"
1547,"[0.91207355 1.29060602 1.37063033 1.39261697 1.40088626 1.40477866
 1.40690907 1.40820442 1.40905464 1.40964584 1.41007575 1.41039973
 1.41065105 1.41085074 1.4110126  1.41114608 1.41125776 1.4113524
 1.41143349 1.41150366 1.41156491 1.41161879 1.41166651 1.41170905
 1.41174718]"
1548,"[0.00521343 0.12943455 0.20902585 0.23922412 0.25247326 0.25925623
 0.26318358 0.2656824  0.26739092 0.26862554 0.26955698 0.27028401
 0.27086718 0.27134548 0.27174501 0.27208392 0.27237515 0.27262821
 0.27285023 0.27304665 0.2732217  0.27337874 0.27352043 0.27364895
 0.27376608]"
1549,"[0.58678888 0.96613292 1.07182158 1.12184328 1.14926349 1.16620245
 1.17759881 1.18575165 1.19185657 1.19659115 1.20036608 1.20344396
 1.20600019 1.20815619 1.2099986  1.21159085 1.21298041 1.21420351
 1.21528825 1.21625678 1.21712674 1.21791242 1.21862547 1.21927547
 1.21987043]"
1550,"[0.03550197 0.84931029 1.13087717 1.2450808  1.30133861 1.33300731
 1.3526227  1.36566374 1.37481507 1.38151424 1.38658725 1.39053653
 1.39368235 1.39623707 1.39834619 1.40011232 1.40160958 1.40289271
 1.40400291 1.40497167 1.40582346 1.40657756 1.40724931 1.40785106
 1.40839288]"
1551,"[0.9577328  1.22018613 1.29650907 1.35211881 1.38626693 1.40821019
 1.42323778 1.43408932 1.44225938 1.44861708 1.45369743 1.45784595
 1.46129501 1.46420625 1.46669542 1.46884748 1.47072616 1.47238015
 1.47384728 1.47515738 1.47633427 1.47739721 1.47836193 1.47924138
 1.48004637]"
1552,"[0.56963975 0.65990251 0.79399098 0.89004195 0.94221342 0.97257277
 0.99181985 1.00489101 1.01425299 1.02124278 1.02663671 1.03091197
 1.03437601 1.03723487 1.03963131 1.0416671  1.04341658 1.04493523
 1.04626523 1.04743918 1.04848268 1.04941605 1.05025565 1.05101479
 1.05170437]"
1553,"[0.24277197 0.78055513 0.85251232 0.8978314  0.93028482 0.95301319
 0.96937677 0.98158536 0.99099335 0.99844408 1.00448078 1.00946592
 1.01364942 1.01720858 1.02027246 1.02293707 1.02527527 1.02734328
 1.0291852  1.03083603 1.03232394 1.03367186 1.03489859 1.03601973
 1.03704833]"
1554,"[0.60288823 1.17627565 1.29894082 1.33927797 1.35808674 1.36877568
 1.37562035 1.38036221 1.38383472 1.38648443 1.38857131 1.39025666
 1.39164574 1.39281008 1.39379997 1.39465177 1.39539241 1.39604228
 1.39661705 1.39712901 1.39758791 1.39800156 1.39837635 1.39871748
 1.3990293 ]"
1555,"[0.63242098 1.44703834 1.57194769 1.59385183 1.59874739 1.59972434
 1.59958561 1.59910918 1.59854862 1.59799325 1.59747414 1.59700011
 1.59657126 1.59618441 1.59583534 1.59551978 1.59523375 1.59497368
 1.59473646 1.5945194  1.59432015 1.59413671 1.59396733 1.59381051
 1.59366493]"
1556,"[0.73205526 1.20338173 1.2742173  1.27544829 1.26605839 1.25653691
 1.2485599  1.24211558 1.23691291 1.23267147 1.22916997 1.22624227
 1.22376476 1.22164508 1.21981345 1.21821655 1.21681307 1.21557063
 1.21446354 1.21347122 1.21257697 1.21176714 1.21103047 1.2103576
 1.20974067]"
1557,"[0.03044445 0.56119651 0.74997303 0.8264976  0.86719257 0.89227735
 0.90922938 0.92142833 0.93061678 0.9377815  0.94352197 0.94822294
 0.95214239 0.95545969 0.95830335 0.96076781 0.96292401 0.96482629
 0.96651692 0.9680293  0.96939018 0.9706212  0.97174008 0.97276146
 0.97369753]"
1558,"[0.76947467 1.32159594 1.42127812 1.44343455 1.45084824 1.45421647
 1.45609236 1.45728776 1.45812173 1.45874116 1.4592223  1.4596086
 1.45992668 1.46019383 1.46042182 1.46061894 1.46079126 1.4609433
 1.46107854 1.46119968 1.46130886 1.46140779 1.46149788 1.46158029
 1.46165596]"
1559,"[0.75660367 1.10452893 1.19165199 1.23158657 1.25305937 1.26619768
 1.2749915  1.28126411 1.28595311 1.289586   1.29248093 1.29484064
 1.2968002  1.29845296 1.29986544 1.30108628 1.30215188 1.30309
 1.30392214 1.30466527 1.3053329  1.30593597 1.30648338 1.3069825
 1.30743942]"
1560,"[1.10887705 1.20063396 1.23461024 1.28052274 1.30753683 1.32422998
 1.33539678 1.34334646 1.3492784  1.35386767 1.35752068 1.36049582
 1.36296487 1.36504631 1.36682448 1.36836094 1.36970171 1.37088185
 1.37192853 1.37286314 1.37370274 1.37446107 1.37514939 1.37577695
 1.37635143]"
1561,"[1.1511226  1.2760289  1.2927568  1.30236558 1.30870938 1.31292422
 1.31586859 1.31802779 1.3196754  1.3209731  1.32202151 1.32288622
 1.3236117  1.32422916 1.32476111 1.32522422 1.32563107 1.32599135
 1.32631265 1.32660099 1.3268612  1.32709722 1.32731227 1.32750904
 1.32768977]"
1562,"[0.41841587 1.12812678 1.29999621 1.3563433  1.38145059 1.39508406
 1.40348199 1.40911551 1.41313197 1.4161286  1.41844413 1.42028381
 1.42177876 1.42301643 1.42405726 1.42494427 1.4257089  1.42637462
 1.42695931 1.42747681 1.42793798 1.4283515  1.42872433 1.42906217
 1.4293697 ]"
1563,"[0.59191901 1.15507025 1.31270368 1.37582046 1.41098296 1.43383316
 1.44992875 1.46186907 1.47106598 1.47835841 1.48427674 1.4891724
 1.49328719 1.49679272 1.49981406 1.50244444 1.50475469 1.50679961
 1.50862221 1.51025672 1.51173073 1.51306667 1.51428302 1.51539509
 1.51641571]"
1564,"[0.67085325 1.36083675 1.50792986 1.5630966  1.59159741 1.60870118
 1.6199781  1.62792129 1.6337964  1.63830747 1.64187471 1.64476329
 1.64714835 1.64914997 1.65085307 1.65231939 1.65359481 1.65471414
 1.65570426 1.65658621 1.65737673 1.6580893  1.65873485 1.65932239
 1.65985939]"
1565,"[0.86351168 1.40156944 1.54177127 1.58706505 1.60606431 1.61564892
 1.62113553 1.62457162 1.6268715  1.62849129 1.62967875 1.63057787
 1.63127696 1.63183273 1.63228291 1.63265349 1.63296282 1.63322417
 1.63344737 1.6336398  1.63380713 1.63395373 1.63408306 1.63419786
 1.63430035]"
1566,"[0.90326948 1.22851135 1.31587726 1.35329901 1.37322091 1.38540614
 1.39357358 1.39940895 1.40377774 1.40716709 1.40987111 1.41207745
 1.41391126 1.41545917 1.41678294 1.41792781 1.41892765 1.41980829
 1.4205898  1.42128799 1.42191548 1.42248248 1.42299731 1.42346684
 1.4238968 ]"
1567,"[0.49378946 1.07975193 1.24771676 1.31056112 1.34216909 1.3609245
 1.37326393 1.38197066 1.38843128 1.39341017 1.39736184 1.40057292
 1.40323291 1.40547192 1.40738223 1.40903105 1.4104685  1.41173267
 1.41285304 1.41385278 1.41475033 1.41556059 1.41629566 1.41696555
 1.41757853]"
1568,"[0.45402036 0.53570937 0.54642068 0.56058532 0.56961191 0.575413
 0.57939222 0.58227813 0.58446336 0.58617439 0.58755007 0.58868005
 0.5896247  0.59042614 0.59111463 0.59171247 0.59223647 0.5926995
 0.59311163 0.59348081 0.59381343 0.59411465 0.59438873 0.59463918
 0.59486892]"
1569,"[0.33250011 1.15990492 1.36380422 1.43218546 1.4631991  1.48019663
 1.49071248 1.49777877 1.50281797 1.50657557 1.50947619 1.51177787
 1.51364572 1.51518997 1.5164868  1.51759049 1.51854064 1.51936684
 1.5200916  1.52073233 1.52130269 1.52181358 1.52227375 1.52269033
 1.5230692 ]"
1570,"[0.62296161 1.07457586 1.22770744 1.30756647 1.35527489 1.38629127
 1.40781516 1.42352601 1.43545515 1.44480057 1.45230891 1.45846746
 1.46360673 1.46795834 1.47168913 1.47492226 1.47775048 1.48024499
 1.48246126 1.4844432  1.48622595 1.48783799 1.48930264 1.49063917
 1.49186363]"
1571,"[0.75782054 1.1180789  1.25982213 1.32391727 1.35843155 1.37955504
 1.39367995 1.4037406  1.41124954 1.4170584  1.42168077 1.42544369
 1.42856487 1.4311946  1.43343986 1.43537884 1.43706992 1.43855762
 1.43987641 1.44105343 1.44211029 1.44306446 1.44393017 1.44471916
 1.44544115]"
1572,"[0.62885859 1.00820765 1.14394179 1.21871009 1.26152969 1.28851669
 1.30689576 1.32015773 1.3301544  1.33794869 1.34419085 1.34929967
 1.3535565  1.35715711 1.36024179 1.36291362 1.36525005 1.36731032
 1.36914054 1.37077712 1.37224919 1.37358032 1.37478979 1.37589353
 1.3769048 ]"
1573,"[0.19431973 0.88649814 1.13514064 1.24863935 1.3106169  1.34884629
 1.37452426 1.39286326 1.40657424 1.41719269 1.42564844 1.43253536
 1.43824962 1.44306516 1.44717724 1.45072866 1.45382617 1.45655118
 1.45896679 1.46112266 1.4630584  1.46480597 1.46639146 1.46783636
 1.46915852]"
1574,"[0.40580603 0.84763853 1.05155552 1.13966908 1.18668416 1.21541822
 1.23464291 1.24835044 1.25859282 1.26652467 1.27284244 1.27798996
 1.28226285 1.28586538 1.28894308 1.29160237 1.29392281 1.29596506
 1.29777616 1.29939314 1.30084553 1.3021572  1.30334759 1.30443276
 1.30542603]"
1575,"[0.71289935 1.35393047 1.4806594  1.51766477 1.53135216 1.53712143
 1.53971411 1.5408829  1.54136387 1.54149625 1.54144758 1.54130497
 1.54111547 1.54090515 1.54068863 1.54047413 1.54026615 1.54006705
 1.53987791 1.53969908 1.53953044 1.53937164 1.53922219 1.53908154
 1.53894912]"
1576,"[0.18755877 0.82490184 1.03365003 1.12509792 1.17450143 1.2048945
 1.22529845 1.23987236 1.25077161 1.25921536 1.26594155 1.27142149
 1.27596961 1.27980338 1.28307785 1.28590645 1.28837398 1.29054514
 1.29247008 1.29418828 1.29573124 1.29712438 1.29838845 1.29954054
 1.30059487]"
1577,"[0.1278582  0.8606102  1.12268299 1.24294699 1.30788408 1.34764101
 1.37421911 1.39314109 1.40725635 1.41816987 1.42684958 1.43391184
 1.43976685 1.44469772 1.44890594 1.45253865 1.45570578 1.45849105
 1.46095931 1.46316156 1.46513846 1.4669228  1.46854134 1.47001608
 1.47136533]"
1578,"[0.70569978 0.8719273  1.05930427 1.14723439 1.19510974 1.22468776
 1.24462233 1.25891359 1.26963777 1.27797145 1.28462832 1.29006521
 1.29458764 1.29840738 1.30167576 1.3045037  1.30697433 1.30915115
 1.3110835  1.31281027 1.31436255 1.31576545 1.31703952 1.31820169
 1.31926606]"
1579,"[0.12123576 0.91613691 1.18166116 1.29111018 1.34745072 1.38095531
 1.40289563 1.41827111 1.42959737 1.43826463 1.44509859 1.45061838
 1.45516574 1.4589743  1.46220898 1.46498934 1.46740408 1.46952037
 1.47138998 1.47305339 1.47454276 1.47588389 1.47709776 1.47820159
 1.47920962]"
1580,"[0.12156474 0.85020093 1.05920085 1.14716802 1.1947854  1.22440391
 1.24452229 1.25904448 1.27000418 1.27856097 1.28542272 1.29104525
 1.295735   1.29970543 1.30310967 1.30606039 1.30864229 1.3109203
 1.31294494 1.31475618 1.31638599 1.3178603  1.31920029 1.32042351
 1.32154455]"
1581,"[0.38136017 0.87002664 1.08464921 1.17494033 1.22245141 1.25121367
 1.27032263 1.2838742  1.29395666 1.30173746 1.30791701 1.31293963
 1.31710017 1.32060167 1.32358836 1.32616544 1.32841138 1.33038591
 1.33213523 1.33369565 1.33509612 1.33635996 1.33750618 1.33855043
 1.3395057 ]"
1582,"[0.41267501 0.85182037 1.06455388 1.15492264 1.20290327 1.23215789
 1.2517024  1.26562376 1.27601786 1.28406223 1.29046638 1.29568202
 1.30000987 1.30365757 1.30677298 1.30946417 1.31181192 1.3138778
 1.31570951 1.31734463 1.31881309 1.32013908 1.32134232 1.32243906
 1.32344282]"
1583,"[0.63669176 0.97632881 1.14196598 1.21708013 1.25774844 1.28285518
 1.29979602 1.31196337 1.32111194 1.32823497 1.333935   1.33859804
 1.34248254 1.34576787 1.34858238 1.35102028 1.35315227 1.35503242
 1.35670279 1.35819658 1.35954035 1.36075559 1.36185988 1.36286773
 1.36379124]"
1584,"[0.29569429 0.92585827 1.11991185 1.20330767 1.24764042 1.27462484
 1.29261399 1.30540219 1.31493413 1.32230084 1.32815858 1.3329245
 1.33687586 1.34020387 1.34304449 1.345497   1.34763554 1.34951656
 1.35118376 1.35267154 1.3540073  1.35521315 1.35630712 1.35730406
 1.35821629]"
1585,"[0.31564089 0.84004432 1.0431725  1.13610777 1.18733958 1.21924612
 1.24084897 1.25637756 1.26804869 1.27712686 1.28438254 1.29031045
 1.2952422  1.29940799 1.30297251 1.30605661 1.30875087 1.31112455
 1.31323146 1.31511405 1.31680623 1.31833543 1.31972405 1.32099059
 1.32215043]"
1586,"[0.23950249 0.8725254  1.12769107 1.24585251 1.31005863 1.34952314
 1.37597304 1.39483675 1.4089264  1.41983056 1.42850931 1.43557502
 1.44143577 1.44637348 1.45058899 1.45422909 1.45740347 1.46019574
 1.4626707  1.46487932 1.46686224 1.46865228 1.47027618 1.47175599
 1.47311003]"
1587,"[0.52274169 0.98766962 1.17355355 1.25314808 1.29596484 1.32234297
 1.34010089 1.35282175 1.3623607  1.36976823 1.37568131 1.38050761
 1.38451967 1.38790638 1.39080266 1.39330736 1.39549454 1.39742077
 1.39912995 1.4006567  1.40202867 1.4032682  1.40439353 1.40541971
 1.40635928]"
1588,"[0.42263229 0.93772595 1.11902661 1.19611276 1.23693008 1.26179127
 1.27840585 1.29025277 1.29911046 1.30597626 1.31145056 1.31591559
 1.31962584 1.32275715 1.32543484 1.32775058 1.32977295 1.33155427
 1.33313514 1.33454753 1.33581699 1.33696413 1.3380058  1.33895589
 1.33982595]"
1589,"[0.11848272 0.83155383 1.0384845  1.12711123 1.17455783 1.20363953
 1.22313677 1.23705913 1.24747343 1.25554522 1.26197874 1.26722339
 1.27157884 1.27525236 1.2783917  1.28110499 1.28347311 1.28555777
 1.28740681 1.28905794 1.29054123 1.29188097 1.293097   1.29420565
 1.29522052]"
1590,"[0.61567291 1.00447808 1.19882262 1.29967516 1.35345687 1.38576074
 1.40699751 1.4219063  1.43289802 1.44131254 1.44794819 1.45330787
 1.45772304 1.46142049 1.46456038 1.46725887 1.46960215 1.47165551
 1.47346924 1.47508271 1.47652714 1.47782764 1.47900459 1.4800747
 1.48105182]"
1591,"[0.61234476 1.08080597 1.21916806 1.28250717 1.31742502 1.33920544
 1.35398934 1.36464631 1.37267842 1.37894253 1.38396124 1.38807061
 1.39149627 1.39439513 1.39687968 1.39903257 1.4009159  1.4025772
 1.40405348 1.40537397 1.40656204 1.40763664 1.40861326 1.40950471
 1.41032164]"
1592,"[0.14666598 0.84743035 1.0522376  1.14011772 1.18691085 1.21540638
 1.23439456 1.24788047 1.25792097 1.26567127 1.27182653 1.27682864
 1.2809712  1.28445659 1.28742864 1.28999228 1.29222583 1.29418886
 1.29592747 1.29747791 1.29886904 1.30012412 1.30126211 1.30229862
 1.30324659]"
1593,"[0.3518555  0.82181907 1.03961634 1.13563395 1.18743794 1.2193502
 1.24083078 1.25622062 1.26776525 1.27673485 1.28389896 1.28974988
 1.29461661 1.29872717 1.30224445 1.30528781 1.30794672 1.3102895
 1.31236923 1.31422776 1.31589854 1.31740859 1.31878    1.320031
 1.32117676]"
1594,"[0.75442768 1.20620634 1.36553823 1.44290942 1.48602429 1.51287008
 1.53099757 1.54398745 1.55372144 1.56127243 1.56729301 1.57220139
 1.57627722 1.57971424 1.58265077 1.58518808 1.58740198 1.58935032
 1.59107795 1.59262024 1.59400538 1.59525615 1.59639113 1.59742564
 1.59837243]"
1595,"[0.44281864 1.03561351 1.23486055 1.32597039 1.37561654 1.40617799
 1.42666189 1.44125989 1.45215132 1.46056978 1.46726155 1.47270279
 1.4772107  1.48100439 1.48423981 1.48703085 1.4894626  1.49159982
 1.49349268 1.4951806  1.496695   1.49806121 1.49929989 1.50042802
 1.50145973]"
1596,"[0.2110049  0.83956141 1.06633471 1.16280866 1.2137069  1.24455898
 1.26507849 1.27964555 1.29049447 1.29887476 1.30553639 1.31095535
 1.31544766 1.31923107 1.32246033 1.32524841 1.3276796  1.32981808
 1.33171357 1.33340513 1.33492392 1.33629507 1.33753905 1.33867275
 1.33971018]"
1597,"[0.59464087 1.0225585  1.18744571 1.26753624 1.31718155 1.35093627
 1.37519369 1.39336738 1.40744184 1.41863873 1.42774563 1.4352905
 1.44163924 1.44705282 1.45172208 1.45578959 1.45936393 1.46252918
 1.46535143 1.46788333 1.47016732 1.47223797 1.47412376 1.47584829
 1.47743136]"
1598,"[0.42061295 0.86832437 1.06228865 1.147856   1.19379056 1.22198999
 1.24092614 1.25446875 1.26461326 1.27248581 1.27876747 1.28389333
 1.2881538  1.29174995 1.29482527 1.29748485 1.29980737 1.30185289
 1.30366804 1.30528956 1.3067468  1.30806346 1.30925892 1.31034913
 1.31134739]"
1599,"[0.31882303 0.81259167 1.03308542 1.12682596 1.17710125 1.20799613
 1.22875382 1.24360134 1.25472236 1.26335087 1.27023384 1.27584869
 1.28051418 1.28445102 1.28781673 1.29072665 1.29326713 1.29550408
 1.29748864 1.29926114 1.30085373 1.30229243 1.30359845 1.30478931
 1.30587955]"
1600,"[0.47279467 0.99232109 1.16453399 1.23509852 1.27242621 1.2953337
 1.31077592 1.3218745  1.3302295  1.33674321 1.34196229 1.34623692
 1.34980168 1.3528195  1.3554071  1.3576502  1.35961323 1.36134549
 1.36288537 1.36426319 1.36550324 1.36662518 1.3676451  1.3685763
 1.36942987]"
1601,"[0.32165741 0.99002139 1.21565754 1.3145526  1.36683055 1.39836077
 1.41918941 1.433873   1.44473637 1.45307666 1.45966971 1.46500591
 1.46940948 1.47310284 1.47624344 1.47894572 1.48129474 1.48335506
 1.48517646 1.48679798 1.48825063 1.48955935 1.49074441 1.49182248
 1.49280736]"
1602,"[0.41233242 1.08393396 1.30541409 1.39225593 1.43664742 1.4633452
 1.4811614  1.49391508 1.50351101 1.51100252 1.51701937 1.52196156
 1.5260956  1.52960614 1.53262525 1.53524997 1.53755324 1.53959099
 1.54140682 1.54303527 1.54450401 1.54583552 1.54704822 1.54815739
 1.54917577]"
1603,"[0.7412435  1.15080643 1.31263825 1.38682979 1.42624775 1.44992405
 1.46546482 1.47634746 1.48434751 1.49045348 1.49525454 1.49912162
 1.50229889 1.50495319 1.50720214 1.50913087 1.51080246 1.51226458
 1.51355391 1.51469907 1.51572278 1.51664322 1.51747515 1.51823066
 1.51891975]"
1604,"[0.54840458 0.98115448 1.16587892 1.26723616 1.3256362  1.36245793
 1.38747459 1.4054652  1.41897787 1.42947729 1.43785894 1.44469866
 1.45038252 1.45517852 1.45927824 1.46282216 1.46591553 1.46863872
 1.47105414 1.47321096 1.47514846 1.47689835 1.47848655 1.4799344
 1.48125967]"
1605,"[0.56101195 1.05933643 1.21258768 1.27726799 1.31118889 1.33171143
 1.34536552 1.35507176 1.36231303 1.36791676 1.37237916 1.37601522
 1.37903417 1.38158034 1.38375641 1.38563743 1.38727947 1.38872525
 1.39000792 1.39115358 1.39218301 1.39311305 1.3939574  1.39472736
 1.39543236]"
1606,"[0.19208114 0.85450865 1.0734603  1.16658192 1.21606319 1.24625642
 1.26644418 1.2808349  1.29158728 1.29991452 1.3065479  1.31195322
 1.31644071 1.32022468 1.32345782 1.32625176 1.32868998 1.33083614
 1.33273959 1.3344392  1.33596595 1.33734489 1.33859645 1.33973746
 1.34078193]"
1607,"[0.52368444 0.82401711 1.02819634 1.11898157 1.16860521 1.19942832
 1.220281   1.23526844 1.24653428 1.25529917 1.26230624 1.2680325
 1.27279764 1.27682361 1.28026922 1.283251   1.28585634 1.28815204
 1.29019005 1.29201132 1.29364859 1.29512834 1.2964722  1.29769803
 1.2988207 ]"
1608,"[0.22270645 0.85658151 1.05137355 1.1406213  1.18997946 1.22081951
 1.24176563 1.2568649  1.26824186 1.2771107  1.28421275 1.29002499
 1.29486771 1.29896373 1.3024727  1.30551193 1.30816953 1.31051293
 1.31259459 1.31445595 1.31613013 1.31764398 1.31901941 1.32027457
 1.32142453]"
1609,"[0.17023532 0.84134235 1.04669776 1.13747902 1.1870936  1.21796021
 1.23888724 1.25396123 1.26531554 1.27416581 1.28125302 1.28705344
 1.29188673 1.29597517 1.299478   1.30251221 1.30516569 1.30750567
 1.30958448 1.31144344 1.3131156  1.31462773 1.31600171 1.31725562
 1.31840451]"
1610,"[0.146703   0.84309601 1.04797351 1.13528302 1.18213296 1.2109727
 1.23039096 1.24430992 1.2547559  1.26287498 1.26936178 1.27466083
 1.27906941 1.2827936  1.28598068 1.28873863 1.29114839 1.29327179
 1.29515688 1.29684157 1.29835612 1.29972502 1.30096828 1.3021024
 1.30314114]"
1611,"[0.40042757 0.87291329 1.07578543 1.16611    1.21474858 1.24455278
 1.26450017 1.2787155  1.28932825 1.29753911 1.3040729  1.30939156
 1.31380276 1.31751895 1.32069145 1.3234308  1.32581963 1.32792087
 1.3297833  1.33144531 1.33293747 1.33428449 1.3355065  1.33662008
 1.33763901]"
1612,"[0.23047199 0.84389815 1.06493829 1.15445223 1.20147003 1.23013844
 1.24935471 1.26309891 1.27340306 1.28140838 1.28780353 1.293028
 1.29737519 1.30104827 1.30419233 1.3069137  1.30929206 1.31138828
 1.31324967 1.31491353 1.31640967 1.3177622  1.31899081 1.32011178
 1.32113863]"
1613,"[0.3408293  0.86586012 1.06091935 1.1492152  1.19737729 1.22716087
 1.247232   1.2616129  1.27239627 1.28076933 1.28745251 1.29290694
 1.29744091 1.30126805 1.3045409  1.30737124 1.3098428  1.31201949
 1.31395094 1.31567628 1.31722674 1.31862756 1.31989936 1.32105915
 1.32212107]"
1614,"[0.16070199 0.84225983 1.04907058 1.13765413 1.18547586 1.2150427
 1.235011   1.24935517 1.26013743 1.26852805 1.27523816 1.28072383
 1.28529049 1.28915023 1.29245475 1.29531539 1.29781568 1.30001947
 1.30197642 1.3037257  1.30529863 1.30672054 1.30801215 1.30919055
 1.31026998]"
1615,"[0.1523775  0.85778716 1.05824034 1.14425513 1.19052826 1.21902241
 1.23819973 1.25193692 1.2622393  1.27024144 1.2766309  1.28184754
 1.2861854  1.2898482  1.29298147 1.29569187 1.2980593  1.30014477
 1.30199569 1.30364941 1.30513579 1.30647893 1.30769856 1.30881093
 1.30982957]"
1616,"[0.0805057  0.83578128 1.05103998 1.1407229  1.18806532 1.21686994
 1.2361004  1.24979705 1.26002556 1.26794451 1.27425133 1.27938984
 1.28365543 1.28725208 1.29032504 1.2929805  1.29529785 1.2973376
 1.29914668 1.30076203 1.3022131  1.3035237  1.30471325 1.30579773
 1.30679047]"
1617,"[0.1144842  0.83346098 1.04271598 1.1328132  1.18127585 1.21109539
 1.23114991 1.24550677 1.25626872 1.26462465 1.27129459 1.27673891
 1.28126519 1.28508647 1.28835488 1.29118185 1.29365085 1.29582562
 1.29775566 1.29947996 1.30102969 1.30243001 1.30370151 1.30486115
 1.30592303]"
1618,"[0.25430654 0.83604807 1.04842952 1.13938914 1.18794683 1.21765886
 1.23755829 1.25175858 1.26237613 1.27060293 1.27715855 1.28250184
 1.28693865 1.29068041 1.29387783 1.29664114 1.29905279 1.30117568
 1.30305857 1.30473987 1.30625023 1.30761439 1.30885256 1.30998138
 1.3110147 ]"
1619,"[0.27397446 0.91248124 1.17934313 1.28976904 1.34671081 1.38060274
 1.40280643 1.41836971 1.42983522 1.43860914 1.44552699 1.45111426
 1.4557169  1.4595715  1.46284503 1.46565858 1.46810197 1.47024322
 1.47213475 1.47381756 1.47532419 1.4766808  1.47790861 1.47902505
 1.48004455]"
1620,"[0.70261819 0.97833263 1.13393099 1.21392254 1.25821636 1.28568116
 1.3042047  1.31748277 1.32744278 1.33517902 1.34135573 1.34639818
 1.35059072 1.35413045 1.35715814 1.35977696 1.36206419 1.36407886
 1.3658668  1.36746415 1.36889976 1.37019696 1.37137481 1.37244902
 1.37343267]"
1621,"[1.11766503 1.60544829 1.64798221 1.64062527 1.62771012 1.61641564
 1.60756483 1.60079257 1.59560523 1.59159295 1.5884499  1.58595469
 1.5839479  1.58231405 1.58096865 1.57984916 1.57890869 1.57811167
 1.57743077 1.57684479 1.57633707 1.57589442 1.57550626 1.5751641
 1.57486097]"
1622,"[0.18155579 0.84233826 1.05364228 1.14448636 1.19288996 1.22240354
 1.24210141 1.25611462 1.26656448 1.27464286 1.28106755 1.28629517
 1.29062946 1.29427996 1.29739576 1.30008573 1.3024312  1.30449409
 1.30632238 1.30795379 1.30941841 1.3107405  1.31193983 1.31303271
 1.31403267]"
1623,"[0.29750723 0.91004897 1.09891279 1.1833849  1.22932994 1.25765257
 1.27667421 1.29025802 1.30041238 1.30827502 1.314535   1.3196325
 1.32386117 1.32742407 1.33046591 1.33309254 1.33538308 1.33739783
 1.33918356 1.34077706 1.34220766 1.34349903 1.3446705  1.34573797
 1.34671466]"
1624,"[0.15035993 0.83567507 1.04819285 1.14109189 1.19145092 1.22259028
 1.24360469 1.25868724 1.27001553 1.27882505 1.28586609 1.29161947
 1.29640699 1.30045195 1.30391397 1.30691015 1.30952828 1.31183546
 1.31388383 1.31571453 1.31736043 1.3188481  1.32019928 1.32143189
 1.32256086]"
1625,"[0.60397394 0.91743237 1.06173058 1.14990921 1.20050251 1.23226926
 1.25383021 1.269345   1.28101305 1.29009309 1.29735315 1.30328675
 1.30822482 1.31239721 1.31596838 1.319059   1.32175962 1.32413943
 1.32625222 1.32814043 1.32983797 1.33137227 1.33276574 1.33403689
 1.33520112]"
1626,"[0.17538336 0.9363886  1.20448394 1.31876658 1.37944143 1.41649432
 1.44130759 1.45902769 1.47229169 1.48258165 1.49079142 1.49749091
 1.50306005 1.50776165 1.51178313 1.51526171 1.51830011 1.52097671
 1.52335239 1.5254751  1.52738313 1.52910744 1.5306733  1.53210158
 1.53340961]"
1627,"[0.51297986 0.90032984 1.10230062 1.18681829 1.23170332 1.25919254
 1.2776524  1.29086534 1.30077352 1.30847118 1.31461983 1.31964211
 1.32382027 1.32734986 1.33037054 1.33298466 1.33526891 1.33728187
 1.33906908 1.3406664  1.34210254 1.34340067 1.34457974 1.3456554
 1.34664066]"
1628,"[0.20413135 0.82601472 1.03246577 1.12312367 1.1723606  1.20279409
 1.22330492 1.23800237 1.2490235  1.25758102 1.26441099 1.26998475
 1.27461743 1.27852746 1.28187082 1.28476182 1.28728606 1.28950891
 1.29148112 1.2932427  1.29482557 1.29625554 1.29755371 1.29873743
 1.29982119]"
1629,"[0.209962   0.99693107 1.18313159 1.24499509 1.27429289 1.29101537
 1.30172548 1.30913655 1.31455549 1.31868414 1.32193125 1.32455031
 1.32670656 1.32851219 1.33004595 1.33136474 1.33251066 1.33351551
 1.33440378 1.33519458 1.3359031  1.33654152 1.33711973 1.33764586
 1.33812663]"
1630,"[0.86802973 1.36731735 1.41793344 1.42853067 1.43896641 1.44878219
 1.45707291 1.46384825 1.46937103 1.47390988 1.47768331 1.48085829
 1.48356044 1.48588448 1.48790242 1.48966966 1.49122931 1.49261535
 1.49385483 1.49496957 1.49597728 1.49689255 1.49772742 1.49849197
 1.49919466]"
1631,"[0.82965179 1.30989918 1.38372891 1.40969767 1.42265992 1.43037563
 1.43547554 1.43908945 1.44178077 1.44386107 1.44551632 1.44686421
 1.44798278 1.44892579 1.44973144 1.45042764 1.45103521 1.45157005
 1.45204444 1.45246807 1.45284866 1.45319244 1.45350451 1.45378904
 1.45404953]"
1632,"[0.99589083 1.03987744 1.25160468 1.34063513 1.38701744 1.41491324
 1.43336924 1.44642146 1.45611365 1.46358273 1.4695084  1.47432068
 1.47830432 1.48165512 1.48451197 1.48697607 1.48912284 1.49100964
 1.49268081 1.49417121 1.49550855 1.49671521 1.4978094  1.4988061
 1.49971775]"
1633,"[0.56972056 1.0642985  1.23072504 1.29514084 1.32785389 1.34733529
 1.36017149 1.36923432 1.37596063 1.38114436 1.38525828 1.38860079
 1.39136923 1.39369915 1.39568671 1.39740195 1.39889707 1.40021177
 1.40137677 1.4024162  1.40334928 1.4041915  1.4049555  1.40565167
 1.40628865]"
1634,"[0.60301509 1.11039724 1.27462334 1.33669286 1.36775143 1.38610623
 1.39815166 1.40663804 1.41292946 1.41777536 1.42162029 1.42474415
 1.42733169 1.42950971 1.43136803 1.43297208 1.43437058 1.43560061
 1.43669081 1.43766371 1.43853725 1.4393259  1.44004143 1.44069357
 1.44129035]"
1635,"[0.8087982  1.33106076 1.49376633 1.55760059 1.58850337 1.60595849
 1.61692645 1.62435962 1.62968599 1.63366846 1.63674709 1.63919164
 1.64117577 1.64281591 1.6441928  1.64536406 1.64637183 1.6472476
 1.64801536 1.64869366 1.64929709 1.64983726 1.65032349 1.65076341
 1.65116327]"
1636,"[0.53177475 1.06339013 1.29617414 1.38827579 1.43476271 1.46229342
 1.48036671 1.49309682 1.50253024 1.5097927  1.51555228 1.52022961
 1.52410231 1.52736085 1.53014015 1.53253839 1.53462873 1.53646676
 1.53809546 1.53954861 1.54085309 1.54203057 1.54309871 1.54407205
 1.54496265]"
1637,"[0.5970451  1.05086483 1.24563679 1.33259485 1.37889736 1.4069988
 1.42567956 1.43892895 1.44878655 1.45639357 1.4624349  1.46734502
 1.47141227 1.47483518 1.47775479 1.48027395 1.48246939 1.48439949
 1.48610943 1.48763471 1.48900363 1.49023898 1.49135936 1.49238005
 1.49331377]"
1638,"[0.81329243 1.19676635 1.28712377 1.33828739 1.37314663 1.39783476
 1.4159384  1.42966257 1.44037442 1.44894425 1.45594446 1.46176384
 1.46667437 1.47087144 1.47449869 1.47766395 1.48044966 1.48291983
 1.48512495 1.48710531 1.48889349 1.49051606 1.49199493 1.49334834
 1.49459155]"
1639,"[0.61355572 1.09826529 1.25807004 1.31544802 1.34244184 1.35769759
 1.3673942  1.37406646 1.37892478 1.38261439 1.38550882 1.38783863
 1.3897535  1.39135472 1.39271321 1.39388008 1.39489308 1.39578068
 1.39656473 1.39726233 1.39788698 1.39844955 1.39895883 1.39942204
 1.39984514]"
1640,"[0.69344969 1.12359913 1.26591315 1.31569539 1.34006181 1.35441346
 1.36384127 1.37049467 1.37543469 1.37924426 1.3822697  1.38472943
 1.38676793 1.38848445 1.38994944 1.39121424 1.39231716 1.39328731
 1.39414725 1.39491472 1.39560383 1.39622599 1.39679048 1.39730495
 1.39777575]"
1641,"[0.81949215 1.12984923 1.28419152 1.34482329 1.37525248 1.39314711
 1.40481511 1.41298397 1.41900552 1.42362014 1.42726532 1.4302153
 1.43265038 1.43469377 1.43643248 1.43792959 1.43923199 1.44037519
 1.44138661 1.44228771 1.44309556 1.44382388 1.44448383 1.4450846
 1.44563377]"
1642,"[0.81832256 1.15832291 1.33543266 1.40508218 1.44051933 1.46146025
 1.47511566 1.48465663 1.49166943 1.49702687 1.50124557 1.50464944
 1.50745124 1.50979619 1.51178661 1.5134966  1.51498108 1.5162816
 1.51743015 1.51845173 1.51936618 1.52018942 1.5209344  1.52161171
 1.52223013]"
1643,"[0.70370455 1.14878712 1.32374555 1.396258   1.43336756 1.45532952
 1.4696605  1.47967713 1.48704094 1.49266699 1.49709727 1.50067175
 1.50361384 1.50607601 1.50816577 1.50996095 1.51151925 1.51288432
 1.51408977 1.51516187 1.51612146 1.51698528 1.51776691 1.5184775
 1.51912626]"
1644,"[0.64755592 1.18599732 1.39434719 1.46851439 1.50334852 1.52281703
 1.53499943 1.54324218 1.54914564 1.55355966 1.55697287 1.5596842
 1.56188591 1.56370681 1.5652362  1.56653781 1.56765826 1.5686324
 1.56948674 1.57024185 1.57091387 1.57151564 1.57205753 1.57254796
 1.57299385]"
1645,"[0.46320775 1.02804811 1.17755527 1.23524928 1.2637418  1.28029019
 1.29098414 1.29842246 1.30387894 1.30804501 1.31132629 1.31397558
 1.31615831 1.31798707 1.31954108 1.32087766 1.32203929 1.32305809
 1.32395878 1.32476071 1.32547925 1.32612673 1.32671316 1.32724678
 1.32773439]"
1646,"[0.70520704 1.10252293 1.28518408 1.37137097 1.41909261 1.44897489
 1.46933637 1.48406572 1.49520156 1.50390956 1.51090252 1.51664
 1.52143131 1.5254921  1.52897728 1.53200089 1.5346488  1.53698684
 1.53906631 1.54092782 1.54260389 1.54412089 1.54550043 1.54676035
 1.54791556]"
1647,"[0.85413268 1.37194487 1.43484917 1.44747491 1.4521227  1.45469757
 1.45645286 1.45777314 1.45881861 1.45967262 1.46038536 1.46098991
 1.46150942 1.4619607  1.46235636 1.46270607 1.46301736 1.46329621
 1.46354742 1.46377488 1.4639818  1.46417082 1.46434416 1.46450369
 1.46465099]"
1648,"[0.7611196  1.06727769 1.21472394 1.2696494  1.29628523 1.31165446
 1.32156236 1.32844801 1.33349797 1.3373539  1.34039145 1.34284452
 1.34486605 1.34656015 1.34800006 1.34923876 1.35031553 1.35126007
 1.35209525 1.35283897 1.35350544 1.35410608 1.35465016 1.35514528
 1.35559777]"
1649,"[0.78807839 1.21455542 1.3659899  1.43772836 1.47693544 1.50092219
 1.51688103 1.52817697 1.53655489 1.54299757 1.54809637 1.55222657
 1.55563701 1.55849875 1.56093308 1.56302827 1.56484999 1.56644811
 1.56786114 1.56911926 1.57024649 1.57126212 1.57218186 1.57301862
 1.57378309]"
1650,"[0.93048347 1.37383575 1.43321431 1.44586814 1.45016261 1.45214254
 1.45325711 1.45397268 1.45447452 1.45484869 1.45514016 1.45537471
 1.4555682  1.45573096 1.45587004 1.45599043 1.45609577 1.45618881
 1.45627163 1.45634587 1.45641282 1.45647353 1.45652885 1.45657947
 1.45662598]"
1651,"[0.93858641 1.36485492 1.46584697 1.50131318 1.51751678 1.52627043
 1.53155857 1.53501589 1.53741258 1.53915056 1.54045659 1.54146676
 1.54226693 1.54291355 1.54344502 1.54388828 1.54426268 1.54458246
 1.54485826 1.54509823 1.54530864 1.54549444 1.54565955 1.54580711
 1.54593969]"
1652,"[0.73895566 1.21597416 1.2926377  1.31323499 1.32209983 1.3269899
 1.3300964  1.33225151 1.33383812 1.33505699 1.33602379 1.33681002
 1.3374623  1.33801239 1.3384827  1.3388895  1.33924489 1.33955809
 1.33983621 1.34008486 1.34030849 1.34051071 1.34069447 1.34086219
 1.34101588]"
1653,"[0.80000474 1.18318557 1.27754747 1.31841435 1.33964448 1.35244927
 1.36097485 1.36704857 1.37159149 1.37511607 1.37792951 1.38022696
 1.38213825 1.38375308 1.38513539 1.38633198 1.3873779  1.3882999
 1.38911876 1.38985086 1.39050928 1.39110462 1.39164551 1.3921391
 1.39259133]"
1654,"[0.97081657 1.3727554  1.43949322 1.46955133 1.48525755 1.49432087
 1.50002212 1.50385867 1.50657898 1.50858882 1.51012353 1.51132742
 1.5122931  1.51308241 1.51373795 1.51428994 1.51476034 1.51516541
 1.51551749 1.51582603 1.51609841 1.51634047 1.51655686 1.51675137
 1.51692708]"
1655,"[0.17108208 0.3018474  0.35301671 0.38327687 0.40437788 0.41958667
 0.43083231 0.43938166 0.44605512 0.45138777 0.45573613 0.459344
 0.46238247 0.46497458 0.46721079 0.46915895 0.47087085 0.47238669
 0.4737381  0.4749503  0.47604362 0.47703466 0.47793705 0.47876215
 0.47951943]"
1656,"[0.41761973 0.45204519 0.48017334 0.51647849 0.54965937 0.57429499
 0.59207899 0.60517269 0.61509221 0.62281595 0.62897662 0.63399309
 0.63815052 0.64164842 0.64462998 0.64720026 0.64943797 0.65140315
 0.65314231 0.65469206 0.65608152 0.65733421 0.65846927 0.65950244
 0.66044679]"
1657,"[0.41804174 0.46398457 0.52013493 0.57926183 0.61978122 0.64698556
 0.66600016 0.67986851 0.69035974 0.69853972 0.70507882 0.71041592
 0.71484875 0.71858559 0.72177615 0.72453055 0.72693147 0.72904215
 0.73091171 0.73257887 0.73407454 0.7354237  0.7366467  0.73776034
 0.73877857]"
1658,"[0.66949937 0.66276647 0.61090801 0.58482288 0.58493796 0.59444127
 0.60492729 0.61412416 0.62175468 0.6280245  0.63320239 0.6375208
 0.64116227 0.64426625 0.64693888 0.64926143 0.6512967  0.65309374
 0.65469132 0.65612036 0.65740586 0.65856813 0.65962391 0.66058705
 0.66146912]"
1659,"[0.65820109 1.19223431 1.30438339 1.34886982 1.37249653 1.38705097
 1.39688185 1.40395426 1.40928076 1.41343427 1.41676256 1.41948868
 1.42176212 1.42368678 1.42533707 1.42676767 1.42801967 1.4291245
 1.43010666 1.43098548 1.43177644 1.43249209 1.43314268 1.4337367
 1.43428121]"
1660,"[0.5711532  1.32234272 1.46388402 1.50814786 1.52797408 1.53905489
 1.54617127 1.55117097 1.55490261 1.55780914 1.56014524 1.5620685
 1.5636822  1.56505715 1.5662437  1.56727873 1.56818994 1.56899857
 1.56972123 1.57037105 1.57095862 1.57149255 1.5719799  1.57242655
 1.57283743]"
1661,"[0.78510934 1.15183148 1.2895242  1.3599369  1.40087437 1.42726936
 1.44558147 1.45898221 1.46919193 1.47721827 1.48368814 1.489011
 1.49346508 1.49724582 1.5004944  1.50331528 1.50578736 1.50797133
 1.5099146  1.51165478 1.51322202 1.51464081 1.51593125 1.51710995
 1.5181908 ]"
1662,"[0.70525265 1.11126629 1.26835493 1.34143086 1.38265053 1.40875247
 1.42663969 1.43961375 1.44943273 1.45711212 1.46327696 1.46833195
 1.4725502  1.47612244 1.47918579 1.48184128 1.48416496 1.48621514
 1.48803727 1.48966727 1.49113392 1.49246055 1.49366624 1.49476679
 1.49577533]"
1663,"[0.68486757 1.21080434 1.30416484 1.34279828 1.36498371 1.37944594
 1.38959184 1.39708295 1.40283002 1.40737289 1.41105103 1.41408807
 1.41663712 1.41880637 1.4206744  1.42229959 1.42372621 1.42498842
 1.42611301 1.42712125 1.42803025 1.42885396 1.42960379 1.43028926
 1.43091828]"
1664,"[0.50093085 1.05854193 1.20174563 1.26342919 1.2970989  1.31809853
 1.33237778 1.34269098 1.35047742 1.35655883 1.3614371  1.36543557
 1.36877164 1.37159677 1.37401963 1.37612021 1.37795864 1.37958101
 1.38102322 1.38231365 1.38347502 1.38452574 1.38548089 1.38635292
 1.38715221]"
1665,"[0.54966941 1.03644644 1.16892273 1.23058558 1.26468353 1.28600394
 1.30050522 1.31097532 1.31887634 1.32504403 1.32998909 1.33404043
 1.3374192  1.34027939 1.34273147 1.34485671 1.34671619 1.3483567
 1.34981469 1.35111894 1.35229251 1.35335407 1.3543189  1.35519963
 1.35600677]"
1666,"[0.51787232 1.13656748 1.3408054  1.42962625 1.47646607 1.50473103
 1.52342911 1.53663159 1.54641391 1.55393446 1.55988668 1.56470933
 1.56869284 1.57203666 1.57488213 1.57733206 1.57946298 1.58133299
 1.58298694 1.58446002 1.58578022 1.58697003 1.58804779 1.58902853
 1.58992475]"
1667,"[0.59952672 1.11907696 1.29360337 1.37755631 1.42538284 1.45571583
 1.47648631 1.49153129 1.50290163 1.51178286 1.51890433 1.52473784
 1.52960144 1.53371702 1.53724389 1.54029935 1.54297157 1.54532813
 1.54742165 1.54929369 1.55097753 1.55250012 1.55388351 1.55514589
 1.55630246]"
1668,"[0.8311243  1.26115737 1.31824571 1.33198425 1.3375128  1.34038656
 1.34212159 1.34327569 1.3440966  1.34470967 1.34518471 1.34556354
 1.34587266 1.3461297  1.34634679 1.34653259 1.34669341 1.34683397
 1.34695788 1.34706794 1.34716635 1.34725487 1.34733492 1.34740766
 1.34747405]"
1669,"[0.79348299 1.28634241 1.44127526 1.50452923 1.53643984 1.5550766
 1.56710641 1.57544097 1.5815242  1.5861441  1.58976373 1.59267156
 1.59505601 1.597045   1.5987283  1.60017062 1.60141977 1.60251178
 1.6034743  1.6043289  1.60509264 1.60577918 1.60639959 1.60696293
 1.60747669]"
1670,"[0.70031153 1.16013801 1.27534432 1.31309638 1.33089108 1.34118632
 1.34789062 1.35260085 1.35608973 1.3587767  1.36090906 1.36264204
 1.36407795 1.36528697 1.36631881 1.36720969 1.36798658 1.36867
 1.36927584 1.36981656 1.37030213 1.37074055 1.37113837 1.37150096
 1.3718328 ]"
1671,"[0.56281743 1.108525   1.27575615 1.34992361 1.39004931 1.41485061
 1.4316091  1.44366138 1.45273397 1.45980497 1.46546833 1.47010491
 1.47396993 1.47724072 1.48004424 1.48247375 1.48459928 1.48647445
 1.48814096 1.48963177 1.49097324 1.49218671 1.49328966 1.49429651
 1.49521928]"
1672,"[0.76365775 1.28534197 1.4666568  1.5382703  1.57443089 1.5958574
 1.60992339 1.61982619 1.62715872 1.63279839 1.63726638 1.64089098
 1.64388892 1.64640887 1.64855612 1.65040727 1.65201935 1.65343568
 1.65468974 1.65580782 1.65681081 1.65771557 1.65853582 1.65928283
 1.65996598]"
1673,"[0.42403741 1.1879865  1.37252592 1.43119169 1.45735103 1.47151634
 1.48018092 1.48593966 1.49000372 1.49300458 1.49529993 1.49710591
 1.49856001 1.49975345 1.50074894 1.50159086 1.50231147 1.50293468
 1.50347862 1.50395723 1.50438141 1.50475978 1.50509928 1.5054055
 1.50568304]"
1674,"[0.87327873 1.22587663 1.36248802 1.42559099 1.45795589 1.47682145
 1.48891948 1.49723732 1.50326215 1.50780482 1.51134029 1.51416324
 1.51646522 1.5183757  1.51998506 1.52135819 1.5225428  1.52357468
 1.5244812  1.52528363 1.52599872 1.52663985 1.5272178  1.52774139
 1.52821788]"
1675,"[0.51278865 1.12295092 1.25102118 1.29559297 1.31790058 1.33124217
 1.34009841 1.34639673 1.35110125 1.3547469  1.35765389 1.36002543
 1.36199663 1.36366073 1.36508418 1.36631557 1.36739124 1.36833894
 1.36918019 1.36993195 1.37060776 1.37121857 1.37177331 1.37227937
 1.37274286]"
1676,"[0.54050965 1.13332702 1.25597491 1.29815799 1.31825181 1.32977096
 1.33717707 1.34231892 1.34608926 1.34896875 1.35123806 1.35307167
 1.35458358 1.35585133 1.35692947 1.35785746 1.35866455 1.35937288
 1.35999949 1.36055773 1.36105819 1.36150939 1.36191825 1.36229046
 1.36263073]"
1677,"[0.9015593  1.34106103 1.3907106  1.39590704 1.39654686 1.39683842
 1.39719278 1.39759553 1.39800724 1.39840436 1.39877607 1.39911869
 1.39943217 1.3997181  1.39997876 1.40021661 1.400434   1.40063313
 1.40081598 1.4009843  1.40113964 1.40128335 1.40141662 1.40154052
 1.40165595]"
1678,"[0.31429218 1.075131   1.22337367 1.27305065 1.29700486 1.31092506
 1.31997423 1.32631135 1.33098991 1.33458259 1.3374266  1.33973305
 1.34164074 1.34324457 1.34461161 1.3457906  1.34681775 1.34772059
 1.34852035 1.34923371 1.34987394 1.35045171 1.35097575 1.35145319
 1.35188999]"
1679,"[0.91874347 1.31633451 1.38780784 1.40635559 1.41372992 1.41760283
 1.42000446 1.4216536  1.4228638  1.4237937  1.42453263 1.42513505
 1.4256362  1.42606    1.4264233  1.42673832 1.42701417 1.42725778
 1.42747454 1.42766868 1.42784358 1.42800199 1.42814613 1.42827786
 1.42839873]"
1680,"[0.79390972 1.38932668 1.46991983 1.49878951 1.51248366 1.51985281
 1.52420365 1.52696019 1.52880461 1.53009309 1.53102503 1.53171857
 1.53224712 1.5326581  1.5329832  1.53324422 1.53345652 1.53363117
 1.53377631 1.53389801 1.53400088 1.53408847 1.53416354 1.53422826
 1.53428437]"
1681,"[0.51213553 1.10449341 1.23686525 1.28558178 1.31019228 1.32484339
 1.33450194 1.34132625 1.34639515 1.35030461 1.35340952 1.35593397
 1.35802618 1.35978803 1.36129181 1.36259021 1.36372251 1.36471859
 1.36560161 1.36638974 1.36709747 1.3677365  1.36831634 1.36884486
 1.36932856]"
1682,"[0.74805177 1.18446885 1.29431602 1.33855769 1.36086893 1.37397992
 1.3825188  1.38849269 1.39289515 1.39626928 1.39893537 1.40109393
 1.40287663 1.40437339 1.40564767 1.40674551 1.40770108 1.40854028
 1.40928312 1.40994526 1.41053915 1.41107481 1.41156039 1.41200259
 1.41240697]"
1683,"[0.76370416 1.40703864 1.54795956 1.58884539 1.60669866 1.61661164
 1.62295119 1.62737858 1.63065772 1.63318989 1.63520713 1.63685348
 1.63822341 1.63938158 1.6403738  1.64123351 1.64198568 1.64264935
 1.64323931 1.64376721 1.64424237 1.64467233 1.64506325 1.64542022
 1.64574748]"
1684,"[0.50493254 1.09988416 1.23062123 1.27864461 1.30262101 1.31682926
 1.3261878  1.33280481 1.3377262  1.34152759 1.34455125 1.34701318
 1.34905631 1.35077897 1.35225097 1.35352323 1.35463379 1.35561161
 1.35647912 1.35725397 1.35795025 1.35857932 1.35915047 1.35967133
 1.36014827]"
1685,"[0.94602409 1.30076298 1.42647883 1.47287333 1.49339146 1.50402801
 1.51019789 1.51407889 1.51667262 1.51848917 1.51980967 1.52079906
 1.52155917 1.52215558 1.52263203 1.5230186  1.52333652 1.5236011
 1.52382362 1.52401253 1.52417427 1.52431379 1.52443499 1.52454094
 1.52463408]"
1686,"[0.58589778 1.2336615  1.32263432 1.34316503 1.35035386 1.35354109
 1.35518098 1.35611451 1.35668586 1.35705494 1.35730344 1.35747627
 1.3575996  1.35768946 1.35775601 1.35780596 1.35784383 1.35787276
 1.35789498 1.35791209 1.35792526 1.35793538 1.35794311 1.35794894
 1.35795326]"
1687,"[0.92255715 1.50929719 1.59203572 1.59618487 1.58860115 1.58005578
 1.57248291 1.5660936  1.56074515 1.55624801 1.55243494 1.54917164
 1.54635314 1.54389776 1.54174169 1.53983472 1.53813692 1.53661627
 1.53524686 1.53400748 1.53288067 1.53185193 1.5309091  1.53004195
 1.52924179]"
1688,"[0.47854213 1.17564442 1.31496353 1.3702423  1.40171879 1.42195156
 1.4359275  1.44609927 1.45380505 1.45983016 1.46466267 1.46862045
 1.47191872 1.47470808 1.47709688 1.47916495 1.48097237 1.4825652
 1.48397929 1.48524297 1.4863789  1.48740545 1.48833762 1.48918781
 1.48996633]"
1689,"[0.94888746 1.24698538 1.29442719 1.30149094 1.3008571  1.2988546
 1.29681564 1.29501682 1.29348487 1.29218817 1.29108656 1.29014405
 1.2893311  1.28862421 1.28800478 1.28745807 1.28697236 1.28653821
 1.28614799 1.28579546 1.28547551 1.28518387 1.28491699 1.28467189
 1.28444601]"
1690,"[0.89622776 1.07584508 1.31278932 1.39770786 1.43250243 1.44971785
 1.45947396 1.4655584  1.46962741 1.47249598 1.47460313 1.47620266
 1.47744986 1.47844424 1.47925209 1.47991902 1.48047728 1.48095025
 1.48135525 1.48170532 1.48201044 1.48227841 1.48251533 1.48272609
 1.48291464]"
1691,"[0.75126091 1.22827195 1.29806596 1.31950151 1.33002772 1.33629482
 1.34043524 1.3433631  1.34553703 1.34721189 1.34854012 1.34961828
 1.35051034 1.3512603  1.35189939 1.35245036 1.35293016 1.35335168
 1.35372488 1.35405758 1.35435602 1.35462521 1.35486924 1.35509146
 1.35529467]"
1692,"[1.02595176 1.23464574 1.39028478 1.44220534 1.46503775 1.47711155
 1.48430983 1.48897471 1.49218846 1.49450829 1.49624551 1.49758557
 1.49864477 1.49949924 1.50020058 1.50078483 1.50127785 1.5016986
 1.50206125 1.50237659 1.50265298 1.50289693 1.50311363 1.50330726
 1.50348117]"
1693,"[0.48849667 1.05408191 1.08027908 1.04107844 1.00856753 0.98579667
 0.96978831 0.95818867 0.9495074  0.94281793 0.93753181 0.93326386
 0.92975415 0.92682219 0.92433935 0.92221186 0.9203699  0.91876056
 0.91734305 0.91608547 0.91496255 0.91395401 0.91304341 0.91221729
 0.91146453]"
1694,"[0.54872308 1.00495983 1.03334595 1.00618736 0.98338229 0.96751667
 0.95641726 0.94839246 0.94238906 0.93775995 0.93409733 0.93113554
 0.92869582 0.92665419 0.92492236 0.92343596 0.92214703 0.92101921
 0.92002443 0.91914073 0.91835067 0.91764026 0.91699814 0.91641499
 0.91588311]"
1695,"[0.97389776 0.99224122 0.98655346 0.98986784 0.99865304 1.00694492
 1.01373978 1.01918011 1.02356033 1.02713364 1.03009106 1.03257264
 1.03468115 1.03649285 1.03806508 1.03944163 1.04065642 1.04173604
 1.04270165 1.04357025 1.04435565 1.04506917 1.0457202  1.04631655
 1.04686481]"
1696,"[0.94064367 1.1345632  1.1083569  1.10228826 1.10619436 1.1112393
 1.11566671 1.11930523 1.12227302 1.12471262 1.12674186 1.12845065
 1.12990642 1.13115987 1.13224948 1.1332048  1.13404884 1.13479972
 1.1354719  1.13607701 1.13662453 1.13712225 1.13757662 1.13799303
 1.13837603]"
1697,"[1.15115701 1.5829693  1.63235206 1.6309519  1.62475633 1.61903218
 1.61432061 1.61049806 1.60737454 1.60479044 1.60262461 1.6007869
 1.59921011 1.59784357 1.5966486  1.59559528 1.59466015 1.59382458
 1.59307362 1.59239514 1.59177921 1.59121761 1.5907035  1.59023114
 1.58979565]"
1698,"[0.40928353 1.36094154 1.52931221 1.57299921 1.58874294 1.59538207
 1.59840946 1.59981205 1.60041993 1.60061728 1.60059582 1.60045672
 1.60025562 1.60002407 1.59978024 1.59953472 1.59929362 1.59906038
 1.59883682 1.59862376 1.59842145 1.59822975 1.59804832 1.59787669
 1.59771434]"
1699,"[1.12159615 1.42523543 1.45962005 1.46262835 1.46258012 1.46222122
 1.46188973 1.46162043 1.46140458 1.46122978 1.46108606 1.46096605
 1.46086445 1.46077735 1.46070186 1.46063582 1.46057755 1.46052575
 1.4604794  1.46043768 1.46039992 1.46036559 1.46033423 1.46030548
 1.46027901]"
1700,"[0.79778726 1.3234781  1.44546139 1.48375157 1.50020874 1.50872052
 1.51368507 1.51683431 1.51895949 1.52046325 1.52156793 1.52240444
 1.52305397 1.52356904 1.52398487 1.52432579 1.52460909 1.52484729
 1.52504967 1.52522322 1.5253733  1.52550405 1.52561875 1.52571998
 1.52580984]"
1701,"[0.84867779 1.28059371 1.35117227 1.37549218 1.38864859 1.39702197
 1.40282465 1.40707847 1.41032737 1.41288803 1.4149572  1.41666341
 1.41809413 1.41931089 1.42035822 1.42126911 1.42206855 1.42277578
 1.42340584 1.4239707  1.42447996 1.42494145 1.42536157 1.42574564
 1.42609811]"
1702,"[0.74157408 1.33349438 1.48322614 1.53736216 1.56278639 1.57692602
 1.58571981 1.59163268 1.59584213 1.59897188 1.60137941 1.60328269
 1.60482138 1.60608874 1.60714921 1.60804858 1.60882028 1.6094892
 1.61007423 1.61058996 1.61104783 1.61145691 1.6118245  1.61215651
 1.61245781]"
1703,"[0.86877638 1.27556987 1.36602666 1.39483554 1.40831119 1.41606923
 1.4211164  1.42466883 1.42730898 1.42935059 1.43097781 1.43230594
 1.43341097 1.43434505 1.43514519 1.43583838 1.43644482 1.43697988
 1.43745551 1.43788112 1.43826422 1.43861089 1.43892611 1.43921398
 1.43947792]"
1704,"[0.70681456 1.26521022 1.36162301 1.39268124 1.40767231 1.41646201
 1.42222716 1.42629512 1.42931709 1.43164951 1.43350367 1.43501268
 1.43626452 1.43731965 1.438221   1.43899985 1.43967955 1.44027787
 1.4408086  1.44128256 1.44170838 1.44209305 1.44244225 1.44276065
 1.44305218]"
1705,"[0.69907207 1.1957043  1.30007084 1.33492141 1.3521317  1.36243194
 1.36930801 1.37423205 1.37793538 1.38082346 1.38313958 1.38503877
 1.38662455 1.38796872 1.38912268 1.39012419 1.39100162 1.39177671
 1.3924664  1.39308408 1.39364047 1.39414427 1.3946026  1.39502136
 1.39540546]"
1706,"[0.86947266 1.36591255 1.51263799 1.56084194 1.58177685 1.59269137
 1.59911412 1.60322892 1.6060354  1.60804342 1.60953535 1.61067811
 1.61157561 1.61229542 1.61288306 1.61337018 1.61377936 1.61412705
 1.61442554 1.61468411 1.61490993 1.61510858 1.61528449 1.61544118
 1.61558153]"
1707,"[0.86761097 1.32117557 1.3811903  1.39871286 1.40781915 1.41367708
 1.41781691 1.42090749 1.42330389 1.42521592 1.42677639 1.42807365
 1.42916881 1.43010547 1.43091558 1.43162305 1.43224615 1.43279909
 1.43329304 1.43373693 1.43413799 1.43450212 1.43483418 1.43513822
 1.43541763]"
1708,"[0.85095258 1.27895495 1.43409412 1.49256226 1.52066744 1.5365961
 1.54665932 1.55351587 1.55845254 1.56215894 1.5650344  1.56732467
 1.56918857 1.57073294 1.57203211 1.57313927 1.57409343 1.57492383
 1.57565276 1.57629753 1.57687174 1.57738626 1.57784983 1.57826958
 1.5786514 ]"
1709,"[0.9668684  1.37367448 1.50022845 1.54206442 1.55942297 1.56797667
 1.5727093  1.5755497  1.57735913 1.57856502 1.57939733 1.57998792
 1.58041634 1.58073266 1.58096953 1.58114888 1.58128581 1.58139099
 1.58147205 1.58153459 1.58158276 1.58161968 1.58164771 1.58166869
 1.58168404]"
1710,"[1.00827739 1.31349692 1.38650236 1.42333022 1.44659088 1.46229647
 1.47346424 1.48175324 1.48812398 1.49316124 1.49723789 1.50060143
 1.50342199 1.50582006 1.50788322 1.50967657 1.51124947 1.51264
 1.51387798 1.5149871  1.5159864  1.51689137 1.51771471 1.51846697
 1.51915693]"
1711,"[0.9252651  1.28689397 1.40953461 1.46805769 1.49957074 1.51864611
 1.53124774 1.54012328 1.54668197 1.55171139 1.55568271 1.55889365
 1.5615409  1.56375928 1.56564418 1.56726484 1.56867272 1.56990682
 1.57099721 1.57196745 1.57283624 1.5736186  1.57432675 1.57497071
 1.57555881]"
1712,"[0.72859844 1.18443039 1.33129393 1.39566254 1.42961987 1.4500133
 1.46342952 1.47285428 1.47980659 1.4851312  1.48933174 1.49272566
 1.49552226 1.49786484 1.49985461 1.50156499 1.50305051 1.50435244
 1.5055026  1.50652591 1.50744214 1.50826715 1.50901387 1.50969287
 1.51031294]"
1713,"[0.49248374 1.01968072 1.17183191 1.2288151  1.25662245 1.27262793
 1.28288819 1.28997369 1.2951383  1.29905939 1.3021324  1.30460266
 1.30662994 1.30832254 1.30975637 1.31098611 1.31205217 1.31298498
 1.31380791 1.31453921 1.3151933  1.31578173 1.31631388 1.31679743
 1.31723871]"
1714,"[0.37805127 1.10434    1.31897608 1.3940769  1.42874721 1.44786148
 1.45969229 1.4676256  1.47326467 1.47745381 1.48067496 1.4832211
 1.48527962 1.48697543 1.48839473 1.4895988  1.49063227 1.49152838
 1.49231239 1.49300378 1.4936178  1.49416658 1.49465986 1.49510555
 1.49551014]"
1715,"[0.8107538  1.24336131 1.31950149 1.34141665 1.35131373 1.35714931
 1.36111654 1.36403796 1.3662986  1.36810807 1.3695928  1.37083471
 1.37188972 1.3727975  1.37358709 1.37428029 1.37489381 1.37544068
 1.37593124 1.37637376 1.37677499 1.37714045 1.37747473 1.37778165
 1.37806444]"
1716,"[0.79088657 1.21296415 1.33011936 1.38591443 1.41928864 1.44119791
 1.45652058 1.46776803 1.4763433  1.48308206 1.48850911 1.49296899
 1.49669649 1.49985671 1.502569   1.50492162 1.50698123 1.50879906
 1.5104151  1.51186103 1.51316226 1.51433939 1.5154093  1.51638596
 1.51728101]"
1717,"[1.07981765 1.27506065 1.34174329 1.36873222 1.38167639 1.38902608
 1.39370713 1.39693372 1.39928743 1.40107843 1.40248626 1.40362174
 1.40455682 1.40534022 1.40600607 1.40657898 1.40707715 1.40751432
 1.40790104 1.40824559 1.4085545  1.40883305 1.40908549 1.40931534
 1.40952551]"
1718,"[0.60100671 1.1203958  1.28774765 1.36215536 1.40146675 1.42513989
 1.44077155 1.45179614 1.45995984 1.46623462 1.47120096 1.47522555
 1.47855078 1.48134295 1.48371985 1.48576712 1.4875485  1.48911236
 1.49049604 1.49172887 1.49283412 1.49383056 1.49473344 1.4955553
 1.49630656]"
1719,"[0.88058165 1.18784224 1.33797412 1.40375532 1.43821183 1.45880316
 1.47230135 1.48175767 1.48871784 1.49403865 1.49822965 1.50161128
 1.50439447 1.50672339 1.50869971 1.51039713 1.51187027 1.51316047
 1.51429957 1.51531245 1.51621886 1.51703464 1.51777268 1.5184435
 1.51905586]"
1720,"[0.41006443 1.00679324 1.16204298 1.22025972 1.24924543 1.26630374
 1.27745892 1.28529494 1.29108988 1.29554411 1.29907207 1.30193408
 1.30430165 1.30629226 1.307989   1.30945229 1.31072708 1.31184751
 1.31283995 1.31372512 1.31451947 1.31523629 1.31588638 1.31647862
 1.31702041]"
1721,"[0.36913442 1.06456422 1.27049389 1.35353323 1.3952521  1.41968507
 1.43553688 1.44658129 1.45468662 1.46087368 1.46574379 1.46967279
 1.47290696 1.47561415 1.47791248 1.47988745 1.4816024  1.4831052
 1.48443273 1.4856138  1.48667129 1.48762353 1.48848543 1.48926923
 1.48998503]"
1722,"[0.5029327  1.08937638 1.31013757 1.38873535 1.42498766 1.44492764
 1.45724398 1.46548889 1.47134136 1.47568406 1.47902008 1.48165487
 1.48378355 1.48553608 1.48700206 1.48824512 1.48931159 1.49023596
 1.4910444  1.4917571  1.49238987 1.49295524 1.49346331 1.49392226
 1.49433879]"
1723,"[0.41942607 1.04185191 1.25802417 1.34426665 1.38718865 1.41219322
 1.42836418 1.43960765 1.44784731 1.45413043 1.45907235 1.46305689
 1.46633525 1.46907837 1.47140649 1.47340654 1.47514287 1.47666413
 1.47800775 1.47920297 1.48027299 1.48123641 1.48210835 1.4829012
 1.48362523]"
1724,"[0.83629791 1.16721004 1.29643497 1.34392084 1.36628388 1.37881961
 1.38670923 1.39208815 1.39597323 1.39890341 1.40118861 1.40301881
 1.40451659 1.40576439 1.40681962 1.40772344 1.40850611 1.40919037
 1.40979362 1.41032939 1.41080838 1.41123913 1.41162857 1.41198235
 1.41230515]"
1725,"[0.74719946 1.3603813  1.41045778 1.40253906 1.39219679 1.38478923
 1.3798718  1.37660522 1.37439275 1.37285908 1.37177195 1.37098578
 1.37040728 1.36997525 1.36964858 1.36939903 1.36920684 1.3690579
 1.36894197 1.36885153 1.36878095 1.36872598 1.36868338 1.36865065
 1.36862582]"
1726,"[0.37999855 1.01429258 1.16504683 1.21778347 1.24286123 1.25721598
 1.26644401 1.27285546 1.27756221 1.28116167 1.2840023  1.28630064
 1.28819818 1.2897912  1.29114749 1.29231612 1.29333349 1.29422716
 1.2950184  1.29572384 1.29635673 1.29692771 1.29744543 1.29791701
 1.29834836]"
1727,"[0.72212046 1.15737501 1.31604816 1.38469132 1.42062036 1.44216319
 1.45635046 1.46633769 1.4737228  1.4793928  1.48387639 1.48750702
 1.49050482 1.49302066 1.49516131 1.49700431 1.49860735 1.50001417
 1.50125855 1.50236695 1.50336041 1.50425587 1.50506708 1.50580536
 1.5064801 ]"
1728,"[0.62776017 1.29680095 1.45883321 1.50375838 1.51960715 1.52599247
 1.52868658 1.52976236 1.53007421 1.53001049 1.52976063 1.52942177
 1.52904542 1.5286594  1.52827874 1.52791135 1.52756116 1.52722978
 1.52691754 1.52662399 1.52634833 1.52608954 1.52584651 1.52561815
 1.5254034 ]"
1729,"[0.88830751 1.30671901 1.40640678 1.44001254 1.45550141 1.46416551
 1.46963823 1.47338759 1.4761084  1.4781689  1.47978144 1.48107666
 1.48213918 1.48302615 1.48377749 1.48442194 1.48498068 1.48546967
 1.48590113 1.48628463 1.48662769 1.48693639 1.48721561 1.48746938
 1.48770101]"
1730,"[0.86230611 1.25979528 1.39930182 1.46201294 1.49473012 1.51408871
 1.52664764 1.53536185 1.54172095 1.54654541 1.5503199  1.55334725
 1.55582555 1.55788941 1.55963325 1.56112514 1.56241531 1.5635416
 1.56453302 1.56541219 1.56619696 1.56690162 1.56753773 1.56811476
 1.56864051]"
1731,"[0.87391696 1.28104766 1.44865436 1.51919866 1.55566769 1.57744486
 1.59176162 1.6018299  1.60926941 1.61497755 1.61948874 1.6231398
 1.62615298 1.62868058 1.63083031 1.6326804  1.63428901 1.63570023
 1.6369481  1.63805927 1.63905493 1.63995213 1.64076472 1.64150408
 1.64217966]"
1732,"[0.34525485 1.01808188 1.17670742 1.23295579 1.26049141 1.27665364
 1.2872442  1.29470861 1.30024835 1.30452068 1.30791483 1.31067575
 1.31296518 1.31489418 1.31654154 1.31796464 1.31920631 1.32029912
 1.3212683  1.32213369 1.32291109 1.32361326 1.32425062 1.32483173
 1.32536372]"
1733,"[0.84678149 1.20915947 1.33313927 1.38268564 1.40782106 1.42272438
 1.43250153 1.43937803 1.44446463 1.44837333 1.45146751 1.45397591
 1.45604941 1.45779143 1.45927516 1.46055379 1.46166691 1.46264459
 1.46351003 1.46428144 1.46497331 1.4655973  1.46616291 1.46667794
 1.46714888]"
1734,"[0.68732919 1.06558023 1.19501976 1.25065495 1.27891362 1.29539636
 1.30602722 1.31339565 1.31878072 1.32287784 1.32609454 1.32868434
 1.33081265 1.3325918  1.33410063 1.33539603 1.33652004 1.33750439
 1.33837349 1.33914636 1.33983809 1.34046078 1.34102424 1.34153651
 1.34200425]"
1735,"[1.01487644 1.29848067 1.40002408 1.44847873 1.47405656 1.4891309
 1.49883428 1.50551144 1.51034608 1.51398812 1.5168196  1.51907788
 1.52091738 1.52244244 1.52372587 1.52481993 1.52576298 1.52658382
 1.52730442 1.52794187 1.52850958 1.52901829 1.52947663 1.52989166
 1.53026918]"
1736,"[0.78794496 1.19693651 1.30603886 1.35085747 1.37456167 1.38913136
 1.39897267 1.4060593  1.41140307 1.41557521 1.41892226 1.42166657
 1.42395726 1.42589808 1.42756339 1.42900792 1.43027279 1.43138953
 1.4323827  1.43327172 1.43407214 1.43479658 1.43545535 1.43605699
 1.43660862]"
1737,"[0.34477616 0.99115487 1.14724642 1.20520917 1.23352155 1.24987079
 1.26039323 1.2676894  1.27302826 1.27709625 1.28029491 1.28287386
 1.28499609 1.28677234 1.2882804  1.28957646 1.2907021  1.29168873
 1.29256052 1.29333635 1.2940312  1.29465708 1.29522375 1.29573921
 1.2962101 ]"
1738,"[1.01959038 1.35829233 1.397524   1.40416051 1.40616897 1.40704885
 1.40752829 1.4078267  1.40802917 1.40817498 1.40828465 1.40836991
 1.40843795 1.4084934  1.40853938 1.40857809 1.40861108 1.4086395
 1.40866423 1.40868592 1.40870509 1.40872214 1.4087374  1.40875114
 1.40876356]"
1739,"[1.02582942 1.43116204 1.5017021  1.52803052 1.54247549 1.55139872
 1.55734182 1.56153269 1.56462273 1.56698324 1.56883876 1.57033194
 1.57155724 1.5725794  1.57344417 1.57418468 1.57482551 1.57538523
 1.57587811 1.5763153  1.57670562 1.57705613 1.57737258 1.57765964
 1.57792118]"
1740,"[0.84901745 1.42044819 1.52402719 1.5480955  1.55507952 1.55713678
 1.55749772 1.55722401 1.55671504 1.55613398 1.55555014 1.55499268
 1.55447273 1.55399313 1.55355295 1.55314966 1.5527801  1.55244107
 1.55212948 1.55184253 1.55157767 1.55133265 1.55110544 1.55089429
 1.55069763]"
1741,"[0.87073217 1.4637571  1.52300201 1.53642007 1.54320594 1.54724295
 1.54981368 1.55153945 1.55274992 1.55363048 1.55429085 1.55479893
 1.55519843 1.55551845 1.55577897 1.55599404 1.55617381 1.55632571
 1.55645532 1.55656688 1.55666366 1.55674822 1.55682258 1.55688836
 1.55694685]"
1742,"[0.96895261 1.5304252  1.62569647 1.64058954 1.64123745 1.63899333
 1.63636084 1.63393884 1.63184238 1.63005724 1.62853907 1.62724206
 1.62612651 1.62515991 1.62431618 1.62357449 1.62291817 1.62233384
 1.62181063 1.6213397  1.62091378 1.62052686 1.62017393 1.61985077
 1.61955383]"
1743,"[0.59417784 1.21003197 1.33837598 1.37483414 1.39047774 1.39895099
 1.40421408 1.40778514 1.4103612  1.41230467 1.41382183 1.41503841
 1.41603532 1.41686691 1.41757101 1.41817477 1.41869816 1.41915617
 1.41956032 1.41991955 1.42024095 1.42053018 1.42079184 1.42102968
 1.42124681]"
1744,"[1.03215317 1.61012966 1.67897522 1.67207982 1.65769259 1.64498035
 1.63478244 1.62668821 1.62020269 1.61493086 1.6105814  1.60694259
 1.60385962 1.60121794 1.5989315  1.59693469 1.59517679 1.59361807
 1.59222699 1.59097824 1.58985131 1.58882941 1.58789864 1.58704746
 1.58626615]"
1745,"[0.71219444 1.35833333 1.50122209 1.54268035 1.55969669 1.56829457
 1.57324498 1.57636101 1.57845341 1.57992909 1.58101065 1.58182832
 1.58246245 1.58296484 1.58337016 1.58370229 1.58397816 1.58421003
 1.58440699 1.58457585 1.58472184 1.58484901 1.58496055 1.58505899
 1.58514636]"
1746,"[0.41180724 0.75791639 0.94476469 1.01728545 1.05472792 1.07739621
 1.09253755 1.10334613 1.11143987 1.11772317 1.12274013 1.12683728
 1.13024561 1.13312492 1.13558921 1.13772201 1.13958586 1.14122853
 1.14268712 1.1439909  1.14516323 1.14622302 1.14718571 1.14806405
 1.14886865]"
1747,"[0.38861544 0.59635213 0.78336913 0.87206357 0.92003825 0.9497018
 0.96975471 0.98417967 0.99503882 1.00350152 1.01027842 1.01582552
 1.0204485  1.02435979 1.02771151 1.03061543 1.03315545 1.03539581
 1.03738647 1.03916691 1.04076871 1.04221742 1.04353397 1.04473562
 1.04583678]"
1748,"[0.65438389 0.59016561 0.75010321 0.83429131 0.87868223 0.90574661
 0.92389054 0.93687133 0.94660597 0.95417087 0.96021563 0.9651549
 0.96926555 0.97273933 0.97571323 0.97828765 0.98053785 0.98252132
 0.98428275 0.98585739 0.98727342 0.98855361 0.9897166  0.99077775
 0.99174987]"
1749,"[0.94254049 1.33710032 1.48027253 1.53592207 1.56198325 1.57643141
 1.58541543 1.59146689 1.59578721 1.59901019 1.60149828 1.60347233
 1.60507387 1.6063975  1.60750866 1.60845394 1.60926742 1.60997449
 1.61059452 1.61114245 1.61163004 1.61206663 1.61245975 1.61281553
 1.613139  ]"
1750,"[0.26661383 1.12985316 1.2850582  1.33062628 1.3506659  1.36156736
 1.36832033 1.37288032 1.37615285 1.37860967 1.38051899 1.3820439
 1.383289   1.3843243  1.38519839 1.38594599 1.38659258 1.38715724
 1.38765454 1.38809583 1.38849002 1.38884425 1.38916428 1.38945483
 1.38971979]"
1751,"[0.66629038 1.19360264 1.31135934 1.35070169 1.36949983 1.38040068
 1.38749165 1.39246508 1.39614324 1.39897249 1.40121563 1.40303736
 1.40454602 1.40581581 1.40689922 1.40783444 1.40864989 1.40936717
 1.41000299 1.41057047 1.41108005 1.41154016 1.41195767 1.41233823
 1.41268653]"
1752,"[1.17309811 1.53985171 1.5667709  1.56505306 1.56382421 1.56381773
 1.56436628 1.56510403 1.56587162 1.56660486 1.56728093 1.56789481
 1.56844882 1.56894804 1.56939831 1.5698053  1.57017422 1.57050967
 1.57081565 1.57109566 1.5713527  1.57158936 1.57180788 1.5720102
 1.57219801]"
1753,"[1.22928223 1.38960371 1.42526767 1.46748963 1.49315203 1.50895933
 1.51943068 1.52681062 1.53226786 1.5364569  1.53976886 1.54245051
 1.54466472 1.54652307 1.54810444 1.54946613 1.55065071 1.5516905
 1.55261039 1.55342993 1.55416463 1.55482698 1.55542713 1.55597344
 1.55647281]"
1754,"[0.7405026  1.24742266 1.39610046 1.46003262 1.49349359 1.51362821
 1.5269363  1.53633242 1.54329637 1.54865241 1.55289345 1.55633126
 1.55917215 1.56155785 1.56358879 1.56533806 1.56686008 1.56819615
 1.5693782  1.57043127 1.57137528 1.57222626 1.57299727 1.57369901
 1.57434039]"
1755,"[0.84034711 1.20125298 1.27141953 1.29712495 1.31085201 1.31944718
 1.3253285  1.32959761 1.33283227 1.33536483 1.33739976 1.33906956
 1.34046378 1.34164504 1.34265839 1.34353709 1.34430619 1.34498489
 1.34558819 1.34612795 1.34661368 1.34705307 1.34745243 1.34781699
 1.34815108]"
1756,"[0.69484601 1.54215705 1.72849185 1.77883639 1.79496735 1.80038358
 1.80190721 1.80188892 1.80124361 1.80035813 1.79940456 1.79846081
 1.7975613  1.79671964 1.79593936 1.79521912 1.79455538 1.79394375
 1.79337964 1.79285861 1.79237652 1.79192962 1.79151451 1.79112815
 1.79076783]"
1757,"[0.77621763 1.41699312 1.62499442 1.70861775 1.75116551 1.77620444
 1.79245551 1.80376067 1.81203839 1.81834118 1.82329    1.82727295
 1.8305442  1.83327673 1.83559215 1.83757829 1.83930012 1.8408067
 1.84213571 1.84331659 1.84437263 1.84532253 1.84618143 1.84696174
 1.84767372]"
1758,"[0.78934117 1.30673987 1.43686448 1.4854356  1.50928769 1.52312139
 1.53204789 1.53824523 1.54278182 1.54623803 1.54895437 1.55114302
 1.55294272 1.5544478  1.55572457 1.55682096 1.55777243 1.55860574
 1.55934151 1.55999582 1.56058143 1.56110857 1.56158555 1.56201916
 1.56241505]"
1759,"[0.89258321 1.32298326 1.39565036 1.44562569 1.47604742 1.49533845
 1.50839004 1.51771887 1.52468305 1.53006393 1.53433789 1.53780999
 1.54068383 1.54310012 1.54515903 1.5469337  1.54847872 1.54983565
 1.55103663 1.55210692 1.55306664 1.55393199 1.55471617 1.55543003
 1.5560826 ]"
1760,"[0.72210856 1.14852004 1.29268809 1.35953753 1.39586864 1.41818509
 1.43313363 1.4437899  1.45174621 1.45790158 1.46279919 1.46678538
 1.47009089 1.47287511 1.47525155 1.47730316 1.47909192 1.48066507
 1.48205919 1.48330308 1.48441968 1.48542752 1.4863417  1.48717464
 1.4879367 ]"
1761,"[0.89089315 1.36888804 1.43539798 1.45074835 1.4547443  1.45549136
 1.45518941 1.45455025 1.45382918 1.45312162 1.45246185 1.45185963
 1.45131472 1.45082303 1.45037926 1.44997803 1.4496143  1.44928359
 1.44898195 1.44870596 1.44845265 1.44821948 1.44800421 1.44780494
 1.44761999]"
1762,"[0.65685576 1.38557604 1.51796852 1.54300106 1.54733947 1.54649962
 1.54428762 1.54182515 1.53946651 1.5373156  1.53538905 1.53367327
 1.53214559 1.53078231 1.52956155 1.5284641  1.52747349 1.52657568
 1.52575882 1.52501284 1.52432919 1.52370058 1.52312078 1.52258443
 1.52208691]"
1763,"[0.82418145 1.44969521 1.5654763  1.60161704 1.61838952 1.6272622
 1.63237355 1.63552144 1.63756505 1.63894849 1.63991701 1.6406138
 1.6411264  1.64151051 1.64180276 1.64202795 1.64220327 1.64234094
 1.64244976 1.64253622 1.64260517 1.64266026 1.64270429 1.64273944
 1.64276739]"
1764,"[0.5871303  1.38450262 1.55048496 1.59700364 1.61444563 1.62244859
 1.62664647 1.62906014 1.63054195 1.63149665 1.63213443 1.63257232
 1.63287921 1.63309752 1.63325435 1.63336759 1.63344936 1.63350808
 1.63354966 1.63357841 1.63359744 1.63360906 1.633615   1.63361659
 1.63361482]"
1765,"[1.00674677 1.41614026 1.5049325  1.53222622 1.5441032  1.55037281
 1.55409777 1.55649726 1.55813727 1.55931025 1.56017991 1.56084377
 1.56136293 1.56177725 1.56211368 1.56239099 1.56262256 1.56281816
 1.56298505 1.56312875 1.56325349 1.56336255 1.56345855 1.56354356
 1.56361926]"
1766,"[0.81941246 1.48871001 1.60641854 1.63432665 1.64257843 1.64522008
 1.645967   1.64601159 1.64578966 1.64547453 1.64513843 1.64481162
 1.64450607 1.64422552 1.64397007 1.64373822 1.64352789 1.64333689
 1.6431631  1.64300461 1.64285968 1.6427268  1.64260463 1.64249201
 1.64238793]"
1767,"[1.03410482 1.47559425 1.51343431 1.50982743 1.50414576 1.49967949
 1.49635427 1.4938478  1.49191337 1.49038464 1.4891506  1.48813588
 1.48728809 1.48656994 1.48595428 1.48542094 1.48495464 1.48454363
 1.48417871 1.48385262 1.48355951 1.48329466 1.4830542  1.48283492
 1.48263417]"
1768,"[0.98014851 1.38744272 1.49862938 1.54006124 1.56056595 1.57258995
 1.58044793 1.58597528 1.59007308 1.59323244 1.595743   1.5977864
 1.59948223 1.60091246 1.60213511 1.60319244 1.60411595 1.60492959
 1.60565191 1.60629752 1.60687803 1.60740285 1.60787964 1.60831471
 1.60871333]"
1769,"[1.09325725 1.37498553 1.47892247 1.5278705  1.55443929 1.57086871
 1.58198362 1.58999102 1.59603035 1.60074639 1.60453058 1.60763405
 1.61022522 1.61242122 1.61430602 1.61594139 1.61737377 1.61863873
 1.61976402 1.62077154 1.62167888 1.62250026 1.62324735 1.6239298
 1.62455564]"
1770,"[1.15376959 1.44563864 1.53779342 1.57939426 1.59793119 1.60758742
 1.61326592 1.61690861 1.61939975 1.62118836 1.62252248 1.62354855
 1.62435775 1.62500941 1.62554356 1.62598808 1.62636288 1.62668254
 1.62695792 1.62719728 1.627407   1.62759207 1.62775644 1.62790329
 1.62803517]"
1771,"[1.00691702 1.39887922 1.43675803 1.45096983 1.46132899 1.46897322
 1.47466536 1.4789989  1.48237965 1.48507756 1.48727397 1.4890933
 1.49062295 1.49192582 1.49304809 1.49402441 1.49488117 1.49563886
 1.49631357 1.4969181  1.49746279 1.49795604 1.49840476 1.4988147
 1.49919064]"
1772,"[0.83912503 1.36634937 1.44136575 1.45784632 1.46414477 1.4673395
 1.46922687 1.47045307 1.47130378 1.47192327 1.47239153 1.47275615
 1.47304701 1.47328374 1.47347971 1.4736443  1.47378426 1.47390459
 1.47400903 1.47410046 1.47418111 1.47425272 1.4743167  1.47437419
 1.4744261 ]"
1773,"[0.78607003 1.35293469 1.43687503 1.43813581 1.43094465 1.42432703
 1.41909239 1.41500814 1.4117813  1.40918629 1.4070625  1.40529641
 1.40380692 1.40253503 1.40143707 1.40048012 1.39963896 1.39889399
 1.39822973 1.39763385 1.39709637 1.39660916 1.39616551 1.39575987
 1.39538758]"
1774,"[0.74527536 1.43882534 1.58760155 1.62021011 1.62726992 1.6276125
 1.62606297 1.62406075 1.6220685  1.620231   1.61858216 1.61711677
 1.61581692 1.61466208 1.61363273 1.61271156 1.61188369 1.61113651
 1.61045935 1.60984322 1.60928051 1.60876476 1.60829048 1.60785298
 1.60744823]"
1775,"[0.44730846 1.15654987 1.31180232 1.36046025 1.3821022  1.3939885
 1.40141787 1.40647421 1.41012727 1.41288524 1.41503879 1.41676569
 1.41818054 1.41936048 1.42035922 1.42121536 1.42195727 1.42260629
 1.42317879 1.4236875  1.42414249 1.42455182 1.42492201 1.42525841
 1.42556543]"
1776,"[0.81229594 1.35902988 1.50427671 1.55854439 1.5846987  1.59960404
 1.60909092 1.61560903 1.62034273 1.62392719 1.62673098 1.62898163
 1.63082676 1.6323661  1.63366936 1.63478665 1.63575494 1.63660202
 1.63734922 1.63801316 1.63860696 1.63914116 1.63962427 1.64006326
 1.64046391]"
1777,"[0.97054599 1.38099568 1.47992307 1.51289203 1.52694588 1.53396653
 1.53787395 1.54022273 1.54171727 1.54271029 1.54339259 1.54387391
 1.54422057 1.54447435 1.54466247 1.54480322 1.54490917 1.54498918
 1.54504958 1.54509502 1.5451289  1.54515381 1.54517167 1.545184
 1.54519194]"
1778,"[0.72248798 1.32057108 1.42796282 1.46271141 1.47960501 1.48948095
 1.49589423 1.50036156 1.50363549 1.50612919 1.50808705 1.50966222
 1.5109552  1.51203452 1.51294838 1.51373166 1.51441015 1.51500334
 1.5155262  1.51599042 1.51640525 1.51677811 1.51711502 1.51742089
 1.51769979]"
1779,"[0.83206763 1.29211927 1.37624907 1.40105282 1.41196001 1.41798112
 1.42178574 1.42440759 1.42632529 1.42778989 1.42894564 1.42988128
 1.43065448 1.43130431 1.43185821 1.43233604 1.4327525  1.43311873
 1.43344333 1.43373303 1.43399318 1.43422809 1.43444128 1.43463562
 1.43481352]"
1780,"[0.81107935 1.3495327  1.45226036 1.48510441 1.50128622 1.51093918
 1.51731903 1.52182609 1.52516633 1.52773362 1.52976426 1.53140811
 1.53276455 1.53390193 1.53486871 1.53570016 1.53642256 1.53705583
 1.53761536 1.5381132  1.53855896 1.53896033 1.53932358 1.53965387
 1.53995546]"
1781,"[1.13401728 1.44338982 1.48848909 1.52071285 1.54189318 1.55590703
 1.5656556  1.57276755 1.57816275 1.58238636 1.58577811 1.5885594
 1.59088012 1.59284518 1.59453005 1.59599038 1.59726806 1.5983952
 1.59939684 1.60029277 1.60109884 1.60182789 1.60249043 1.60309514
 1.60364927]"
1782,"[0.64446177 1.2078599  1.3056169  1.33161115 1.34259792 1.34861123
 1.35241779 1.35505359 1.35699175 1.35847938 1.35965855 1.3606169
 1.36141157 1.36208143 1.3626539  1.36314888 1.36358116 1.363962
 1.36430009 1.36460226 1.36487397 1.36511961 1.36534277 1.3655464
 1.36573298]"
1783,"[0.81066792 1.33817529 1.38566278 1.38891256 1.3886585  1.38831213
 1.3881186  1.38803433 1.38801265 1.38802491 1.3880549  1.38809359
 1.38813595 1.38817915 1.38822164 1.38826259 1.38830159 1.38833848
 1.38837321 1.38840584 1.38843647 1.38846521 1.38849219 1.38851752
 1.38854133]"
1784,"[0.99602148 1.42781916 1.45446701 1.44359825 1.43406512 1.42760891
 1.42323376 1.42016281 1.41792509 1.4162392  1.41493235 1.41389459
 1.41305349 1.41235979 1.41177901 1.41128641 1.41086385 1.41049774
 1.41017772 1.4098958  1.40964568 1.40942238 1.40922188 1.40904091
 1.4088768 ]"
1785,"[0.67869975 1.35861771 1.45507432 1.48470398 1.49969679 1.50892124
 1.51518722 1.51971754 1.52314107 1.52581614 1.52796207 1.52972051
 1.53118697 1.53242809 1.53349179 1.53441334 1.53521931 1.53593005
 1.53656142 1.53712595 1.53763368 1.53809274 1.53850978 1.53889031
 1.5392389 ]"
1786,"[0.9225523  1.43796949 1.54149163 1.56936465 1.57977088 1.58460299
 1.58720694 1.58876741 1.58977908 1.59047556 1.59097812 1.59135465
 1.5916455  1.59187591 1.59206234 1.59221591 1.59234438 1.59245326
 1.59254662 1.59262749 1.59269816 1.59276042 1.59281566 1.59286498
 1.59290927]"
1787,"[1.07133973 1.41263075 1.45703523 1.45851088 1.45581118 1.45333117
 1.45143694 1.45001325 1.44892688 1.44808011 1.44740609 1.44685926
 1.44640811 1.44603037 1.44570999 1.44543517 1.44519707 1.44498894
 1.44480557 1.44464287 1.44449759 1.44436713 1.44424934 1.44414251
 1.44404519]"
1788,"[1.34324299 1.81458652 1.82660564 1.79345754 1.76548564 1.74488372
 1.72962209 1.71801453 1.70894338 1.70168194 1.69574843 1.69081455
 1.68665028 1.68309031 1.68001302 1.67732714 1.67496289 1.67286603
 1.67099384 1.66931218 1.66779346 1.66641518 1.66515877 1.66400879
 1.66295229]"
1789,"[0.78345679 1.47690331 1.57610004 1.58896885 1.58747464 1.58334283
 1.57909821 1.57530528 1.57203847 1.56924753 1.56685847 1.56480169
 1.56301852 1.5614613  1.56009178 1.55887933 1.55779926 1.55683163
 1.55596016 1.5551715  1.55445457 1.55380019 1.55320062 1.55264934
 1.55214081]"
1790,"[1.04104168 1.3705583  1.40412633 1.41780594 1.42583743 1.43088399
 1.43425737 1.43663633 1.438389   1.43972669 1.44077741 1.44162248
 1.44231566 1.44289377 1.4433828  1.44380154 1.44416393 1.44448047
 1.44475924 1.44500655 1.44522739 1.44542574 1.44560485 1.44576736
 1.44591546]"
1791,"[0.74016229 1.0834366  1.22875601 1.27369929 1.29190435 1.3007854
 1.30569661 1.30866359 1.31057671 1.31187328 1.31278714 1.3134519
 1.31394817 1.31432675 1.31462089 1.31485303 1.31503871 1.31518901
 1.3153119  1.31541332 1.31549767 1.31556834 1.31562792 1.31567843
 1.31572148]"
1792,"[0.35777068 0.69743836 0.90963807 0.98302916 1.01467312 1.03127492
 1.04127447 1.04790392 1.0526092  1.05611984 1.0588399  1.06101014
 1.06278261 1.06425797 1.06550552 1.06657448 1.06750082 1.06831143
 1.06902682 1.06966289 1.0702322  1.07074478 1.07120872 1.07163066
 1.07201608]"
1793,"[0.56179474 0.902586   1.07716041 1.12797587 1.14425692 1.14951711
 1.15085136 1.15070249 1.14999779 1.14911255 1.14820332 1.14733445
 1.14652991 1.14579566 1.14512981 1.14452723 1.14398178 1.14348726
 1.1430379  1.14262851 1.14225449 1.14191179 1.14159691 1.14130679
 1.14103877]"
1794,"[0.34588611 0.74262962 0.9277855  0.99070645 1.01825504 1.03301385
 1.04208472 1.04820337 1.05260788 1.05593166 1.05853056 1.06061949
 1.06233586 1.06377164 1.06499075 1.06603897 1.06695004 1.06774929
 1.06845619 1.06908592 1.06965048 1.07015953 1.07062088 1.07104094
 1.07142504]"
1795,"[0.38440021 0.99386131 1.20288349 1.2694086  1.29668271 1.31000819
 1.31734977 1.32175619 1.32457435 1.32646667 1.32778697 1.32873702
 1.32943812 1.32996646 1.33037168 1.33068713 1.33093582 1.33113403
 1.33129347 1.33142275 1.3315283  1.33161496 1.33168647 1.33174569
 1.3317949 ]"
1796,"[0.61094435 1.04902137 1.22716927 1.283481   1.30643168 1.31762982
 1.32382257 1.32757078 1.32999783 1.33165348 1.33283054 1.33369586
 1.33434982 1.33485565 1.33525469 1.33557486 1.33583557 1.33605061
 1.33623001 1.33638122 1.33650981 1.33662008 1.33671533 1.33679816
 1.33687064]"
1797,"[0.39903008 1.25049856 1.46295143 1.54014745 1.57591856 1.59569026
 1.60800915 1.61634641 1.62233457 1.62683076 1.63032433 1.63311357
 1.63539002 1.63728203 1.63887867 1.64024365 1.64142367 1.64245371
 1.64336053 1.64416488 1.64488313 1.64552833 1.64611106 1.64663994
 1.64712207]"
1798,"[0.01007775 0.68139694 0.92480693 1.00480953 1.03732075 1.05304269
 1.06171535 1.06699184 1.07044799 1.07284408 1.07458107 1.07588616
 1.07689582 1.07769607 1.07834339 1.07887615 1.07932118 1.07969776
 1.08002003 1.08029857 1.08054146 1.08075493 1.08094386 1.08111215
 1.08126292]"
1799,"[0.27926645 1.01120455 1.20255586 1.26452531 1.29074861 1.30403169
 1.31162805 1.3163623  1.3195069  1.32170039 1.32329086 1.32448082
 1.32539448 1.32611141 1.32668447 1.32714989 1.32753316 1.32785264
 1.32812182 1.32835082 1.3285473  1.3287172  1.32886514 1.32899479
 1.32910908]"
1800,"[0.6563694  1.16146954 1.28560858 1.31506875 1.32451008 1.32827606
 1.33002471 1.33092684 1.3314277  1.33172023 1.33189685 1.33200545
 1.33207241 1.33211306 1.33213665 1.33214897 1.33215373 1.33215339
 1.3321496  1.33214349 1.33213583 1.33212717 1.3321179  1.33210828
 1.33209851]"
1801,"[0.57655025 1.20475245 1.32241672 1.34876693 1.35484185 1.35529166
 1.35404007 1.35232343 1.35056571 1.34891274 1.3474076  1.3460543
 1.34484244 1.34375721 1.34278338 1.34190687 1.34111519 1.34039754
 1.33974461 1.33914848 1.33860236 1.33810043 1.3376377  1.33720988
 1.33681326]"
1802,"[0.58968912 1.21764983 1.35825185 1.39426285 1.40514919 1.40837502
 1.40889314 1.40838633 1.40749929 1.40649801 1.40549604 1.40454112
 1.40365132 1.40283105 1.40207848 1.40138911 1.40075753 1.40017817
 1.39964578 1.39915551 1.39870301 1.39828441 1.39789628 1.39753559
 1.39719966]"
1803,"[0.29239079 1.03319378 1.2242466  1.28387539 1.30832049 1.32032227
 1.32697084 1.33098105 1.33355652 1.33529179 1.33650582 1.33738129
 1.33802841 1.33851664 1.33889139 1.33918323 1.33941332 1.33959665
 1.33974403 1.33986342 1.33996076 1.34004055 1.34010625 1.34016053
 1.3402055 ]"
1804,"[0.57017586 1.27400687 1.44221451 1.50208936 1.52884009 1.54293842
 1.55129181 1.55667486 1.56036652 1.56302179 1.56500462 1.56653075
 1.56773491 1.56870495 1.56950023 1.57016213 1.57072025 1.57119627
 1.57160634 1.57196277 1.57227505 1.5725506  1.57279532 1.57301392
 1.57321025]"
1805,"[0.48300191 1.0108884  1.22488815 1.31315051 1.36083702 1.39026911
 1.41009606 1.42430916 1.43497738 1.44327143 1.4499005  1.45531817
 1.45982759 1.46363885 1.46690205 1.46972724 1.47219691 1.47437408
 1.47630775 1.47803655 1.47959137 1.48099718 1.48227441 1.48343991
 1.48450773]"
1806,"[0.48280922 1.0955147  1.2626794  1.31622035 1.34008724 1.35322632
 1.36146611 1.36709492 1.37117677 1.37426941 1.37669225 1.37864097
 1.380242   1.38158055 1.38271618 1.3836917  1.38453869 1.38528096
 1.38593676 1.38652037 1.38704308 1.38751392 1.38794026 1.38832812
 1.38868247]"
1807,"[0.48188716 1.0891431  1.27360864 1.34737012 1.38712652 1.41194511
 1.42886815 1.44112415 1.45039944 1.45765846 1.46349158 1.46827993
 1.47228031 1.47567193 1.47858362 1.4811103  1.48332348 1.485278
 1.48701664 1.48857324 1.48997495 1.49124376 1.4923977  1.49345167
 1.49441813]"
1808,"[0.72888406 1.25065135 1.33141254 1.34321713 1.34499454 1.34500203
 1.34468254 1.34433561 1.34402484 1.34375868 1.34353261 1.34333994
 1.34317454 1.34303137 1.3429064  1.34279647 1.34269906 1.34261218
 1.34253422 1.34246388 1.34240011 1.34234202 1.3422889  1.34224013
 1.34219519]"
1809,"[0.95264941 1.3535014  1.41380614 1.42058769 1.41994041 1.41857656
 1.4174491  1.41661637 1.41601083 1.41556658 1.41523555 1.41498473
 1.41479162 1.41464075 1.4145213  1.4144256  1.41434812 1.4142848
 1.41423262 1.41418929 1.41415307 1.41412261 1.41409686 1.41407499
 1.41405634]"
1810,"[0.40813258 1.19657276 1.3182149  1.34451634 1.3526678  1.3555831
 1.35662843 1.35691906 1.35688454 1.35670797 1.35647287 1.35621896
 1.35596546 1.3557215  1.3554911  1.35527569 1.35507533 1.35488943
 1.35471707 1.35455722 1.35440885 1.35427096 1.3541426  1.35402294
 1.35391118]"
1811,"[0.55128384 1.42482363 1.59006136 1.61180376 1.60904689 1.60207066
 1.59506792 1.58890657 1.58366207 1.57922365 1.57545387 1.57222969
 1.56945011 1.56703458 1.56491931 1.56305372 1.56139745 1.55991809
 1.5585894  1.55738994 1.55630206 1.55531114 1.55440495 1.55357322
 1.55280724]"
1812,"[0.58365974 1.3398472  1.42113947 1.42417464 1.42257187 1.42162209
 1.42125525 1.42118957 1.4212655  1.42140382 1.42156585 1.42173271
 1.42189533 1.42204961 1.4221939  1.42232789 1.42245187 1.42256644
 1.42267231 1.42277023 1.4228609  1.42294501 1.42302316 1.42309592
 1.42316377]"
1813,"[1.09065822 1.57079078 1.64481209 1.64141026 1.63060902 1.62095978
 1.61321592 1.60706276 1.60212067 1.59809021 1.59475243 1.59194896
 1.58956431 1.58751306 1.585731   1.58416913 1.58278949 1.58156225
 1.58046371 1.57947477 1.57857992 1.57776642 1.57702372 1.57634301
 1.57571686]"
1814,"[0.83214816 1.44586452 1.54846551 1.57626404 1.58674066 1.5913566
 1.59356175 1.59464701 1.59516758 1.59538705 1.59544007 1.59539936
 1.59530591 1.59518355 1.59504644 1.59490315 1.59475887 1.59461674
 1.59447859 1.59434549 1.59421796 1.59409621 1.59398025 1.59386995
 1.59376512]"
1815,"[1.0424721  1.55505828 1.66639496 1.7016069  1.71438435 1.71943543
 1.72145228 1.72215319 1.72224624 1.72205059 1.72171984 1.72133133
 1.72092506 1.72052187 1.72013242 1.71976185 1.71941223 1.71908394
 1.71877644 1.71848875 1.71821964 1.7179678  1.71773194 1.71751083
 1.71730329]"
1816,"[1.01585545 1.67526825 1.77455073 1.77848263 1.77015196 1.76158572
 1.75443959 1.74867658 1.74401889 1.74021072 1.73705459 1.73440398
 1.73215061 1.73021381 1.72853266 1.7270606  1.72576147 1.72460688
 1.72357425 1.72264541 1.72180559 1.72104267 1.72034663 1.7197091
 1.71912303]"
1817,"[0.99669392 1.56851981 1.60606591 1.60321369 1.5962838  1.58968675
 1.58409613 1.57946683 1.57562991 1.5724232  1.56971537 1.56740477
 1.56541357 1.56368194 1.56216355 1.56082216 1.55962909 1.5585614
 1.55760059 1.55673158 1.55594193 1.55522137 1.55456128 1.55395441
 1.55339462]"
1818,"[0.90872912 1.49536168 1.62862099 1.64911837 1.64736405 1.64122969
 1.63476771 1.62892769 1.62386164 1.61951075 1.61577073 1.61253963
 1.60972997 1.60726993 1.60510144 1.60317769 1.60146083 1.59992012
 1.59853041 1.59727098 1.59612466 1.59507711 1.59411625 1.5932319
 1.59241536]"
1819,"[0.43844897 1.44513851 1.58778874 1.59465281 1.58475405 1.5741307
 1.56514998 1.55786721 1.5519685  1.54714362 1.54314697 1.53979401
 1.53694738 1.53450429 1.53238697 1.53053584 1.52890468 1.52745715
 1.52616436 1.52500311 1.52395452 1.52300315 1.52213619 1.52134301
 1.52061464]"
1820,"[0.79996609 1.38416598 1.54538949 1.58009151 1.58565722 1.58382488
 1.58014398 1.57622563 1.57255376 1.56925277 1.5663271  1.56374303
 1.5614578  1.55943006 1.55762311 1.5560055  1.55455074 1.55323659
 1.5520444  1.55095849 1.54996567 1.54905473 1.54821617 1.54744184
 1.54672476]"
1821,"[0.96840607 1.56479771 1.67436879 1.67686602 1.66307055 1.64860149
 1.63607241 1.62562296 1.61693446 1.60965963 1.60350833 1.59825355
 1.59372058 1.58977486 1.58631201 1.58325027 1.58052492 1.57808418
 1.57588623 1.57389693 1.57208819 1.57043669 1.56892293 1.56753048
 1.56624541]"
1822,"[0.50713548 1.29391417 1.53615792 1.62417137 1.66363843 1.68441331
 1.69666043 1.70449536 1.70982322 1.71362091 1.71643075 1.71857348
 1.72024876 1.72158626 1.72267326 1.72357029 1.72432047 1.72495518
 1.72549776 1.72596586 1.72637301 1.72672977 1.72704448 1.72732377
 1.72757301]"
1823,"[0.36401838 1.09667475 1.30404761 1.37881642 1.41345495 1.43249354
 1.44424489 1.4521134  1.45770454 1.46185998 1.46505835 1.46758978
 1.46963947 1.4713307  1.4727485  1.47395326 1.474989   1.47588851
 1.4766767  1.4773728  1.47799189 1.47854595 1.47904463 1.47949577
 1.47990579]"
1824,"[0.80189456 1.31712352 1.45386673 1.49862558 1.51931133 1.5309913
 1.53842126 1.5435335  1.54725208 1.55007136 1.5522785  1.5540511
 1.55550465 1.55671734 1.55774392 1.55862381 1.55938612 1.56005276
 1.56064056 1.56116263 1.56162935 1.56204903 1.5624284  1.56277298
 1.56308732]"
1825,"[0.99841607 1.49615891 1.576334   1.58111832 1.5758235  1.57011437
 1.56534    1.56150491 1.5584206  1.55591066 1.55383919 1.55210592
 1.55063716 1.54937832 1.54828837 1.5473361  1.54649735 1.54575325
 1.54508881 1.54449201 1.54395312 1.54346417 1.54301857 1.54261084
 1.54223638]"
1826,"[0.71511867 1.62477225 1.71813828 1.7151643  1.70392406 1.69463343
 1.68781759 1.68284553 1.67914711 1.6763276  1.67412607 1.67236944
 1.67094082 1.66975943 1.66876817 1.6679258  1.66720191 1.66657367
 1.66602366 1.66553837 1.66510718 1.66472165 1.66437498 1.66406165
 1.66377711]"
1827,"[0.46323703 1.1667019  1.32196602 1.36939519 1.39038467 1.40192509
 1.4091552  1.41408797 1.41765983 1.42036199 1.42247579 1.42417354
 1.42556651 1.4267297  1.42771542 1.42856127 1.42929497 1.42993737
 1.43050447 1.43100875 1.43146008 1.43186637 1.43223402 1.43256829
 1.43287353]"
1828,"[0.91520678 1.38171025 1.50926239 1.55861577 1.58297311 1.59706188
 1.60611279 1.61236761 1.61692645 1.62038591 1.62309515 1.62527111
 1.62705524 1.62854344 1.62980295 1.63088222 1.63181702 1.6326343
 1.63335474 1.63399447 1.63456624 1.63508027 1.63554484 1.63596671
 1.63635149]"
1829,"[0.82882521 1.23911804 1.36862586 1.40862461 1.42608889 1.43547862
 1.44123116 1.44507865 1.44781763 1.44985992 1.45143796 1.45269209
 1.45371177 1.45455652 1.45526744 1.45587377 1.45639687 1.45685266
 1.45725328 1.45760813 1.4579246  1.45820856 1.45846477 1.45869708
 1.45890868]"
1830,"[1.04010298 1.5013137  1.57649339 1.59037509 1.59283436 1.5924746
 1.59135506 1.59008265 1.58885233 1.58772379 1.58670879 1.58580202
 1.58499271 1.58426907 1.58362004 1.58303579 1.58250781 1.58202882
 1.58159266 1.58119404 1.58082849 1.58049218 1.58018182 1.57989459
 1.57962804]"
1831,"[0.2971416  1.22015657 1.41605448 1.48382868 1.51817562 1.53882268
 1.55254636 1.56230375 1.56958562 1.57522228 1.57971172 1.58337015
 1.58640778 1.58896968 1.59115912 1.59305156 1.59470344 1.59615778
 1.59744792 1.59860014 1.59963538 1.60057057 1.60141952 1.60219361
 1.60290233]"
1832,"[0.99250121 1.38793036 1.43618844 1.44148994 1.44271054 1.44338766
 1.44391745 1.44436138 1.44473838 1.44506048 1.44533737 1.44557702
 1.44578589 1.44596919 1.44613112 1.44627506 1.44640375 1.44651942
 1.44662391 1.44671872 1.44680512 1.44688416 1.44695672 1.44702357
 1.44708534]"
1833,"[0.65411073 1.31246765 1.40165006 1.42245914 1.43047876 1.43464374
 1.43721672 1.43898239 1.44027914 1.44127703 1.44207141 1.44272024
 1.44326103 1.44371918 1.4441126  1.44445429 1.44475396 1.44501899
 1.44525512 1.44546687 1.44565787 1.44583103 1.44598878 1.44613307
 1.44626559]"
1834,"[1.00466166 1.76586222 1.77776785 1.73743774 1.7026818  1.67621912
 1.65610302 1.64052468 1.62820117 1.61825628 1.61008747 1.60327269
 1.59751001 1.59257894 1.58831529 1.58459468 1.58132131 1.57842035
 1.57583255 1.57351046 1.57141563 1.56951663 1.5677875  1.56620665
 1.56475595]"
1835,"[1.04562007 1.6764199  1.71323522 1.68936832 1.66427221 1.64396906
 1.62806345 1.61551937 1.6054732  1.59729329 1.59052827 1.58485408
 1.5800348  1.57589593 1.57230622 1.56916542 1.56639583 1.56393639
 1.56173854 1.55976323 1.55797871 1.55635893 1.55488233 1.55353092
 1.55228956]"
1836,"[1.08280128 1.64627258 1.70794151 1.70075664 1.68863658 1.67877344
 1.67131695 1.66566    1.66128367 1.65782353 1.65503148 1.6527374
 1.65082243 1.64920175 1.64781355 1.64661191 1.64556207 1.64463728
 1.64381668 1.64308374 1.64242523 1.64183045 1.64129062 1.6407985
 1.64034807]"
1837,"[1.10519944 1.35604937 1.4642063  1.50783302 1.52873138 1.54059522
 1.54814468 1.55334026 1.55712274 1.55999466 1.56224717 1.56405997
 1.56554973 1.56679538 1.56785215 1.56875984 1.56954784 1.57023829
 1.57084823 1.57139093 1.57187691 1.57231461 1.57271087 1.57307131
 1.57340056]"
1838,"[0.99403063 1.43380444 1.50323398 1.52407911 1.53936925 1.5515389
 1.56107772 1.56858152 1.57456616 1.57941817 1.58341561 1.58675783
 1.58958923 1.59201599 1.59411748 1.59595398 1.59757199 1.59900788
 1.60029046 1.60144282 1.60248369 1.6034284  1.60428959 1.60507781
 1.60580192]"
1839,"[0.78824898 1.29805646 1.40990236 1.45170365 1.4732316  1.48614726
 1.49466367 1.50066044 1.50509246 1.50849178 1.51117644 1.51334739
 1.51513742 1.51663759 1.51791231 1.51900837 1.51996056 1.52079523
 1.5215327  1.52218891 1.52277651 1.52330564 1.52378459 1.52422012
 1.52461785]"
1840,"[0.79483749 1.35368578 1.48707617 1.52158901 1.53294828 1.5372232
 1.53886998 1.53941635 1.53946823 1.53929152 1.53901139 1.53868961
 1.53835742 1.5380307  1.53771728 1.53742071 1.53714221 1.53688173
 1.53663861 1.53641184 1.53620029 1.5360028  1.53581827 1.53564561
 1.53548386]"
1841,"[0.8507728  1.33275695 1.40952682 1.42873482 1.43628062 1.44011524
 1.4423896  1.44388134 1.4449305  1.44570686 1.44630387 1.44677694
 1.44716092 1.44747873 1.4477461  1.44797414 1.44817093 1.44834249
 1.44849336 1.44862709 1.44874644 1.44885361 1.44895038 1.44903819
 1.44911823]"
1842,"[0.76016312 1.36551085 1.50619385 1.54197775 1.55515054 1.56136824
 1.56483241 1.56699767 1.56846732 1.5695273  1.57032772 1.57095395
 1.57145783 1.57187247 1.57222004 1.57251585 1.57277088 1.57299317
 1.57318877 1.57336229 1.57351734 1.57365677 1.57378287 1.57389749
 1.57400215]"
1843,"[0.94628819 1.38772726 1.48736577 1.52505213 1.54433503 1.55588437
 1.56350843 1.56888836 1.57287398 1.57593805 1.5783632  1.58032818
 1.58195128 1.58331376 1.58447317 1.5854714  1.58633964 1.58710155
 1.58777542 1.58837558 1.58891344 1.58939816 1.58983721 1.59023674
 1.59060182]"
1844,"[1.09547522 1.48228141 1.55579716 1.57902813 1.59028509 1.59698967
 1.60145646 1.60465114 1.6070516  1.60892229 1.61042169 1.61165066
 1.61267649 1.6135458  1.61429196 1.61493946 1.61550667 1.61600769
 1.61645347 1.61685269 1.61721229 1.6175379  1.61783412 1.61810476
 1.61835301]"
1845,"[1.23044939 1.85087924 1.83739396 1.77927363 1.7332312  1.69936716
 1.67412605 1.65482874 1.63970305 1.62758183 1.61768042 1.60945769
 1.6025309  1.59662303 1.59152926 1.58709531 1.58320297 1.57976027
 1.57669469 1.5739483  1.57147436 1.5692347  1.56719791 1.56533791
 1.56363285]"
1846,"[0.52286021 1.13714337 1.30684179 1.37334152 1.40720463 1.42742088
 1.44077829 1.45023588 1.45727433 1.46271239 1.46703819 1.47056028
 1.47348305 1.47594714 1.47805248 1.47987196 1.48146004 1.48285815
 1.48409842 1.48520614 1.48620144 1.48710061 1.48791692 1.48866131
 1.48934288]"
1847,"[1.02273611 1.22662434 1.32794534 1.38934412 1.42411573 1.44575735
 1.46035693 1.47081574 1.47865455 1.48473812 1.4895915  1.49355077
 1.49684056 1.49961644 1.5019895  1.50404109 1.50583211 1.50740906
 1.50880802 1.51005742 1.51117996 1.51219397 1.51311444 1.5139537
 1.51472203]"
1848,"[0.38487907 1.06273141 1.25003452 1.3295585  1.37295501 1.40011712
 1.41866293 1.43210949 1.44229636 1.45027624 1.45669393 1.46196599
 1.46637331 1.47011205 1.47332335 1.47611127 1.47855424 1.48071246
 1.48263292 1.48435281 1.48590195 1.48730456 1.48858046 1.48974607
 1.49081509]"
1849,"[0.39278421 1.05497565 1.22663138 1.28858676 1.31886021 1.33647895
 1.34791385 1.35590181 1.36178374 1.36628923 1.36984765 1.37272748
 1.37510495 1.37710037 1.3787986  1.38026119 1.38153384 1.38265119
 1.38363995 1.38452106 1.38531114 1.38602359 1.38666929 1.38725717
 1.38779467]"
1850,"[0.48696063 1.05599245 1.21562488 1.2774273  1.30899974 1.32793113
 1.34048385 1.34939507 1.35603974 1.36118096 1.36527507 1.36861129
 1.37138159 1.37371834 1.37571568 1.3774424  1.37894991 1.38027738
 1.3814552  1.3825073  1.38345275 1.38430697 1.38508255 1.38578985
 1.3864375 ]"
1851,"[0.38626327 1.10619113 1.2478829  1.29784982 1.32273781 1.33755035
 1.34735567 1.35431909 1.35951702 1.36354407 1.36675513 1.36937501
 1.37155299 1.37339203 1.37496545 1.37632686 1.37751636 1.37856455
 1.37949518 1.38032696 1.38107484 1.38175089 1.38236498 1.38292525
 1.38343847]"
1852,"[0.57019969 1.17085077 1.29285152 1.33679155 1.35877499 1.37181829
 1.38040495 1.38646758 1.39096876 1.39443929 1.39719497 1.39943505
 1.40129131 1.40285427 1.40418814 1.40533972 1.4063439  1.40722721
 1.4080102  1.40870902 1.40933651 1.40990306 1.41041711 1.41088564
 1.41131443]"
1853,"[0.50674111 1.03589297 1.20116743 1.26647264 1.30013907 1.32041729
 1.333896   1.34347829 1.35062968 1.35616611 1.36057662 1.36417161
 1.36715732 1.36967608 1.37182919 1.37369069 1.37531593 1.37674713
 1.378017   1.37915134 1.3801707  1.3810917  1.3819279  1.38269049
 1.38338876]"
1854,"[0.41331684 1.08955331 1.28630597 1.36442083 1.40443923 1.42837727
 1.44419124 1.45537484 1.46368408 1.47009235 1.47518059 1.47931612
 1.48274218 1.48562604 1.4880864  1.49020981 1.49206081 1.49368848
 1.49513083 1.4964177  1.4975729  1.4986156  1.49956144 1.50042328
 1.50121182]"
1855,"[0.89139589 1.30861296 1.41156216 1.45506881 1.47824688 1.49229229
 1.50158786 1.50814373 1.51299267 1.51671318 1.51965207 1.52202881
 1.52398856 1.52563096 1.52702649 1.52822639 1.52926872 1.53018237
 1.53098958 1.53170781 1.53235089 1.53292997 1.53345409 1.53393068
 1.53436589]"
1856,"[0.37149584 1.08951609 1.29907376 1.38594471 1.43168231 1.45956694
 1.4782532  1.49161699 1.50163631 1.50942133 1.51564159 1.52072424
 1.52495434 1.52852928 1.53158999 1.53423978 1.53655605 1.53859795
 1.54041143 1.54203275 1.54349087 1.54480923 1.54600699 1.54709995
 1.54810129]"
1857,"[0.57913845 1.08041456 1.25266112 1.33092569 1.374238   1.40147688
 1.42011529 1.43364462 1.44390126 1.45193938 1.45840587 1.46371917
 1.46816166 1.4719307  1.47516832 1.47797931 1.48044263 1.48261894
 1.48455557 1.48629    1.48785229 1.48926683 1.49055361 1.49172918
 1.49280736]"
1858,"[0.77515095 1.25720669 1.35674309 1.39521027 1.41552843 1.42805917
 1.43654302 1.44265999 1.44727554 1.4508801  1.45377202 1.45614305
 1.45812195 1.45979837 1.46123659 1.46248394 1.46357598 1.46453998
 1.46539719 1.4661644  1.46685506 1.46748007 1.46804836 1.46856731
 1.46904308]"
1859,"[0.87091807 1.29117033 1.36650916 1.39686196 1.41285887 1.42268759
 1.42933271 1.43412411 1.43774199 1.44057015 1.44284153 1.44470569
 1.44626305 1.44758354 1.44871732 1.44970137 1.45056348 1.45132497
 1.45200249 1.45260919 1.45315562 1.45365032 1.4541003  1.45451137
 1.45488837]"
1860,"[0.68916417 1.14302909 1.27423834 1.323156   1.34737766 1.36165638
 1.37103953 1.37766938 1.3826011  1.38641269 1.38944683 1.3919194
 1.39397316 1.39570625 1.39718837 1.39847037 1.39959024 1.40057692
 1.40145285 1.40223569 1.40293953 1.40357577 1.4041537  1.40468098
 1.405164  ]"
1861,"[0.6444026  1.29959163 1.4187872  1.45401955 1.46868639 1.47623241
 1.48068909 1.48358248 1.48559305 1.4870628  1.48817995 1.48905566
 1.4897594  1.49033662 1.49081822 1.49122589 1.49157527 1.49187793
 1.49214258 1.4923759  1.49258311 1.49276834 1.49293489 1.49308543
 1.49322216]"
1862,"[0.5729666  1.24882415 1.39719779 1.45583944 1.48684575 1.50590991
 1.51878396 1.52805114 1.5350372  1.54049057 1.54486512 1.54845185
 1.55144584 1.55398273 1.55615973 1.55804833 1.55970225 1.56116267
 1.56246167 1.5636246  1.56467178 1.56561967 1.56648175 1.56726917
 1.56799122]"
1863,"[0.95175709 1.25127993 1.38211084 1.43819334 1.46642067 1.48292189
 1.49360043 1.50102021 1.50645084 1.51058562 1.51383253 1.51644622
 1.51859332 1.52038722 1.52190759 1.523212   1.52434303 1.52533282
 1.52620609 1.52698213 1.52767622 1.52830062 1.52886526 1.52937829
 1.52984644]"
1864,"[0.61985101 1.09354148 1.23449353 1.28920705 1.31679134 1.33313732
 1.34387721 1.35144829 1.357063   1.36138853 1.36482104 1.36761007
 1.36992043 1.37186524 1.37352467 1.37495708 1.37620599 1.37730447
 1.3782781  1.379147   1.37992718 1.38063155 1.38127063 1.38185309
 1.38238614]"
1865,"[0.45749036 1.04259946 1.20629438 1.26836845 1.29976664 1.3184894
 1.33085944 1.33961906 1.3461387  1.35117612 1.35518318 1.35844558
 1.36115265 1.36343469 1.36538429 1.36706901 1.36853931 1.36983359
 1.37098165 1.3720069  1.37292803 1.37376011 1.37451544 1.37520417
 1.37583473]"
1866,"[0.70358074 1.18593506 1.31683468 1.37745719 1.41193435 1.43404711
 1.44938791 1.46063504 1.46922535 1.47599645 1.4814686  1.48598158
 1.48976649 1.4929859  1.49575744 1.4981683  1.50028445 1.50215673
 1.50382493 1.50532064 1.50666928 1.50789149 1.50900423 1.51002157
 1.51095526]"
1867,"[0.40601794 1.04788249 1.21000797 1.270245   1.30032432 1.31809791
 1.32976135 1.33797722 1.3440665  1.34875524 1.35247425 1.35549481
 1.35799598 1.36010065 1.36189588 1.36344504 1.36479535 1.3659827
 1.36703485 1.36797361 1.36881633 1.36957701 1.37026705 1.37089585
 1.3714712 ]"
1868,"[0.8916325  1.28601877 1.4003995  1.4597904  1.494503   1.51666445
 1.53187141 1.5428978  1.55123754 1.55775635 1.56298726 1.56727518
 1.57085264 1.57388191 1.57647952 1.57873129 1.58070177 1.58244042
 1.58398579 1.58536834 1.58661247 1.58773793 1.58876091 1.58969477
 1.59055066]"
1869,"[0.76137129 1.31769285 1.43836029 1.48160216 1.50162138 1.51255785
 1.51924305 1.52366855 1.52677591 1.52905827 1.53079514 1.53215515
 1.53324529 1.53413634 1.53487679 1.53550084 1.53603326 1.53649237
 1.53689199 1.53724272 1.53755284 1.53782888 1.53807604 1.53829857
 1.53849989]"
1870,"[0.85841299 1.32626658 1.38903403 1.40746177 1.41663429 1.42221644
 1.42597791 1.42868188 1.43071697 1.43230258 1.43357197 1.43461064
 1.43547595 1.43620777 1.43683464 1.43737756 1.43785228 1.43827084
 1.43864264 1.43897507 1.43927405 1.43954439 1.43979001 1.44001413
 1.44021947]"
1871,"[0.96242964 1.39454526 1.49010019 1.53402295 1.55754883 1.57166039
 1.58089037 1.58732993 1.59204778 1.59563786 1.59845329 1.60071576
 1.60257086 1.60411779 1.60542635 1.60654695 1.60751686 1.60836421
 1.6091106  1.60977287 1.61036434 1.6108957  1.61137558 1.61181106
 1.61220799]"
1872,"[0.52043652 1.13445242 1.27321762 1.32071435 1.34355725 1.35681334
 1.365429   1.37146441 1.37592249 1.37934782 1.38206088 1.38426232
 1.38608406 1.38761634 1.38892294 1.39005024 1.39103271 1.39189656
 1.392662   1.39334495 1.39395803 1.39451144 1.39501348 1.39547098
 1.39588962]"
1873,"[0.71443739 1.22571994 1.3623846  1.41743781 1.44581105 1.46281973
 1.47406139 1.48200928 1.48791083 1.4924588  1.49606708 1.49899745
 1.50142324 1.50346366 1.50520328 1.5067037  1.50801086 1.50915967
 1.51017717 1.51108456 1.51189873 1.51263332 1.5132994  1.51390611
 1.51446103]"
1874,"[0.60025825 1.20211479 1.3246825  1.36590965 1.38561971 1.39701529
 1.40440468 1.40957381 1.4133888  1.41631856 1.41863846 1.42052062
 1.42207808 1.42338807 1.42450519 1.42546907 1.42630919 1.42704793
 1.4277026  1.42828676 1.42881122 1.42928468 1.42971424 1.43010572
 1.43046398]"
1875,"[0.81056753 1.34285776 1.41838697 1.44905268 1.46749644 1.47973484
 1.48835168 1.4947032  1.49955896 1.503382   1.50646507 1.50900129
 1.51112267 1.51292232 1.51446765 1.5158086  1.51698294 1.5180197
 1.5189416  1.51976663 1.52050922 1.5211811  1.52179185 1.52234945
 1.5228605 ]"
1876,"[0.85401895 1.28396453 1.39782848 1.4462764  1.47202342 1.48766392
 1.49805872 1.50542266 1.51089231 1.51510524 1.51844458 1.52115349
 1.52339328 1.52527499 1.5268774  1.52825794 1.52945937 1.5305142
 1.53144755 1.53227916 1.53302472 1.53369685 1.53430585 1.53486018
 1.53536685]"
1877,"[0.72688594 1.23457947 1.32065228 1.34866191 1.36251516 1.37078706
 1.37627877 1.38018605 1.38310596 1.38536966 1.38717542 1.38864912
 1.38987445 1.3909092  1.39179456 1.39256066 1.39323005 1.39381992
 1.39434365 1.39481176 1.39523265 1.39561311 1.39595872 1.39627403
 1.39656287]"
1878,"[0.7780505  1.3358141  1.4042271  1.41429468 1.41776175 1.41970233
 1.42102327 1.42200312 1.42276515 1.42337658 1.42387861 1.42429835
 1.42465455 1.42496061 1.42522641 1.4254594  1.42566527 1.4258485
 1.42601262 1.42616045 1.42629431 1.42641609 1.42652734 1.42662936
 1.42672327]"
1879,"[0.98734136 1.3529138  1.48025334 1.52109493 1.53900212 1.54851477
 1.55422342 1.55794871 1.56053264 1.56240993 1.56382431 1.56492156
 1.56579347 1.56650035 1.56708325 1.56757097 1.56798423 1.56833828
 1.56864455 1.56891179 1.56914678 1.56935483 1.56954019 1.56970627
 1.56985585]"
1880,"[0.78307246 1.45743012 1.57841494 1.60390113 1.61217886 1.61592815
 1.6180614  1.61946902 1.62048983 1.62127676 1.62190883 1.62243138
 1.62287266 1.62325145 1.62358082 1.62387028 1.62412692 1.62435618
 1.62456234 1.6247488  1.62491829 1.62507306 1.62521498 1.62534561
 1.62546624]"
1881,"[0.89240094 1.38594845 1.47430046 1.50246436 1.51569984 1.523208
 1.52796707 1.53121684 1.53355875 1.5353168  1.53667958 1.53776361
 1.53864443 1.53937296 1.53998468 1.54050501 1.54095257 1.54134136
 1.54168201 1.54198279 1.54225019 1.54248939 1.54270455 1.54289908
 1.54307577]"
1882,"[1.15531875 1.44467937 1.46645738 1.47408967 1.48215764 1.48923554
 1.49503204 1.49972314 1.50354432 1.50669423 1.50932464 1.51154866
 1.51345062 1.51509394 1.51652693 1.51778683 1.51890277 1.51989778
 1.52079029 1.52159522 1.52232475 1.52298892 1.52359608 1.52415323
 1.52466626]"
1883,"[1.32180856 1.61788858 1.66156425 1.65823441 1.64960571 1.64164865
 1.63506046 1.62968913 1.62528387 1.62162924 1.61855951 1.61595038
 1.61370855 1.61176341 1.61006084 1.60855885 1.60722444 1.60603137
 1.60495853 1.60398878 1.60310805 1.60230471 1.60156905 1.60089291
 1.60026938]"
1884,"[1.00221457 1.43788505 1.51729918 1.53898388 1.5502363  1.55777559
 1.56329216 1.56751068 1.5708351  1.57351722 1.57572336 1.57756777
 1.57913133 1.5804728  1.58163581 1.58265338 1.58355094 1.58434835
 1.58506137 1.58570263 1.58628238 1.58680901 1.58728948 1.58772956
 1.58813412]"
1885,"[0.95848917 1.37855311 1.48673405 1.52853195 1.54818203 1.55890424
 1.56540964 1.56967187 1.57262989 1.5747762  1.57638954 1.57763753
 1.57862605 1.57942478 1.58008116 1.58062848 1.58109067 1.5814853
 1.58182559 1.58212156 1.58238101 1.58261004 1.5828135  1.58299529
 1.58315856]"
1886,"[1.00069107 1.46578023 1.43545532 1.41578201 1.41084866 1.411103
 1.41285217 1.41489127 1.4168417  1.41859861 1.42014902 1.42150947
 1.42270401 1.42375647 1.42468804 1.42551677 1.42625776 1.42692356
 1.42752461 1.42806961 1.42856583 1.42901937 1.42943541 1.42981833
 1.43017185]"
1887,"[1.06427016 1.45014008 1.53181826 1.5586571  1.56898361 1.57355303
 1.57576531 1.57688787 1.57746097 1.5777394  1.57785289 1.57787153
 1.57783494 1.57776633 1.57767967 1.57758352 1.57748319 1.57738202
 1.57728205 1.57718455 1.57709025 1.57699957 1.57691268 1.57682964
 1.57675039]"
1888,"[0.73670473 1.22589691 1.3332557  1.36851969 1.38570013 1.39589652
 1.40265939 1.40747642 1.4110828  1.41388428 1.41612338 1.417954
 1.41947859 1.42076795 1.42187261 1.42282961 1.42366668 1.42440504
 1.42506117 1.42564808 1.42617617 1.42665386 1.42708804 1.42748439
 1.42784764]"
1889,"[0.93704297 1.75997849 1.91998698 1.95647432 1.96517969 1.96651635
 1.96573758 1.96439842 1.96299615 1.96168889 1.96051819 1.95948479
 1.95857601 1.95777598 1.95706937 1.95644258 1.95588398 1.95538379
 1.95493383 1.95452724 1.95415831 1.95382223 1.95351492 1.95323294
 1.95297338]"
1890,"[0.64031917 1.21272541 1.38146    1.43864009 1.46425376 1.47814658
 1.48666388 1.49234045 1.49635847 1.49933426 1.50161714 1.50341836
 1.5048725  1.50606899 1.50706938 1.50791735 1.50864463 1.50927487
 1.50982594 1.51031167 1.51074287 1.51112809 1.51147423 1.51178688
 1.51207061]"
1891,"[0.68015059 0.95650711 1.16167186 1.23279578 1.26331058 1.2791011
 1.28842737 1.29447478 1.29867118 1.30173487 1.30406092 1.30588244
 1.30734492 1.30854351 1.30954281 1.31038813 1.31111215 1.31173897
 1.31228677 1.31276948 1.31319797 1.31358082 1.31392491 1.3142358
 1.31451806]"
1892,"[0.6181004  1.1829736  1.29785923 1.33210097 1.34754941 1.35627767
 1.36188401 1.36579046 1.36866929 1.37087936 1.37262975 1.37405052
 1.37522686 1.37621691 1.3770617  1.37779105 1.37842711 1.37898672
 1.37948289 1.37992583 1.38032367 1.38068298 1.38100908 1.38130639
 1.38157856]"
1893,"[0.97382042 1.27134517 1.30438214 1.31846578 1.32568227 1.33013382
 1.33319921 1.33545467 1.33718922 1.33856662 1.33968764 1.34061806
 1.3414028  1.34207364 1.34265371 1.34316028 1.34360647 1.34400248
 1.3443563  1.34467435 1.34496177 1.3452228  1.34546089 1.34567895
 1.3458794 ]"
1894,"[0.75280949 1.46536326 1.5782217  1.60519396 1.61512677 1.62027595
 1.62361795 1.62608126 1.62802718 1.62962659 1.63097425 1.63212943
 1.63313238 1.63401208 1.63479021 1.63548351 1.63610514 1.63666564
 1.63717358 1.63763596 1.63805864 1.63844647 1.63880357 1.63913343
 1.63943904]"
1895,"[0.92178924 1.34798087 1.45845371 1.49844276 1.51626925 1.52556174
 1.53097096 1.53438159 1.53666493 1.53826626 1.53943161 1.54030558
 1.54097759 1.54150528 1.54192714 1.54226965 1.54255153 1.54278626
 1.5429838  1.5431516  1.54329536 1.54341944 1.5435273  1.54362163
 1.54370461]"
1896,"[0.74647429 1.17642997 1.27226503 1.31446586 1.33634881 1.34942618
 1.35805458 1.36415468 1.36868881 1.37218854 1.37497031 1.37723385
 1.37911128 1.38069343 1.38204477 1.38321229 1.38423107 1.3851278
 1.38592314 1.38663336 1.38727142 1.38784777 1.38837095 1.38884799
 1.38928473]"
1897,"[0.80813272 1.17565324 1.30391604 1.34997778 1.3723993  1.38542457
 1.39386836 1.39976164 1.40409802 1.40741761 1.41003803 1.41215776
 1.41390701 1.41537462 1.41662326 1.41769832 1.41863353 1.41945441
 1.42018067 1.42082772 1.42140782 1.42193083 1.42240477 1.4228362
 1.42323061]"
1898,"[0.38291313 1.21101094 1.39159141 1.4486319  1.47410922 1.48795649
 1.49646284 1.50214077 1.50616431 1.50914671 1.51143613 1.51324341
 1.51470302 1.51590439 1.51690912 1.51776093 1.51849165 1.51912493
 1.51967875 1.52016695 1.52060037 1.52098761 1.52133559 1.52164991
 1.52193517]"
1899,"[0.51912272 1.20893129 1.38236145 1.44034078 1.46676575 1.48129169
 1.49028495 1.49632375 1.50062362 1.50382366 1.50628859 1.50824021
 1.50982053 1.51112427 1.51221689 1.51314496 1.51394245 1.51463468
 1.51524091 1.51577601 1.51625165 1.51667708 1.51705978 1.51740579
 1.51772011]"
1900,"[0.99962711 1.40518487 1.49950362 1.53088423 1.54572983 1.55429739
 1.55988318 1.56382758 1.56677111 1.56905764 1.57088846 1.57238951
 1.57364377 1.57470827 1.57562357 1.5764193  1.57711769 1.57773574
 1.57828666 1.5787809  1.57922685 1.5796313  1.57999981 1.580337
 1.58064671]"
1901,"[0.79743037 1.2884573  1.39545034 1.42825836 1.4426461  1.45046355
 1.45531233 1.45859488 1.46095779 1.46273728 1.46412438 1.46523536
 1.46614485 1.46690292 1.46754435 1.46809407 1.46857039 1.46898705
 1.46935459 1.46968119 1.46997331 1.47023615 1.47047388 1.47068993
 1.47088714]"
1902,"[0.50755917 1.1540364  1.31237293 1.37498974 1.40848294 1.42930693
 1.44348512 1.45375025 1.46152047 1.46760402 1.47249481 1.47651144
 1.47986854 1.4827159  1.48516123 1.48728392 1.48914379 1.49078673
 1.49224857 1.49355764 1.49473669 1.49580415 1.49677513 1.49766214
 1.49847561]"
1903,"[0.51706297 1.3090224  1.49450902 1.54868118 1.57151318 1.58356755
 1.59088956 1.59577077 1.5992445  1.60183804 1.60384643 1.60544682
 1.60675175 1.60783598 1.60875107 1.60953374 1.61021077 1.61080222
 1.61132335 1.61178601 1.61219953 1.61257134 1.61290746 1.6132128
 1.61349141]"
1904,"[0.67214622 1.25398416 1.40243753 1.4607757  1.49101144 1.50924227
 1.5213453  1.52993198 1.53632596 1.54126519 1.54519192 1.54838661
 1.55103539 1.55326649 1.55517107 1.55681564 1.55824985 1.55951151
 1.56062991 1.56162807 1.56252435 1.56333355 1.56406774 1.56473689
 1.56534924]"
1905,"[0.62277505 1.19380499 1.37960333 1.4582676  1.49977848 1.52494511
 1.54167514 1.55354015 1.5623653  1.56917259 1.57457586 1.57896481
 1.58259811 1.58565396 1.58825891 1.59050526 1.59246187 1.59418109
 1.59570343 1.59706074 1.59827835 1.59937668 1.60037239 1.60127916
 1.60210836]"
1906,"[0.46041932 1.04874045 1.21014235 1.27280007 1.30480624 1.32395639
 1.33662173 1.34559124 1.35226515 1.35741947 1.36151748 1.36485229
 1.36761812 1.36994865 1.37193884 1.37365797 1.37515775 1.37647756
 1.3776479  1.37869275 1.37963124 1.3804788  1.38124801 1.38194924
 1.38259112]"
1907,"[0.49252229 1.06579031 1.20602353 1.25760103 1.283866   1.29973354
 1.31035095 1.31795281 1.32366379 1.32811127 1.33167276 1.33458901
 1.3370208  1.33907957 1.34084505 1.34237573 1.34371552 1.34489805
 1.34594946 1.34689041 1.34773744 1.34850394 1.34920088 1.34983731
 1.35042078]"
1908,"[0.50429901 1.06482186 1.22633085 1.28873913 1.32065871 1.33979347
 1.35246618 1.3614488  1.36813596 1.373302   1.3774099  1.3807529
 1.38352547 1.38586153 1.38785628 1.38957918 1.3910821  1.39240452
 1.39357704 1.39462372 1.39556375 1.39641261 1.39718292 1.39788509
 1.39852776]"
1909,"[0.74671403 1.00438245 1.24855098 1.34195777 1.3892833  1.41765858
 1.43651658 1.44994137 1.45997867 1.46776389 1.47397694 1.4790495
 1.48326869 1.48683283 1.48988329 1.49252353 1.49483098 1.49686479
 1.49867086 1.50028538 1.50173727 1.50304991 1.50424239 1.5053305
 1.50632734]"
1910,"[0.79500011 1.20681159 1.34893651 1.40673679 1.43582902 1.45293384
 1.46408247 1.47188447 1.47763302 1.48203636 1.48551296 1.48832517
 1.49064543 1.49259159 1.49424682 1.49567147 1.49691033 1.49799736
 1.49895873 1.49981496 1.50058233 1.50127396 1.50190048 1.50247066
 1.50299174]"
1911,"[0.68501728 1.38434657 1.53616879 1.57968273 1.59720227 1.605986
 1.61106403 1.61430151 1.61651637 1.6181138  1.61931389 1.62024506
 1.62098671 1.62159024 1.62209028 1.62251093 1.62286944 1.62317845
 1.62344742 1.62368359 1.62389255 1.6240787  1.62424555 1.62439593
 1.62453216]"
1912,"[1.02025903 1.43737322 1.55860144 1.58782601 1.59717166 1.60074668
 1.60224999 1.60289657 1.60315385 1.60322321 1.60319895 1.603128
 1.60303477 1.60293232 1.60282773 1.60272486 1.60262573 1.60253133
 1.60244206 1.60235799 1.60227898 1.60220481 1.6021352  1.60206984
 1.60200844]"
1913,"[0.79351929 1.18993561 1.34889516 1.40143223 1.42578374 1.43949375
 1.44818904 1.45415963 1.45849731 1.461784   1.46435656 1.46642279
 1.46811754 1.46953197 1.47072981 1.47175697 1.47264729 1.47342625
 1.47411341 1.47472403 1.47527015 1.47576145 1.47620576 1.47660948
 1.47697792]"
1914,"[0.58455864 1.32585627 1.47353563 1.5171867  1.53563934 1.54517936
 1.55077563 1.55435405 1.55678996 1.55852879 1.55981721 1.56080102
 1.56157106 1.56218642 1.56268689 1.56310015 1.5634459  1.56373854
 1.56398875 1.56420465 1.56439244 1.564557   1.56470216 1.56483096
 1.5649459 ]"
1915,"[0.42004365 1.26875604 1.44734834 1.50521811 1.53133392 1.54554521
 1.55425696 1.56005339 1.56414664 1.56717032 1.56948392 1.57130479
 1.57277129 1.57397523 1.57497974 1.57582953 1.57655705 1.57718641
 1.57773585 1.57821942 1.5786481  1.57903059 1.57937385 1.57968354
 1.57996428]"
1916,"[0.80378609 1.31946546 1.46020721 1.50783011 1.52997242 1.54246277
 1.55040664 1.55588009 1.55987148 1.56290722 1.56529211 1.56721434
 1.56879617 1.57012041 1.57124511 1.57221211 1.57305236 1.5737892
 1.5744406  1.57502058 1.57554027 1.5760086  1.57643282 1.57681887
 1.57717168]"
1917,"[0.60695721 1.35132582 1.52602268 1.58344878 1.60936857 1.62354675
 1.6323103  1.6381966  1.64239366 1.64552328 1.64793934 1.64985675
 1.651413   1.65269985 1.6537807  1.65470073 1.6554929  1.65618184
 1.65678628 1.65732071 1.65779652 1.65822277 1.65860675 1.6589544
 1.65927062]"
1918,"[1.02258909 1.64284391 1.71803677 1.7081715  1.69111607 1.67661654
 1.66523723 1.65633651 1.64927799 1.64358316 1.63891065 1.63501778
 1.63172996 1.62891954 1.62649158 1.62437424 1.62251232 1.6208628
 1.61939168 1.61807178 1.61688111 1.61580173 1.61481884 1.61392012
 1.61309528]"
1919,"[0.2693396  0.99223534 1.1953446  1.26748578 1.30076703 1.31921276
 1.33076095 1.3386186  1.34429233 1.3485739  1.35191622 1.35459612
 1.35679186 1.35862328 1.36017382 1.3615033  1.36265574 1.36366423
 1.36455409 1.36534507 1.36605275 1.36668962 1.36726579 1.36778953
 1.36826768]"
1920,"[0.24360663 0.98825272 1.20809125 1.28417663 1.31892506 1.33814228
 1.35018473 1.35839517 1.36433715 1.36883112 1.37234649 1.3751704
 1.377488   1.37942396 1.38106518 1.38247411 1.38369674 1.38476768
 1.3857135  1.38655488 1.3873082  1.3879866  1.38860071 1.38915926
 1.38966945]"
1921,"[0.39425824 1.03644256 1.23893289 1.30646483 1.33714717 1.35418086
 1.36491369 1.37227008 1.37761901 1.38168095 1.38486955 1.38743877
 1.38955296 1.39132312 1.39282687 1.39412016 1.39524427 1.39623037
 1.39710241 1.3978791  1.39857527 1.39920283 1.39977145 1.40028906
 1.40076223]"
1922,"[0.39984724 1.21808207 1.41065282 1.46101239 1.47970937 1.48826631
 1.49272016 1.49524258 1.49675584 1.4977003  1.49830532 1.49869864
 1.49895526 1.49912116 1.49922551 1.49928741 1.49931962 1.49933091
 1.49932737 1.4993133  1.49929179 1.49926507 1.49923477 1.49920209
 1.49916791]"
1923,"[0.3297801  0.95482855 1.10123624 1.14446664 1.1637338  1.17444789
 1.18122815 1.18589275 1.18929379 1.19188153 1.19391567 1.19555622
 1.19690709 1.19803863 1.19900017 1.19982727 1.20054626 1.20117701
 1.2017348  1.20223159 1.20267686 1.20307822 1.20344186 1.20377286
 1.20407541]"
1924,"[0.78172683 1.44378292 1.54848069 1.56487532 1.56665672 1.56556762
 1.5639588  1.56238466 1.5609737  1.55974012 1.55866737 1.55773267
 1.55691441 1.55619396 1.55555584 1.55498735 1.5544781  1.55401956
 1.55360469 1.55322766 1.55288361 1.55256846 1.55227876 1.55201158
 1.55176442]"
1925,"[0.95779531 1.56111576 1.60869624 1.59084546 1.57180089 1.5572455
 1.5464446  1.53830349 1.53201992 1.52705551 1.52305029 1.51975933
 1.51701207 1.51468698 1.5126955  1.51097182 1.50946609 1.50813997
 1.5069635  1.50591296 1.50496935 1.50411728 1.50334414 1.50263955
 1.50199482]"
1926,"[0.89943603 1.14023915 1.31850085 1.36047417 1.37307213 1.37735949
 1.37879501 1.37912698 1.37900469 1.37869523 1.37831619 1.37792133
 1.37753542 1.37716936 1.37682736 1.37651024 1.37621725 1.3759469
 1.37569739 1.37546692 1.37525372 1.37505616 1.37487276 1.37470217
 1.3745432 ]"
1927,"[1.02307167 1.59824783 1.65065282 1.65193417 1.64878145 1.64587791
 1.64364724 1.64197053 1.64069684 1.63971144 1.63893427 1.63831016
 1.63780068 1.63737868 1.63702456 1.63672395 1.63646614 1.63624297
 1.63604821 1.63587696 1.63572537 1.63559036 1.63546945 1.63536061
 1.63526218]"
1928,"[0.9904676  1.49610864 1.58768588 1.60580515 1.6086377  1.60771883
 1.60588668 1.60394706 1.60213681 1.6005144  1.5990799  1.5978153
 1.59669868 1.59570915 1.5948283  1.59404047 1.59333249 1.59269337
 1.59211391 1.59158637 1.59110427 1.59066211 1.59025522 1.58987963
 1.5895319 ]"
1929,"[1.08826502 1.46554017 1.57106168 1.5882024  1.58752683 1.58338059
 1.57892141 1.57487874 1.57137305 1.56836594 1.56578471 1.56355782
 1.56162388 1.55993259 1.55844332 1.5571234  1.55594645 1.55489109
 1.55393984 1.55307834 1.55229467 1.55157892 1.55092274 1.55031908
 1.54976195]"
1930,"[0.95753691 1.28763828 1.35763109 1.38260124 1.39471728 1.40164709
 1.40605385 1.40907105 1.41125181 1.4128943  1.41417202 1.4151921
 1.41602401 1.41671458 1.41729648 1.41779313 1.41822174 1.41859524
 1.41892348 1.41921414 1.41947325 1.41970564 1.4199152  1.42010512
 1.420278  ]"
1931,"[0.96266376 1.60532614 1.68371611 1.68273037 1.67182258 1.66105807
 1.65192795 1.64439707 1.63818099 1.63300452 1.62864637 1.62493664
 1.62174616 1.61897625 1.61655088 1.61441078 1.61250925 1.61080906
 1.60928025 1.6078984  1.60664352 1.605499   1.60445103 1.60348795
 1.60259992]"
1932,"[0.80217161 1.42580281 1.58805906 1.63439604 1.65092635 1.65769258
 1.66062685 1.66186588 1.66229436 1.66231698 1.66213277 1.66184492
 1.66150892 1.6611553  1.66080097 1.66045526 1.66012306 1.65980677
 1.65950726 1.65922455 1.65895815 1.65870733 1.65847121 1.65824885
 1.65803933]"
1933,"[0.71898669 1.23315861 1.37126131 1.41579779 1.43464829 1.44439403
 1.45014689 1.45386845 1.45644082 1.45830962 1.45972074 1.46081949
 1.46169666 1.46241152 1.46300431 1.46350315 1.4639283  1.46429465
 1.46461339 1.46489308 1.46514035 1.46536046 1.46555758 1.46573509
 1.46589573]"
1934,"[0.87061524 1.2240343  1.31088623 1.33242056 1.34232604 1.34830475
 1.35237983 1.35535257 1.35762065 1.35940867 1.36085434 1.36204715
 1.36304792 1.36389939 1.36463255 1.36527037 1.36583024 1.36632559
 1.36676693 1.36716262 1.36751936 1.36784263 1.36813691 1.36840593
 1.3686528 ]"
1935,"[1.04703385 1.30806703 1.33144239 1.34296346 1.3492958  1.35305293
 1.3554834  1.35716827 1.35839959 1.35933676 1.36007311 1.36066659
 1.36115495 1.36156376 1.36191097 1.36220952 1.36246895 1.36269648
 1.36289765 1.3630768  1.36323735 1.36338206 1.36351317 1.3636325
 1.36374158]"
1936,"[0.76532471 1.24881319 1.31714757 1.33574667 1.34534892 1.35150207
 1.35582052 1.3590202  1.36148383 1.36343735 1.36502313 1.36633532
 1.36743864 1.36837897 1.36918975 1.36989589 1.37051633 1.37106572
 1.37155556 1.37199499 1.37239139 1.37275078 1.37307808 1.37337741
 1.37365219]"
1937,"[0.78953041 1.15221215 1.27226175 1.32011997 1.34480892 1.35976358
 1.36977319 1.37693716 1.38231596 1.38650202 1.38985201 1.39259339
 1.39487805 1.39681124 1.39846821 1.39990416 1.40116053 1.402269
 1.40325421 1.40413563 1.40492884 1.40564643 1.40629873 1.40689424
 1.40744009]"
1938,"[0.56467354 0.94408239 1.08281825 1.13564327 1.16336956 1.18042294
 1.19195547 1.20026689 1.20653753 1.21143484 1.21536437 1.21858656
 1.22127626 1.22355515 1.22551052 1.22720659 1.22869167 1.23000277
 1.23116874 1.23221239 1.23315199 1.23400235 1.2347756  1.23548175
 1.23612919]"
1939,"[0.4520295  1.11255129 1.24669469 1.29685657 1.32404221 1.3411742
 1.35293102 1.36147877 1.36796264 1.37304388 1.37713011 1.3804858
 1.38328974 1.38566705 1.38770782 1.38947852 1.39102926 1.39239851
 1.39361628 1.39470634 1.39568772 1.39657588 1.39738348 1.39812097
 1.3987971 ]"
1940,"[0.582042   1.01643944 1.11800894 1.14281547 1.15251108 1.1577027
 1.16103002 1.16339331 1.16518055 1.16658938 1.16773313 1.16868246
 1.16948425 1.17017106 1.17076633 1.17128742 1.17174752 1.17215683
 1.17252336 1.17285352 1.1731525  1.17342452 1.17367309 1.17390111
 1.17411105]"
1941,"[0.5848801  1.05179635 1.15783295 1.20033558 1.22123293 1.23339027
 1.24128934 1.24681965 1.2509029  1.2540394  1.25652332 1.25853871
 1.26020647 1.26160926 1.26280551 1.26383764 1.26473724 1.26552827
 1.26622925 1.26685472 1.26741624 1.26792315 1.26838303 1.26880214
 1.26918567]"
1942,"[0.76880601 1.15837971 1.23847885 1.26983743 1.28871041 1.30152545
 1.31074177 1.31764767 1.32299363 1.32724339 1.33069674 1.33355499
 1.33595776 1.33800466 1.33976854 1.34130378 1.34265179 1.34384462
 1.34490745 1.3458603  1.34671932 1.34749765 1.34820612 1.34885367
 1.34944782]"
1943,"[0.61477026 1.07051546 1.28033661 1.3722651  1.42131436 1.45135075
 1.47150898 1.48593039 1.4967411  1.5051381  1.51184444 1.51732181
 1.5218784  1.52572762 1.52902186 1.53187275 1.53436395 1.53655935
 1.53850859 1.54025079 1.54181723 1.54323319 1.54451933 1.5456927
 1.5467675 ]"
1944,"[0.36736363 1.0975219  1.28205167 1.35890543 1.39930347 1.42378678
 1.44008182 1.45165918 1.46028759 1.46695643 1.47225996 1.47657562
 1.48015421 1.48316866 1.48574195 1.48796391 1.48990158 1.49160605
 1.49311688 1.49446519 1.4956758  1.49676872 1.49776027 1.49866389
 1.49949077]"
1945,"[0.86159714 1.13058937 1.24857036 1.30482608 1.33492104 1.35336721
 1.36577449 1.37467529 1.38136634 1.38657726 1.39074913 1.39416396
 1.39701033 1.39941909 1.40148384 1.40327328 1.40483898 1.4062204
 1.40744825 1.40854676 1.40953534 1.41042969 1.41124267 1.41198489
 1.41266521]"
1946,"[0.45530354 1.03141425 1.24564875 1.33402912 1.37968014 1.40704334
 1.42512545 1.43790964 1.44740381 1.45472231 1.46053049 1.46524905
 1.46915649 1.47244431 1.47524835 1.47766763 1.47977595 1.48162942
 1.48327146 1.48473621 1.48605081 1.48723717 1.48831315 1.48929342
 1.49019019]"
1947,"[0.37868045 1.0033251  1.17833137 1.24511449 1.27881909 1.29881587
 1.31195769 1.32121858 1.32808177 1.33336478 1.33755347 1.34095402
 1.34376864 1.34613607 1.34815462 1.34989585 1.35141304 1.3527467
 1.35392814 1.35498196 1.35592771 1.35678119 1.35755524 1.35826044
 1.35890557]"
1948,"[0.43015216 1.0871475  1.31230277 1.39804541 1.44149659 1.46745536
 1.48464122 1.4968358  1.50592945 1.51296805 1.51857589 1.52314817
 1.52694706 1.53015323 1.53289523 1.53526695 1.53733861 1.53916371
 1.54078379 1.54223153 1.54353303 1.54470937 1.54577778 1.54675245
 1.54764519]"
1949,"[0.60435134 1.04034942 1.20922334 1.27607905 1.31047745 1.33118669
 1.34495719 1.35475413 1.3620719  1.36774196 1.37226257 1.37595005
 1.3790147  1.38160168 1.38381437 1.38572838 1.38740027 1.38887318
 1.3901806  1.3913489  1.39239915 1.39334835 1.39421041 1.3949968
 1.39571704]"
1950,"[0.83174335 1.27297228 1.35149827 1.37820812 1.39197512 1.40057184
 1.40650515 1.41086106 1.41419855 1.41683833 1.41897861 1.42074885
 1.42223726 1.4235061  1.42460052 1.42555413 1.42639242 1.42713506
 1.42779753 1.42839213 1.42892875 1.42941548 1.42985895 1.43026468
 1.43063728]"
1951,"[0.5020922  1.19808063 1.38243346 1.44836421 1.48073367 1.49964378
 1.51194128 1.52053853 1.52686948 1.53171722 1.53554372 1.53863836
 1.54119123 1.54333221 1.54515294 1.54671986 1.54808233 1.54927772
 1.55033485 1.55127629 1.55212    1.55288037 1.55356914 1.55419593
 1.55476873]"
1952,"[0.54440063 1.11689573 1.25713788 1.32528534 1.36627624 1.39338574
 1.41252117 1.42669882 1.43760195 1.44623673 1.45323875 1.45902803
 1.46389275 1.46803691 1.4716089  1.47471912 1.47745137 1.4798704
 1.48202702 1.48396161 1.48570671 1.48728882 1.48872969 1.49004742
 1.4912571 ]"
1953,"[0.75516333 1.23392476 1.38548953 1.46381323 1.50636019 1.53246645
 1.54997937 1.56249748 1.57187317 1.57914969 1.58495701 1.5896971
 1.59363816 1.59696575 1.59981231 1.60227481 1.60442584 1.60632086
 1.6080029  1.60950588 1.6108569  1.61207787 1.61318666 1.61419804
 1.61512428]"
1954,"[0.70657411 1.24667126 1.31787222 1.33815743 1.34933921 1.35694564
 1.36252273 1.36678686 1.37014699 1.37285877 1.3750907  1.3769582
 1.37854279 1.37990362 1.38108456 1.38211879 1.38303189 1.38384382
 1.38457044 1.38522445 1.38581617 1.38635407 1.38684513 1.38729521
 1.38770921]"
1955,"[0.90275719 1.19015566 1.25319647 1.28506948 1.3019289  1.31211178
 1.31888881 1.32371541 1.3273255  1.33012692 1.33236386 1.33419128
 1.3357122  1.33699777 1.33809871 1.33905214 1.33988585 1.34062106
 1.34127426 1.34185844 1.34238401 1.34285936 1.34329137 1.3436857
 1.34404708]"
1956,"[0.01666854 0.61542329 0.83236259 0.89756151 0.92310507 0.93577637
 0.9431263  0.94785943 0.95113848 0.9535346  0.95535764 0.95678904
 0.95794158 0.95888885 0.95968082 0.96035254 0.96092932 0.96142984
 0.96186824 0.96225535 0.96259964 0.96290782 0.96318527 0.96343636
 0.96366466]"
1957,"[1.09414696e-05 1.58591921e-01 4.00591865e-01 4.94214499e-01
 5.37234379e-01 5.60476029e-01 5.74588848e-01 5.83914053e-01
 5.90473024e-01 5.95310347e-01 5.99012026e-01 6.01929086e-01
 6.04283287e-01 6.06220993e-01 6.07842409e-01 6.09218289e-01
 6.10399933e-01 6.11425392e-01 6.12323463e-01 6.13116318e-01
 6.13821298e-01 6.14452156e-01 6.15019929e-01 6.15533579e-01
 6.16000454e-01]"
1958,"[0.77156948 1.33965148 1.40003353 1.42296099 1.44004667 1.45255299
 1.46176744 1.46872692 1.47412705 1.47842127 1.48190934 1.48479448
 1.48721823 1.4892817  1.49105885 1.49260488 1.49396178 1.49516204
 1.49623114 1.49718936 1.49805302 1.4988354  1.49954741 1.50019812
 1.50079508]"
1959,"[0.99171917 1.40833275 1.48925757 1.51218107 1.5230705  1.52951717
 1.53375521 1.53673108 1.53892233 1.54059571 1.54191117 1.54296992
 1.54383887 1.54456387 1.5451773  1.54570264 1.54615729 1.54655441
 1.5469041  1.54721429 1.54749121 1.54773989 1.54796438 1.54816802
 1.54835356]"
1960,"[1.03669284 1.68492927 1.74858054 1.73427694 1.71438746 1.69811029
 1.68563452 1.67606292 1.6685994  1.66266753 1.65786554 1.65391283
 1.65061064 1.6478156  1.6454224  1.64335227 1.64154533 1.63995536
 1.63854617 1.63728908 1.63616108 1.63514354 1.63422117 1.63338138
 1.63261367]"
1961,"[0.98806485 1.39840407 1.41974957 1.41460339 1.41117036 1.40949152
 1.40870765 1.40836263 1.40823766 1.40822556 1.40827175 1.4083474
 1.40843688 1.40853154 1.40862658 1.40871937 1.4088085  1.40889331
 1.40897354 1.4090492  1.4091204  1.40918736 1.40925033 1.40930955
 1.4093653 ]"
1962,"[0.84512893 1.28285889 1.33585336 1.35894848 1.37185157 1.37995593
 1.3854839  1.38948468 1.39251026 1.39487673 1.39677747 1.39833721
 1.39963992 1.40074416 1.40169198 1.40251437 1.40323464 1.40387068
 1.40443643 1.40494292 1.40539898 1.40581179 1.40618722 1.40653011
 1.40684452]"
1963,"[0.05899893 0.85920036 1.08455616 1.15475761 1.18478727 1.20082924
 1.21069637 1.2173532  1.22214084 1.22574792 1.22856273 1.2308204
 1.23267147 1.23421675 1.23552628 1.23665022 1.23762545 1.23847967
 1.23923411 1.23990529 1.24050629 1.24104757 1.24153763 1.2419834
 1.24239064]"
1964,"[0.93350493 1.23998096 1.30323666 1.32668167 1.33772161 1.34390869
 1.34780752 1.35047078 1.35239844 1.35385524 1.3549935  1.35590667
 1.35665509 1.35727944 1.35780806 1.35826131 1.35865419 1.35899796
 1.35930126 1.35957083 1.35981198 1.36002898 1.36022526 1.36040366
 1.36056652]"
1965,"[0.5479529  1.13202434 1.23576875 1.25910126 1.26778267 1.27204911
 1.27452179 1.27611553 1.27722076 1.27802902 1.27864428 1.27912749
 1.27951661 1.27983642 1.28010376 1.28033047 1.28052509 1.28069394
 1.28084179 1.2809723  1.28108834 1.28119219 1.28128564 1.2813702
 1.28144706]"
1966,"[0.73111989 1.26581625 1.35679652 1.38175993 1.39275127 1.39898428
 1.40304631 1.40592548 1.40808269 1.40976386 1.41111317 1.41222126
 1.41314817 1.41393535 1.41461242 1.4152011  1.41571775 1.41617487
 1.41658224 1.41694759 1.41727712 1.41757586 1.41784796 1.41809682
 1.41832532]"
1967,"[1.082665   1.62395451 1.71112035 1.72031308 1.71843446 1.71501443
 1.71176864 1.70898424 1.70664684 1.70468474 1.70302636 1.70161209
 1.70039484 1.69933786 1.69841251 1.69759627 1.69687135 1.6962235
 1.69564125 1.69511524 1.6946378  1.69420256 1.69380422 1.6934383
 1.69310105]"
1968,"[0.84873744 1.28869501 1.38861234 1.41418528 1.42337343 1.4275098
 1.4296571  1.43088363 1.43163315 1.43211442 1.4324351  1.43265487
 1.43280868 1.432918   1.43299651 1.43305321 1.43309419 1.43312366
 1.4331446  1.43315914 1.43316885 1.43317487 1.43317807 1.43317911
 1.43317847]"
1969,"[0.59404827 1.17861739 1.2859622  1.32000874 1.33513245 1.34330475
 1.34832222 1.35168297 1.35407844 1.35586667 1.35724989 1.35835029
 1.3592458  1.35998831 1.36061368 1.36114742 1.36160819 1.36200992
 1.36236323 1.36267633 1.36295569 1.36320646 1.36343282 1.36363814
 1.36382523]"
1970,"[0.84048794 1.27847464 1.33051512 1.33095075 1.32802678 1.32578386
 1.32424573 1.32317666 1.32240889 1.32183896 1.32140321 1.3210615
 1.32078764 1.32056403 1.32037852 1.32022245 1.32008955 1.31997518
 1.31987582 1.31978878 1.31971195 1.31964369 1.31958266 1.3195278
 1.31947824]"
1971,"[0.93747729 1.4209099  1.50298422 1.53350605 1.548018   1.55600331
 1.5609024  1.56415748 1.56645262 1.56814616 1.56944111 1.57045998
 1.57128055 1.57195437 1.57251679 1.57299281 1.57340058 1.57375355
 1.57406191 1.57433348 1.57457438 1.57478948 1.57498265 1.57515704
 1.57531524]"
1972,"[1.02269697 1.28469792 1.3278473  1.34866452 1.36128464 1.36963738
 1.37552032 1.37986595 1.38319771 1.38582882 1.38795698 1.38971255
 1.39118479 1.39243673 1.39351411 1.39445088 1.39527276 1.39599959
 1.3966469  1.39722703 1.39774989 1.39822353 1.39865459 1.39904854
 1.39940996]"
1973,"[1.01335725 1.89654997 2.04703104 2.06807259 2.06605936 2.05974904
 2.05316246 2.04721127 2.04203446 2.03757098 2.0337177  2.03037439
 2.02745505 2.02488889 2.02261849 2.02059739 2.01878787 2.01715917
 2.01568603 2.01434756 2.01312637 2.0120079  2.01097986 2.01003182
 2.00915488]"
1974,"[1.05181613 1.36929888 1.43637981 1.46199556 1.47574227 1.4844139
 1.49040356 1.49479285 1.49814814 1.5007962  1.50293911 1.50470864
 1.50619445 1.50745961 1.50854981 1.50949896 1.51033273 1.51107093
 1.51172909 1.51231954 1.51285221 1.51333519 1.5137751  1.51417746
 1.51454687]"
1975,"[1.16371669 1.39115525 1.4307796  1.46659223 1.48699568 1.49926835
 1.50729927 1.51291568 1.517046   1.52020301 1.52269044 1.52469869
 1.5263528  1.52773808 1.52891466 1.52992609 1.53080465 1.53157476
 1.53225523 1.53286077 1.53340307 1.5338915  1.53433367 1.53473584
 1.53510318]"
1976,"[0.94410529 1.38711851 1.42430939 1.42901033 1.43137616 1.43324244
 1.43476375 1.43600611 1.43702762 1.43787628 1.43858936 1.43919525
 1.43971544 1.44016633 1.44056054 1.4409079  1.44121613 1.44149138
 1.44173862 1.44196185 1.44216438 1.44234893 1.44251776 1.4426728
 1.44281566]"
1977,"[0.61997642 1.18403909 1.30182825 1.33946646 1.35684883 1.36668175
 1.37296115 1.3773037  1.38047991 1.3829014  1.38480731 1.38634576
 1.38761329 1.38867544 1.38957824 1.39035495 1.39103021 1.39162263
 1.39214654 1.39261317 1.39303139 1.39340837 1.3937499  1.39406076
 1.3943449 ]"
1978,"[0.82503701 1.39903062 1.53339707 1.57316974 1.58975717 1.59821634
 1.60311315 1.60620485 1.60828416 1.60975141 1.61082662 1.61163895
 1.61226827 1.61276619 1.61316727 1.61349536 1.61376737 1.61399555
 1.61418898 1.61435447 1.61449724 1.61462134 1.61472994 1.61482558
 1.61491028]"
1979,"[0.90739207 1.36343873 1.45358919 1.47276613 1.47816217 1.47997248
 1.4806099  1.4808037  1.48081512 1.48074936 1.48065225 1.48054482
 1.4804369  1.48033304 1.48023519 1.48014401 1.48005952 1.47998141
 1.47990925 1.47984256 1.47978086 1.47972369 1.47967062 1.47962128
 1.47957531]"
1980,"[0.74195798 1.37105486 1.52134009 1.56242089 1.57791372 1.58495273
 1.58853748 1.59050073 1.5916256  1.59228547 1.59267358 1.59289649
 1.59301597 1.5930693  1.59307974 1.5930622  1.59302642 1.5929789
 1.59292404 1.59286482 1.59280331 1.59274092 1.59267863 1.59261711
 1.59255681]"
1981,"[0.46765001 1.44278119 1.55994886 1.57774287 1.58244027 1.58376928
 1.58397559 1.58376661 1.583405   1.5829977  1.58259015 1.58220146
 1.5818389  1.58150427 1.5811969  1.580915   1.58065644 1.58041901
 1.5802006  1.57999929 1.57981332 1.57964113 1.57948136 1.57933277
 1.57919429]"
1982,"[1.08066849 1.54987298 1.66739951 1.69767145 1.70728591 1.71067534
 1.71180966 1.71203103 1.71186232 1.71152786 1.71113016 1.71071778
 1.71031384 1.709929   1.7095676  1.70923075 1.70891797 1.70862798
 1.70835916 1.70810983 1.7078783  1.707663   1.70746247 1.70727539
 1.70710054]"
1983,"[0.62753045 1.16855354 1.26266593 1.28404234 1.29277267 1.29783033
 1.30125792 1.30377054 1.30570164 1.30723514 1.30848321 1.30951897
 1.31039235 1.31113872 1.31178385 1.312347   1.31284281 1.31328265
 1.31367548 1.31402843 1.31434726 1.31463669 1.31490059 1.3151422
 1.31536421]"
1984,"[0.38739355 1.16486861 1.2536401  1.2674852  1.27348968 1.2775119
 1.28050071 1.28280857 1.28463653 1.28611489 1.28733211 1.28834999
 1.28921272 1.28995263 1.29059379 1.29115446 1.29164874 1.29208763
 1.29247986 1.29283245 1.29315106 1.29344035 1.29370417 1.29394572
 1.2941677 ]"
1985,"[0.80481863 1.29018144 1.31297355 1.28579325 1.2649658  1.25204342
 1.24408358 1.23901863 1.23566644 1.23336351 1.23172824 1.23053332
 1.22963834 1.22895359 1.2284199  1.2279972  1.22765765 1.22738146
 1.22715432 1.22696567 1.22680759 1.22667407 1.22656049 1.22646322
 1.22637944]"
1986,"[0.83957665 1.2695193  1.40478807 1.45154559 1.4720689  1.48273704
 1.48896705 1.49291996 1.49558737 1.4974746  1.49886082 1.49991041
 1.50072531 1.50137145 1.50189305 1.50232065 1.50267594 1.50297465
 1.50322842 1.50344601 1.50363415 1.50379806 1.50394181 1.50406868
 1.50418128]"
1987,"[0.46990998 1.05238839 1.15783882 1.1891736  1.20526102 1.21557346
 1.2228361  1.22823788 1.23241168 1.23573154 1.23843375 1.24067505
 1.24256351 1.24417595 1.24556853 1.24678316 1.24785178 1.24879916
 1.24964474 1.25040407 1.25108967 1.25171175 1.25227874 1.25279763
 1.25327428]"
1988,"[0.64622866 1.157504   1.22949813 1.23728539 1.23885841 1.2397989
 1.2406361  1.24139834 1.24207954 1.24268125 1.24321063 1.2436766
 1.24408798 1.24445266 1.24477744 1.24506806 1.24532934 1.2455653
 1.2457793  1.24597417 1.24615229 1.24631568 1.24646605 1.24660487
 1.24673339]"
1989,"[0.73011114 1.2368061  1.35614721 1.40919896 1.43865056 1.45692997
 1.46922385 1.47800002 1.48455456 1.48962462 1.49365724 1.49693799
 1.49965732 1.50194682 1.50390021 1.50558595 1.50705521 1.50834695
 1.50949136 1.51051216 1.51142828 1.51225498 1.51300468 1.51368764
 1.51431236]"
1990,"[0.91138145 1.35803102 1.44215042 1.47761846 1.49880982 1.512683
 1.52233173 1.52937431 1.53471707 1.53889806 1.5422535  1.54500294
 1.54729523 1.54923464 1.55089619 1.55233519 1.55359329 1.55470239
 1.55568736 1.55656784 1.55735956 1.55807524 1.5587253  1.55931835
 1.55986154]"
1991,"[0.43902187 1.42543185 1.525281   1.52131899 1.51788276 1.5169939
 1.5172152  1.51782458 1.51853089 1.51922309 1.51986235 1.52043874
 1.52095362 1.52141242 1.52182161 1.52218751 1.52251582 1.5228115
 1.52307883 1.52332146 1.52354248 1.52374454 1.52392987 1.52410041
 1.52425781]"
1992,"[0.53150441 1.36424924 1.5078108  1.55201712 1.57055163 1.5797684
 1.58490599 1.58801105 1.59000325 1.59134109 1.59227215 1.59293883
 1.59342735 1.59379212 1.59406873 1.59428117 1.59444603 1.59457503
 1.59467663 1.59475703 1.59482086 1.59487159 1.59491191 1.59494386
 1.59496907]"
1993,"[0.76004717 1.21092174 1.3496198  1.39263936 1.41171609 1.42227411
 1.42894759 1.43354286 1.4368997  1.43945966 1.44147675 1.44310735
 1.44445298 1.44558246 1.44654407 1.4473727  1.44809418 1.44872805
 1.44928939 1.44978996 1.45023916 1.45064449 1.45101211 1.45134703
 1.45165344]"
1994,"[1.04008084 1.45040709 1.51231927 1.53180727 1.54381874 1.55199451
 1.55778168 1.5620293  1.56525059 1.5677634  1.56977101 1.57140779
 1.57276541 1.57390823 1.57488255 1.57572247 1.57645359 1.57709548
 1.57766334 1.57816911 1.57862236 1.57903078 1.57940064 1.57973711
 1.58004449]"
1995,"[1.08628329 1.45566782 1.51919431 1.54504134 1.5579494  1.56542058
 1.57024492 1.57361153 1.57609597 1.57800705 1.57952443 1.58075961
 1.58178541 1.58265146 1.58339274 1.58403465 1.58459609 1.58509143
 1.58553177 1.58592587 1.58628069 1.58660187 1.58689399 1.58716085
 1.58740562]"
1996,"[1.03167766 1.38467005 1.4357084  1.44185347 1.44224432 1.44176922
 1.44121576 1.44072545 1.44031394 1.43997147 1.43968503 1.43944329
 1.43923721 1.43905982 1.43890573 1.43877074 1.43865161 1.43854573
 1.43845105 1.43836591 1.43828894 1.43821904 1.43815528 1.4380969
 1.43804324]"
1997,"[1.01156231 1.38749237 1.42325794 1.41535632 1.40529365 1.39729884
 1.39124147 1.38660744 1.38298828 1.38010072 1.37775153 1.37580728
 1.37417399 1.37278399 1.37158756 1.37054746 1.36963528 1.36882906
 1.3681115  1.36746887 1.36689011 1.3663662  1.36588975 1.36545463
 1.36505571]"
1998,"[0.79337048 1.26183022 1.30954809 1.31156874 1.30956752 1.30762259
 1.30607775 1.30486851 1.30390799 1.30313035 1.30248929 1.30195233
 1.30149629 1.30110428 1.30076378 1.30046531 1.30020155 1.29996681
 1.29975654 1.29956712 1.29939561 1.29923957 1.299097   1.29896624
 1.29884588]"
1999,"[0.53787517 1.2249897  1.34536186 1.37013621 1.37615457 1.37736848
 1.37714999 1.37649665 1.37574173 1.37500227 1.37431768 1.37369784
 1.37314139 1.37264292 1.37219599 1.37179427 1.37143205 1.37110428
 1.37080662 1.37053535 1.37028726 1.37005962 1.36985011 1.36965669
 1.36947763]"
2000,"[0.32240855 1.0019936  1.13569865 1.1808723  1.20281412 1.21561626
 1.22395165 1.22978964 1.23409687 1.23740091 1.24001318 1.24212893
 1.2438766  1.24534405 1.24659332 1.2476695  1.24860607 1.24942845
 1.25015625 1.25080484 1.25138644 1.25191091 1.25238623 1.252819
 1.25321466]"
2001,"[0.16074866 0.81960908 0.99312087 1.04555343 1.06789692 1.07990185
 1.08733517 1.09237921 1.09602436 1.09878152 1.10094011 1.10267618
 1.10410288 1.10529626 1.10630931 1.10718009 1.10793665 1.10860011
 1.10918667 1.109709   1.1101771  1.11059901 1.11098126 1.11132919
 1.11164723]"
2002,"[0.71149415 1.12474702 1.3063685  1.37674912 1.41176026 1.43218774
 1.44540786 1.45459904 1.4613311  1.46646055 1.47049138 1.47373822
 1.47640705 1.47863807 1.48052985 1.48215365 1.48356221 1.48479535
 1.48588371 1.4868512  1.48771679 1.48849568 1.48920021 1.4898405
 1.49042491]"
2003,"[0.46140812 1.40168066 1.5399773  1.56545911 1.57428737 1.57843518
 1.58067332 1.58197823 1.58277789 1.58328454 1.58361243 1.5838269
 1.58396715 1.58405763 1.58411406 1.58414686 1.58416306 1.5841675
 1.5841636  1.58415378 1.58413976 1.58412281 1.58410386 1.5840836
 1.58406251]"
2004,"[1.0796695  1.33611153 1.40196589 1.43008696 1.44634173 1.45703682
 1.4645827  1.47017167 1.47446695 1.47786561 1.48061894 1.48289314
 1.48480231 1.48642722 1.48782657 1.48904406 1.4901128  1.49105838
 1.49190085 1.49265615 1.49333709 1.49395413 1.49451582 1.49502927
 1.49550044]"
2005,"[0.35425044 0.3453098  0.33162078 0.31919401 0.30910725 0.30107553
 0.29463774 0.28940604 0.28509035 0.28147927 0.27841848 0.27579403
 0.27352056 0.27153315 0.2697817  0.26822698 0.26683791 0.26558958
 0.26446178 0.26343795 0.26250445 0.26164987 0.26086466 0.26014073
 0.25947122]"
2006,"[0.21421983 0.23984201 0.24890592 0.24742434 0.24266194 0.23734352
 0.23236649 0.22797086 0.22416798 0.22089676 0.21808038 0.21564603
 0.21353069 0.21168181 0.21005626 0.20861877 0.20734056 0.20619803
 0.20517176 0.20424568 0.20340643 0.20264283 0.20194545 0.20130634
 0.20071872]"
2007,"[0.41321376 0.37474808 0.35421734 0.34120434 0.33160976 0.32422022
 0.31840924 0.3137591  0.30997634 0.30685199 0.30423551 0.30201698
 0.30011487 0.29846783 0.297029   0.29576204 0.29463848 0.29363567
 0.29273542 0.29192298 0.29118625 0.29051524 0.28990162 0.28933839
 0.28881965]"
2008,"[0.156375   0.27128745 0.29732743 0.30243315 0.30210403 0.30037742
 0.29841578 0.2965625  0.29490592 0.29345209 0.29218181 0.29107033
 0.2900939  0.28923182 0.2884666  0.28778373 0.28717123 0.28661916
 0.28611929 0.28566476 0.2852498  0.28486958 0.28451998 0.2841975
 0.28389917]"
2009,"[1.04981393 1.30510974 1.34132916 1.36341903 1.37487967 1.38157967
 1.38592665 1.38896576 1.39120835 1.39293114 1.39429626 1.39540481
 1.39632306 1.39709625 1.39775631 1.39832644 1.39882388 1.39926173
 1.39965012 1.39999699 1.40030867 1.40059028 1.40084596 1.40107915
 1.4012927 ]"
2010,"[0.85183422 1.26148881 1.35856935 1.3855798  1.39677709 1.40267221
 1.40626505 1.40867457 1.41040106 1.41169898 1.41271065 1.41352171
 1.4141867  1.41474202 1.41521287 1.41561724 1.41596837 1.41627616
 1.41654821 1.41679043 1.41700749 1.41720314 1.4173804  1.41754176
 1.41768928]"
2011,"[1.29794395 1.70843337 1.70960059 1.68118802 1.65683146 1.63830093
 1.62425507 1.61342216 1.60489143 1.5980386  1.59243426 1.58777807
 1.58385571 1.58051116 1.57762865 1.57512073 1.57292031 1.57097515
 1.569244   1.56769393 1.56629836 1.56503558 1.56388775 1.56284002
 1.56188   ]"
2012,"[0.54197446 1.19129394 1.32009567 1.35710377 1.37278614 1.38110793
 1.38617211 1.3895457  1.39194079 1.39372303 1.39509786 1.39618896
 1.39707499 1.39780821 1.39842466 1.39894994 1.39940273 1.39979695
 1.4001432  1.40044969 1.40072285 1.4009678  1.40118869 1.40138887
 1.40157112]"
2013,"[0.74242351 1.35688646 1.47090408 1.50821562 1.52534563 1.5347056
 1.54041469 1.54417481 1.54679597 1.54870477 1.55014379 1.55125957
 1.55214508 1.5528617  1.55345136 1.55394357 1.55435957 1.55471504
 1.55502173 1.55528861 1.55552265 1.55572932 1.55591297 1.55607709
 1.55622452]"
2014,"[0.91263193 1.54413077 1.63282656 1.64221432 1.63882446 1.63345959
 1.62832088 1.62383528 1.62000897 1.61675327 1.61397033 1.61157464
 1.60949632 1.60767951 1.60607978 1.60466167 1.60339675 1.60226204
 1.60123878 1.60031162 1.59946781 1.59869675 1.59798952 1.59733859
 1.59673757]"
2015,"[1.08684646 1.40535679 1.49631003 1.52007549 1.52749675 1.52986484
 1.53039922 1.53021239 1.52974012 1.52916715 1.52857525 1.52800079
 1.5274591  1.52695552 1.52649061 1.52606268 1.52566909 1.52530693
 1.52497325 1.5246653  1.52438055 1.52411671 1.52387173 1.52364379
 1.52343127]"
2016,"[1.07255745 1.36784706 1.40318865 1.41485908 1.42040105 1.423512
 1.42546436 1.42678937 1.42774152 1.42845591 1.42901026 1.42945213
 1.42981212 1.43011078 1.43036238 1.4305771  1.43076243 1.43092395
 1.43106594 1.43119171 1.43130387 1.43140451 1.43149529 1.43157759
 1.43165254]"
2017,"[0.85697629 1.42687688 1.50310247 1.52287607 1.53105017 1.53513981
 1.53743093 1.53881697 1.53970343 1.54029454 1.54070157 1.54098889
 1.54119569 1.54134675 1.54145832 1.54154132 1.54160333 1.54164968
 1.54168419 1.54170967 1.54172819 1.54174132 1.54175022 1.54175581
 1.54175879]"
2018,"[0.91638407 1.34744311 1.40071183 1.408951   1.41018329 1.41006703
 1.40969839 1.40932337 1.40899528 1.40871924 1.40848884 1.40829592
 1.40813322 1.40799484 1.40787611 1.40777339 1.40768381 1.40760512
 1.40753553 1.40747361 1.40741819 1.40736834 1.40732328 1.40728238
 1.40724508]"
2019,"[0.43994965 1.18392699 1.3792158  1.44852961 1.48212705 1.50161502
 1.51423929 1.52304586 1.52952289 1.53447892 1.53838931 1.54155111
 1.54415914 1.54634633 1.54820641 1.5498073  1.5511994  1.5524209
 1.55350123 1.55446344 1.55532583 1.55610313 1.55680729 1.55744816
 1.55803388]"
2020,"[0.41928257 0.723255   0.86331587 0.93263189 0.97271301 0.99843192
 1.0162105  1.02918857 1.03905999 1.046812   1.0530564  1.05819151
 1.06248734 1.06613324 1.06926578 1.07198589 1.07436975 1.07647591
 1.07835012 1.08002861 1.08154045 1.08290924 1.08415434 1.08529176
 1.08633487]"
2021,"[0.57004398 1.02003928 1.10118914 1.13390931 1.15193952 1.16330367
 1.17110896 1.17679991 1.18113414 1.18454606 1.1873024  1.18957596
 1.19148365 1.19310738 1.19450627 1.19572408 1.19679388 1.19774115
 1.19858583 1.19934375 1.20002763 1.20064783 1.20121286 1.20172977
 1.20220445]"
2022,"[0.33526486 0.81534714 0.95919711 1.01461925 1.04401597 1.06228751
 1.07475624 1.08380994 1.09068281 1.09607792 1.1004254  1.10400321
 1.10699901 1.10954403 1.11173284 1.11363529 1.11530408 1.11677976
 1.11809399 1.11927188 1.12033359 1.1212955  1.12217103 1.12297132
 1.12370567]"
2023,"[0.04269168 0.7874802  1.02285936 1.09547091 1.12549292 1.14105341
 1.15038863 1.15655928 1.1609232  1.16416532 1.16666567 1.16865109
 1.17026496 1.17160217 1.17272798 1.17368866 1.17451796 1.17524103
 1.175877   1.17644069 1.17694373 1.1773954  1.17780316 1.17817312
 1.17851029]"
2024,"[2.33357015e-04 2.17843593e-01 4.20407497e-01 5.04376854e-01
 5.46377272e-01 5.70517608e-01 5.85845254e-01 5.96315174e-01
 6.03869987e-01 6.09555814e-01 6.13978975e-01 6.17512410e-01
 6.20396954e-01 6.22794542e-01 6.24817812e-01 6.26547408e-01
 6.28042513e-01 6.29347499e-01 6.30496267e-01 6.31515150e-01
 6.32424901e-01 6.33242092e-01 6.33980116e-01 6.34649906e-01
 6.35260479e-01]"
2025,"[0.58765776 1.33639821 1.5090054  1.55470097 1.57149374 1.57920969
 1.58335735 1.58585729 1.5874989  1.58864967 1.58949824 1.59014936
 1.59066506 1.59108408 1.59143174 1.59172524 1.59197662 1.59219458
 1.59238557 1.59255444 1.59270494 1.59283999 1.59296193 1.59307262
 1.5931736 ]"
2026,"[0.71160594 1.16388267 1.21911974 1.22594227 1.22630081 1.22584118
 1.22545105 1.2252278  1.22513721 1.22513564 1.22519008 1.22527823
 1.2253856  1.22550289 1.22562416 1.2257457  1.22586517 1.22598119
 1.22609294 1.22620002 1.22630226 1.22639966 1.22649233 1.22658041
 1.22666413]"
2027,"[0.94477706 1.47235639 1.57536199 1.58302404 1.57618387 1.56787203
 1.56040103 1.55406566 1.54874792 1.54426793 1.54046329 1.53720251
 1.53438246 1.53192271 1.52976032 1.52784569 1.52613936 1.52460962
 1.5232308  1.52198187 1.52084548 1.51980723 1.51885503 1.51797869
 1.51716954]"
2028,"[0.838408   1.58750502 1.63571982 1.59886421 1.56396119 1.53750493
 1.51778668 1.50284297 1.4912579  1.4820758  1.47465181 1.46854333
 1.46343991 1.459119   1.45541767 1.45221437 1.44941681 1.4469538
 1.44476964 1.44282018 1.44107    1.43949041 1.43805788 1.43675302
 1.43555963]"
2029,"[0.76370044 1.32727826 1.42964181 1.46582163 1.48505141 1.49716245
 1.50550239 1.51158739 1.51621628 1.51985156 1.52277953 1.52518674
 1.52719978 1.5289075  1.53037405 1.53164686 1.53276177 1.53374629
 1.53462194 1.53540576 1.53611142 1.53675002 1.53733066 1.53786086
 1.5383469 ]"
2030,"[0.66375954 1.25074376 1.37494673 1.40586419 1.4162385  1.42062252
 1.42277812 1.42395076 1.42463465 1.42505339 1.42531855 1.42549015
 1.42560244 1.42567595 1.42572344 1.42575313 1.42577046 1.42577908
 1.42578155 1.42577963 1.4257746  1.42576735 1.42575856 1.4257487
 1.42573814]"
2031,"[0.21260941 1.14367645 1.32218634 1.37546435 1.39882434 1.41144192
 1.41919774 1.42439695 1.42810391 1.43087084 1.43301026 1.4347113
 1.43609471 1.43724098 1.43820571 1.43902852 1.43973834 1.44035679
 1.44090034 1.44138173 1.441811   1.44219613 1.44254357 1.44285856
 1.44314544]"
2032,"[0.62870616 1.21276884 1.36846231 1.41517774 1.43443188 1.44433081
 1.45020701 1.45405073 1.45674348 1.45872765 1.46024709 1.4614463
 1.46241599 1.46321582 1.46388652 1.46445687 1.4649477  1.46537448
 1.46574895 1.46608012 1.46637507 1.46663943 1.46687769 1.46709354
 1.46729   ]"
2033,"[0.76464251 1.28938964 1.40330622 1.43664864 1.45029014 1.45727518
 1.46141058 1.46411054 1.46599941 1.46738975 1.46845354 1.46929253
 1.46997053 1.47052946 1.47099794 1.47139615 1.47173872 1.47203648
 1.47229765 1.47252856 1.47273416 1.47291838 1.47308439 1.47323474
 1.47337155]"
2034,"[0.8546158  1.35052323 1.5373619  1.59183869 1.61337501 1.62367411
 1.62924137 1.63251432 1.63455803 1.63589249 1.63679378 1.63741833
 1.63785958 1.63817574 1.63840443 1.63857067 1.63869154 1.63877898
 1.63884146 1.63888514 1.63891451 1.63893293 1.63894293 1.63894642
 1.63894488]"
2035,"[0.52518264 1.17866581 1.30941183 1.34877057 1.36620491 1.37587208
 1.38198987 1.38620404 1.38928189 1.39162789 1.39347514 1.39496732
 1.39619778 1.3972298  1.3981078  1.39886384 1.39952169 1.4000993
 1.40061051 1.40106614 1.4014748  1.40184337 1.4021775  1.40248178
 1.40276005]"
2036,"[0.32535221 1.28334585 1.43946247 1.48376045 1.50280639 1.51276078
 1.51864612 1.52243582 1.52503343 1.52690077 1.52829433 1.52936617
 1.53021124 1.53089147 1.5314487  1.5319121  1.53230254 1.53263527
 1.53292169 1.53317045 1.53338824 1.53358028 1.53375071 1.53390285
 1.5340394 ]"
2037,"[1.06684468 1.68885735 1.77579014 1.77836902 1.76917338 1.75959401
 1.7514002  1.7446399  1.73906905 1.73443906 1.73054825 1.72724174
 1.72440201 1.72193956 1.71978558 1.71788659 1.71620054 1.71469397
 1.71333999 1.71211677 1.71100639 1.70999405 1.70906739 1.70821605
 1.70743125]"
2038,"[0.5109522  1.3215912  1.51185523 1.57514648 1.60360084 1.61906336
 1.62856565 1.63491957 1.63943481 1.64279324 1.64538109 1.64743198
 1.64909483 1.65046876 1.65162208 1.65260338 1.65344805 1.65418248
 1.65482674 1.65539632 1.6559034  1.65635765 1.65676687 1.65713738
 1.65747439]"
2039,"[0.57626381 1.23308911 1.34797263 1.38083412 1.39538653 1.40347022
 1.40858679 1.41210844 1.41467738 1.41663287 1.41817061 1.41941124
 1.42043309 1.42128925 1.42201694 1.42264302 1.42318735 1.42366494
 1.42408735 1.42446361 1.42480089 1.42510494 1.42538044 1.42563123
 1.42586048]"
2040,"[0.8209489  1.3945892  1.49122371 1.5283468  1.54762185 1.55919943
 1.56682873 1.57219422 1.57615394 1.57918648 1.58157797 1.58350915
 1.58509939 1.58643047 1.58756022 1.58853059 1.58937274 1.59011027
 1.59076136 1.59134024 1.59185819 1.59232429 1.59274589 1.59312904
 1.59347874]"
2041,"[0.77466531 1.286685   1.41527462 1.45984538 1.48128234 1.49362395
 1.5015585  1.50705392 1.51106913 1.51412325 1.51652018 1.518449
 1.52003318 1.52135661 1.52247819 1.52344042 1.52427476 1.52500492
 1.52564914 1.52622165 1.52673372 1.52719439 1.527611   1.52798953
 1.52833496]"
2042,"[0.64985963 1.02683715 1.13937639 1.17512089 1.19213451 1.20217244
 1.20883699 1.21360017 1.21718068 1.21997331 1.22221377 1.22405185
 1.22558741 1.22688971 1.22800829 1.22897955 1.22983086 1.23058319
 1.23125287 1.23185284 1.23239345 1.23288311 1.23332871 1.23373594
 1.23410955]"
2043,"[0.8569292  1.23398724 1.29522233 1.31622695 1.32629059 1.33178347
 1.33508698 1.33722824 1.33869892 1.33975599 1.34054392 1.34114888
 1.34162489 1.34200723 1.34231976 1.3425791  1.34279713 1.34298256
 1.34314186 1.34327994 1.3434006  1.34350681 1.34360089 1.34368474
 1.34375988]"
2044,"[0.90807141 1.28368998 1.3400029  1.35186284 1.35635385 1.35882064
 1.36044652 1.361623   1.36252216 1.36323476 1.36381459 1.36429608
 1.3647025  1.36505023 1.36535116 1.36561416 1.36584598 1.36605186
 1.36623591 1.36640144 1.36655111 1.36668708 1.36681116 1.36692483
 1.36702935]"
2045,"[0.90349328 1.40336492 1.44628477 1.43920632 1.43204957 1.42737645
 1.42434086 1.42228408 1.42082703 1.41975374 1.41893675 1.41829759
 1.41778593 1.4173683  1.41702174 1.41673003 1.41648144 1.41626729
 1.41608106 1.41591774 1.41577343 1.41564505 1.41553015 1.41542676
 1.41533325]"
2046,"[0.94111065 0.93154139 1.12005872 1.19120961 1.22447014 1.24318008
 1.25503507 1.26317386 1.26908937 1.27357524 1.27708999 1.2799161
 1.28223675 1.28417571 1.28581959 1.28723069 1.28845502 1.28952723
 1.29047393 1.29131587 1.2920695  1.29274797 1.29336198 1.29392028
 1.29443011]"
2047,"[0.64478718 1.16819562 1.34879643 1.41331985 1.4450979  1.46391616
 1.47634086 1.48514869 1.49171377 1.49679344 1.50083914 1.50413655
 1.50687516 1.50918559 1.51116076 1.51286855 1.51435972 1.51567295
 1.51683825 1.51787924 1.51881479 1.51966012 1.52042766 1.52112767
 1.52176867]"
2048,"[0.87587561 1.4577141  1.58999282 1.61959226 1.62653972 1.62734629
 1.62631368 1.62476755 1.6231561  1.6216329  1.62024426 1.61899602
 1.61787919 1.61688013 1.61598462 1.61517948 1.61445302 1.61379513
 1.61319712 1.61265158 1.61215219 1.61169354 1.61127099 1.61088055
 1.61051879]"
2049,"[0.75725641 1.44066735 1.5184834  1.53155095 1.53780938 1.54302857
 1.5476323  1.55163109 1.55507048 1.55802422 1.56056908 1.56277375
 1.56469596 1.56638298 1.56787315 1.56919752 1.5703813  1.57144506
 1.57240571 1.57327721 1.57407117 1.57479733 1.57546387 1.57607776
 1.57664491]"
2050,"[0.74046353 1.28083765 1.4136473  1.45778505 1.4789198  1.49137827
 1.49964106 1.50554153 1.50997373 1.51342829 1.51619799 1.51846882
 1.52036477 1.52197178 1.52335133 1.52454856 1.52559742 1.5265239
 1.52734825 1.52808648 1.52875142 1.52935348 1.52990116 1.53040153
 1.53086045]"
2051,"[1.01038003 1.3294908  1.40743277 1.44736035 1.47334146 1.49135101
 1.50441048 1.51424591 1.52188986 1.52798699 1.5329563  1.53708023
 1.54055528 1.54352203 1.54608354 1.54831697 1.55028119 1.55202183
 1.55357485 1.5549689  1.5562271  1.55736832 1.5584081  1.55935936
 1.5602329 ]"
2052,"[0.64077676 1.09818066 1.25665601 1.31062943 1.33459734 1.3475651
 1.3555513  1.36092012 1.36476091 1.3676379  1.36987024 1.37165113
 1.37310408 1.37431152 1.37533053 1.37620184 1.37695527 1.37761314
 1.3781925  1.37870657 1.37916576 1.37957841 1.37995123 1.38028972
 1.38059839]"
2053,"[1.12873193 1.45520733 1.50034298 1.51284189 1.51874276 1.52202774
 1.52402507 1.525318   1.52619619 1.52681589 1.52726694 1.52760374
 1.52786066 1.52806024 1.5282177  1.5283436  1.52844545 1.5285287
 1.52859735 1.52865442 1.52870219 1.52874243 1.52877653 1.52880555
 1.52883038]"
2054,"[0.29099512 1.12220237 1.28899683 1.3263734  1.33690702 1.3403886
 1.34160931 1.34199901 1.34205692 1.34197813 1.34184507 1.34169436
 1.34154257 1.34139711 1.34126097 1.34113506 1.34101927 1.34091303
 1.3408156  1.34072617 1.34064396 1.34056825 1.34049838 1.34043377
 1.34037388]"
2055,"[0.90369996 1.39525118 1.50488629 1.54408549 1.56622629 1.58037546
 1.59007063 1.59707254 1.60234202 1.60643974 1.60971164 1.61238138
 1.6145994  1.61647035 1.61806911 1.61945064 1.6206561  1.62171696
 1.62265761 1.62349731 1.62425141 1.62493231 1.62555013 1.62611324
 1.62662856]"
2056,"[0.95062939 1.39117507 1.45305255 1.45648426 1.45366456 1.45099505
 1.44903428 1.44763312 1.44661759 1.44586427 1.44529194 1.4448474
 1.44449523 1.4442113  1.44397884 1.4437859  1.44362382 1.44348618
 1.44336818 1.44326614 1.4431772  1.44309913 1.44303017 1.44296889
 1.44291414]"
2057,"[0.93752625 1.36534914 1.41620076 1.41501732 1.41134771 1.40866497
 1.40685572 1.40561834 1.40474633 1.40411272 1.40363939 1.4032771
 1.40299389 1.40276841 1.40258598 1.40243629 1.40231194 1.40220748
 1.40211888 1.40204304 1.40197762 1.40192077 1.40187104 1.40182728
 1.40178856]"
2058,"[0.44255957 1.00870119 1.14552482 1.19707207 1.22341455 1.23926344
 1.24980602 1.25731031 1.26291824 1.26726522 1.27073215 1.27356095
 1.27591254 1.27789802 1.27959655 1.28106605 1.28234983 1.28348098
 1.28448514 1.28538255 1.28618934 1.28691858 1.28758093 1.28818517
 1.28873863]"
2059,"[0.39995572 0.92862503 1.13835433 1.2065573  1.23634212 1.25238646
 1.26229854 1.26900689 1.27384447 1.27749784 1.28035488 1.28265085
 1.28453662 1.28611336 1.28745148 1.28860146 1.28960047 1.29047647
 1.2912509  1.29194051 1.29255852 1.29311557 1.29362025 1.29407963
 1.29449957]"
2060,"[1.12632212 1.46474338 1.56249165 1.59525699 1.6083467  1.61443502
 1.61758867 1.61934712 1.62037739 1.62100009 1.62138218 1.62161628
 1.62175641 1.62183542 1.62187395 1.62188532 1.62187838 1.62185907
 1.62183147 1.62179841 1.62176186 1.62172324 1.62168352 1.62164341
 1.62160342]"
2061,"[0.45532126 0.91526155 1.07638874 1.13629767 1.1663262  1.18408221
 1.19572192 1.20390651 1.20996043 1.21461256 1.21829546 1.22128134
 1.22374973 1.22582369 1.22759029 1.22911281 1.23043838 1.23160274
 1.2326335  1.23355235 1.23437651 1.23511987 1.23579372 1.23640735
 1.23696848]"
2062,"[0.32383828 0.7100327  0.63120847 0.55735517 0.53626542 0.53501016
 0.53809509 0.54158439 0.54465573 0.54721688 0.54933355 0.55109145
 0.55256505 0.55381323 0.55488132 0.55580408 0.55660831 0.55731484
 0.55794005 0.55849693 0.55899591 0.55944544 0.55985242 0.56022255
 0.56056055]"
2063,"[0.50703936 0.67862692 0.83895451 0.90178758 0.93065429 0.94684881
 0.95714452 0.96425003 0.9694434  0.97340272 0.97652015 0.97903795
 0.98111369 0.98285426 0.9843347  0.98560923 0.98671797 0.98769128
 0.98855253 0.98932001 0.99000824 0.99062888 0.99119142 0.99170366
 0.99217204]"
2064,"[0.66337439 0.68489974 0.86468521 0.93983434 0.97944224 1.00375949
 1.02016595 1.03196503 1.0408509  1.04778008 1.05333273 1.05788079
 1.06167359 1.0648844  1.06763736 1.07002369 1.07211195 1.07395461
 1.07559252 1.07705798 1.07837683 1.07956999 1.0806546  1.08164481
 1.08255243]"
2065,"[0.82693428 0.93535371 1.08123319 1.1334788  1.15954118 1.17508261
 1.18537847 1.19268945 1.19814339 1.20236498 1.20572774 1.2084685
 1.21074459 1.21266453 1.21430559 1.21572423 1.21696268 1.21805313
 1.21902055 1.21988461 1.22066099 1.22136238 1.22199912 1.22257973
 1.22311132]"
2066,"[0.91522857 1.44147282 1.51518724 1.53739722 1.54959635 1.55757662
 1.56321196 1.56739369 1.57061349 1.57316548 1.57523597 1.57694839
 1.57838761 1.57961379 1.58067073 1.58159106 1.58239954 1.58311534
 1.58375347 1.58432589 1.58484223 1.58531033 1.58573662 1.58612647
 1.58648435]"
2067,"[0.03406283 0.44760723 0.61110889 0.66917578 0.69577216 0.71065156
 0.72010559 0.72663581 0.73141613 0.73506719 0.7379473  0.74027764
 0.74220214 0.74381846 0.74519524 0.74638213 0.74741592 0.74832448
 0.74912928 0.74984716 0.75049149 0.75107302 0.75160053 0.75208121
 0.75252103]"
2068,"[1.04766299 1.27280806 1.34597311 1.38059816 1.39774491 1.40750684
 1.41369006 1.41791692 1.42097237 1.42327635 1.42507179 1.42650817
 1.42768216 1.4286589  1.42948376 1.43018932 1.43079949 1.43133226
 1.43180138 1.43221753 1.43258916 1.43292302 1.43322455 1.4334982
 1.43374767]"
2069,"[0.44399228 0.7123238  0.90662029 0.98751456 1.0299782  1.05580911
 1.07307773 1.0853978  1.09461335 1.10175863 1.10745676 1.11210468
 1.11596694 1.11922642 1.12201351 1.12442364 1.12652823 1.12838175
 1.1300265  1.13149579 1.13281623 1.13400929 1.13509254 1.13608044
 1.13698504]"
2070,"[0.5741268  0.92191027 1.09554341 1.16269272 1.1962815  1.21607317
 1.22901527 1.23810091 1.2448142  1.24996939 1.25404861 1.25735476
 1.26008732 1.26238291 1.2643381  1.26602307 1.26749001 1.26877853
 1.26991921 1.27093605 1.27184811 1.27267077 1.27341652 1.27409565
 1.27471669]"
2071,"[0.88806952 1.40736193 1.50252045 1.51365436 1.5114993  1.50775414
 1.50438863 1.50163861 1.49942421 1.49763    1.49615854 1.49493572
 1.49390649 1.49302999 1.49227563 1.49162017 1.49104579 1.4905386
 1.49008764 1.4896842  1.48932123 1.48899299 1.4886948  1.48842272
 1.48817352]"
2072,"[0.80190297 1.45877682 1.54030586 1.53952067 1.53060918 1.52236954
 1.51571425 1.51042699 1.50619009 1.50274501 1.49990087 1.49751923
 1.49549917 1.49376613 1.49226421 1.49095083 1.48979309 1.48876522
 1.48784674 1.48702126 1.48627544 1.48559838 1.48498104 1.48441591
 1.48389668]"
2073,"[0.51087926 1.42970626 1.62887051 1.67748181 1.69173319 1.69601022
 1.6968696  1.69645319 1.69556034 1.69451569 1.69345686 1.69244195
 1.69149353 1.69061789 1.68981387 1.68907706 1.68840187 1.68778246
 1.68721325 1.68668911 1.68620538 1.68575793 1.68534308 1.6849576
 1.68459861]"
2074,"[0.95302078 1.232213   1.26115683 1.27184925 1.27889135 1.28356564
 1.28677206 1.28906442 1.29076669 1.29207226 1.29310099 1.29393011
 1.29461118 1.29517976 1.29566106 1.29607337 1.29643031 1.29674216
 1.29701684 1.29726054 1.29747816 1.29767362 1.29785011 1.29801025
 1.29815617]"
2075,"[0.67727858 1.35726433 1.49287088 1.52601618 1.53651049 1.54018394
 1.54137034 1.5415457  1.54128966 1.54085239 1.54034864 1.53983274
 1.53933047 1.5388535  1.53840641 1.53799016 1.5376039  1.5372459
 1.53691411 1.53660638 1.53632062 1.53605488 1.53580734 1.53557637
 1.53536048]"
2076,"[1.03539998 1.36710801 1.41543336 1.43441869 1.44854435 1.45931847
 1.46754927 1.47393622 1.47899252 1.48307494 1.48643037 1.48923201
 1.49160363 1.49363549 1.4953947  1.49693202 1.49828651 1.49948867
 1.50056262 1.5015277  1.50239955 1.503191   1.50391261 1.5045732
 1.50518016]"
2077,"[1.08661632 1.42988678 1.47717319 1.4845735  1.48581757 1.48577173
 1.48542849 1.48503932 1.4846731  1.48434644 1.48405993 1.48380954
 1.48359029 1.48339748 1.48322705 1.48307559 1.48294027 1.48281874
 1.48270909 1.48260969 1.48251922 1.48243654 1.48236071 1.48229093
 1.48222652]"
2078,"[0.07173071 0.92665113 1.21586477 1.31479235 1.36171155 1.38878149
 1.40635068 1.41866356 1.42776888 1.43477436 1.44033076 1.44484525
 1.44858562 1.45173516 1.45442356 1.45674514 1.45877016 1.460552
 1.46213199 1.46354256 1.46480958 1.46595389 1.46699249 1.46793938
 1.46880619]"
2079,"[0.1199829  1.15531871 1.46407913 1.58274608 1.63999132 1.67260638
 1.69339757 1.70772087 1.71815545 1.72608169 1.73230039 1.73730628
 1.74142077 1.74486142 1.74778059 1.75028807 1.75246496 1.75437241
 1.75605741 1.75755665 1.75889918 1.7601083  1.76120293 1.76219857
 1.76310805]"
2080,"[0.85467816 1.30555734 1.4350123  1.48536264 1.51059018 1.52543399
 1.53512241 1.54191209 1.54692137 1.55076315 1.55379979 1.55625867
 1.55828934 1.55999409 1.56144518 1.56269505 1.56378267 1.5647376
 1.56558265 1.56633568 1.56701092 1.5676198  1.5681716  1.56867399
 1.56913331]"
2081,"[0.8115483  1.15262804 1.29871902 1.34714864 1.36866954 1.3803992
 1.38768532 1.39262412 1.39618377 1.3988679  1.40096278 1.40264264
 1.4040194  1.40516817 1.40614116 1.40697581 1.40769964 1.40833334
 1.40889275 1.4093902  1.40983544 1.41023628 1.41059904 1.41092891
 1.41123017]"
2082,"[0.75310729 1.38390161 1.48123956 1.5119495  1.52665252 1.53514445
 1.54061374 1.54440283 1.54716962 1.54927179 1.55091938 1.55224325
 1.55332896 1.55423464 1.55500108 1.55565775 1.55622639 1.55672342
 1.55716145 1.55755028 1.55789772 1.55820997 1.55849209 1.5587482
 1.55898173]"
2083,"[0.46469886 1.29018876 1.4648467  1.50758014 1.52197323 1.5277879
 1.53036122 1.53152459 1.53201562 1.53216657 1.53213971 1.53201915
 1.53185044 1.53165896 1.53145916 1.53125928 1.531064   1.53087586
 1.53069616 1.53052541 1.53036369 1.53021081 1.5300664  1.52993004
 1.52980127]"
2084,"[0.82915706 1.31131615 1.41465973 1.44267344 1.45401803 1.45988882
 1.46340435 1.46571813 1.46734461 1.46854466 1.46946349 1.47018788
 1.47077263 1.47125394 1.47165663 1.47199825 1.47229153 1.47254592
 1.4727686  1.47296509 1.47313969 1.47329585 1.47343631 1.4735633
 1.47367866]"
2085,"[0.63537634 1.50166245 1.58071942 1.5674359  1.55009654 1.53625442
 1.52573113 1.51766169 1.51134982 1.50630899 1.50220564 1.49880859
 1.49595451 1.49352558 1.4914351  1.48961802 1.48802473 1.48661679
 1.48536397 1.48424223 1.4832322  1.48231812 1.48148703 1.4807282
 1.48003265]"
2086,"[0.35973507 1.20564395 1.39106051 1.43519475 1.44766136 1.45130391
 1.45205545 1.45177646 1.45113241 1.45038196 1.44962957 1.44891668
 1.44825775 1.44765545 1.4471074  1.44660929 1.4461562  1.44574334
 1.44536626 1.44502098 1.44470394 1.44441206 1.44414262 1.44389324
 1.44366187]"
2087,"[1.30385442 1.47424764 1.52679692 1.54844188 1.55918742 1.5652007
 1.5688828  1.57129825 1.57296977 1.57417644 1.57507774 1.57577007
 1.57631443 1.57675098 1.57710704 1.57740171 1.57764872 1.57785811
 1.57803738 1.57819223 1.57832706 1.5784453  1.57854967 1.57864234
 1.57872507]"
2088,"[1.3233875  1.63745904 1.69288544 1.68291299 1.66916683 1.65793938
 1.64928721 1.64260156 1.63735254 1.63315578 1.62974141 1.62691939
 1.62455395 1.6225464  1.62082373 1.61933101 1.61802624 1.61687685
 1.61585724 1.61494704 1.61412987 1.61339239 1.61272369 1.61211471
 1.61155792]"
2089,"[0.69519988 1.24650079 1.36631766 1.41495649 1.44171429 1.45851404
 1.46999451 1.47832075 1.48462955 1.48957226 1.49354796 1.49681447
 1.49954563 1.50186287 1.5038535  1.50558195 1.50709675 1.50843518
 1.5096263  1.51069315 1.51165421 1.51252444 1.51331614 1.51403948
 1.51470293]"
2090,"[0.83839686 1.40389458 1.4464813  1.43041739 1.41579658 1.40598497
 1.39947581 1.39501788 1.39184846 1.38951584 1.38774659 1.38636956
 1.38527387 1.38438537 1.38365302 1.38304072 1.3825224  1.3820788
 1.38169546 1.38136131 1.38106779 1.38080815 1.38057703 1.38037012
 1.38018392]"
2091,"[0.58254767 1.36078971 1.41278357 1.39868708 1.38571048 1.37674192
 1.37057335 1.36619426 1.36297494 1.36053224 1.35862768 1.35710792
 1.35587106 1.35484731 1.35398755 1.35325634 1.35262757 1.3520816
 1.35160344 1.35118145 1.35080646 1.35047118 1.35016972 1.34989729
 1.34964994]"
2092,"[0.45481142 1.29435026 1.55656499 1.65217941 1.69600409 1.71957401
 1.73375584 1.74300958 1.74942451 1.75408349 1.75759385 1.76031835
 1.76248506 1.76424355 1.76569548 1.76691206 1.76794449 1.76883042
 1.7695981  1.77026908 1.77086007 1.77138422 1.77185199 1.77227181
 1.77265051]"
2093,"[0.69626391 1.2996979  1.43725796 1.46700394 1.47291029 1.47264271
 1.47071591 1.4684574  1.46628008 1.46430311 1.46254579 1.46099392
 1.45962377 1.45841082 1.45733276 1.45637028 1.45550701 1.45472921
 1.45402534 1.45338575 1.45280229 1.45226808 1.4517773  1.45132496
 1.45090681]"
2094,"[0.69001157 0.81883148 1.18660558 1.37849883 1.47705255 1.53545588
 1.57366127 1.60045297 1.6202211  1.63538044 1.64736111 1.65706093
 1.66507062 1.67179415 1.67751682 1.68244571 1.68673463 1.69050021
 1.69383245 1.69680187 1.69946452 1.7018655  1.70404149 1.70602263
 1.70783394]"
2095,"[0.62288116 1.21225162 1.31674245 1.3494588  1.36376163 1.37138971
 1.37600979 1.3790617  1.38120763 1.38278893 1.38399727 1.38494774
 1.38571318 1.38634173 1.38686642 1.38731055 1.38769106 1.38802047
 1.38830828 1.38856179 1.38878671 1.38898755 1.38916793 1.3893308
 1.38947856]"
2096,"[0.76644894 1.2698126  1.39707499 1.44261881 1.46416912 1.47630923
 1.48395926 1.48916588 1.49291314 1.49572645 1.49790939 1.49964852
 1.50106433 1.50223781 1.50322531 1.50406716 1.50479291 1.50542472
 1.50597951 1.50647038 1.50690766 1.50729958 1.50765278 1.50797268
 1.50826374]"
2097,"[0.49606942 1.03147218 1.11086046 1.1418586  1.15902493 1.16976685
 1.17705251 1.18229233 1.18623084 1.18929412 1.19174216 1.193742
 1.19540561 1.19681074 1.19801298 1.19905314 1.19996178 1.20076228
 1.20147281 1.20210768 1.20267833 1.20319402 1.2036623  1.20408941
 1.20448054]"
2098,"[0.66971694 0.98821534 1.00103376 0.98490861 0.97495006 0.9694351
 0.96621844 0.96421624 0.96289667 0.96198485 0.96132984 0.96084396
 0.96047375 0.96018521 0.95995594 0.9597707  0.95961885 0.95949277
 0.95938691 0.95929712 0.95922029 0.959154   0.9590964  0.959046
 0.95900165]"
2099,"[0.66127923 1.28477848 1.4279833  1.46829221 1.48451104 1.49253761
 1.49705834 1.49983922 1.50166283 1.50291816 1.50381582 1.5044777
 1.50497818 1.50536467 1.50566852 1.5059111  1.50610734 1.50626796
 1.50640077 1.5065116  1.50660483 1.50668383 1.50675121 1.50680902
 1.5068589 ]"
2100,"[0.59412793 0.93651879 0.98504645 1.01742916 1.03948086 1.05469051
 1.06561386 1.07377469 1.08007861 1.0850838  1.08914884 1.09251307
 1.09534179 1.0977525  1.09983091 1.10164094 1.10323117 1.10463918
 1.10589449 1.10702057 1.10803634 1.10895722 1.10979587 1.11056282
 1.11126686]"
2101,"[0. 0. 0. 0. 0. 0. 0. 0. 0. 0. 0. 0. 0. 0. 0. 0. 0. 0. 0. 0. 0. 0. 0. 0.
 0.]"
2102,"[0.89383201 1.36499005 1.53118654 1.59084294 1.61752551 1.63206412
 1.64108193 1.64718519 1.65157829 1.65488729 1.65746765 1.65953542
 1.66122924 1.66264197 1.66383818 1.66486407 1.66575359 1.66653223
 1.66721952 1.66783065 1.66837761 1.66887001 1.66931563 1.66972084
 1.6700909 ]"
2103,"[1.13067103 1.5973552  1.68296834 1.68068733 1.66850724 1.65771636
 1.64939136 1.64308575 1.6382634  1.63451201 1.63154001 1.62914425
 1.62718213 1.6255521  1.62418062 1.62301354 1.62201027 1.62113996
 1.62037883 1.61970826 1.61911355 1.61858291 1.61810685 1.61767758
 1.61728873]"
2104,"[1.28150256 1.67567533 1.72316558 1.71530354 1.70441692 1.69582015
 1.68938414 1.68451831 1.6807586  1.67778725 1.67539008 1.67342079
 1.67177732 1.67038685 1.6691963  1.6681662  1.66726666 1.66647468
 1.6657723  1.6651453  1.66458229 1.66407404 1.663613   1.66319294
 1.66280867]"
2105,"[0.574186   1.47946127 1.60883541 1.63432267 1.64166438 1.64417385
 1.64505378 1.64530112 1.64528312 1.64515137 1.64497339 1.64478071
 1.64458836 1.64440336 1.64422879 1.64406569 1.64391409 1.64377349
 1.64364319 1.64352239 1.64341029 1.64330612 1.64320918 1.64311881
 1.64303441]"
2106,"[1.05267754 1.49742785 1.5644336  1.59074663 1.60436396 1.61244496
 1.61772206 1.62141316 1.6241294  1.62620719 1.62784559 1.62916936
 1.63026048 1.63117488 1.63195202 1.63262047 1.63320142 1.63371093
 1.63416135 1.63456236 1.63492163 1.63524535 1.63553853 1.63580527
 1.636049  ]"
2107,"[0.74994814 1.27852226 1.37362617 1.39609895 1.40383755 1.40740859
 1.40938848 1.41062174 1.41145281 1.41204538 1.41248625 1.41282531
 1.41309311 1.41330928 1.41348701 1.41363539 1.41376094 1.4138684
 1.4139613  1.41404234 1.4141136  1.41417669 1.41423292 1.41428331
 1.41432872]"
2108,"[1.05992811 1.54750551 1.59292195 1.57483641 1.5580367  1.54687182
 1.53959245 1.53470126 1.53128859 1.52882143 1.52698121 1.52557118
 1.5244655  1.52358107 1.52286132 1.52226675 1.52176909 1.52134769
 1.52098717 1.52067591 1.52040494 1.5201673  1.51995748 1.5197711
 1.51960461]"
2109,"[1.12754172 1.47576998 1.53317546 1.52622317 1.51684698 1.51046653
 1.50631751 1.50354015 1.50160476 1.50020377 1.49915534 1.49834818
 1.4977116  1.49719912 1.4967792  1.49642984 1.4961353  1.49588407
 1.49566758 1.49547932 1.49531427 1.49516852 1.49503896 1.49492311
 1.49481896]"
2110,"[0.93529432 1.56891677 1.6664424  1.66099305 1.6428364  1.62599256
 1.61214033 1.60094526 1.59184257 1.58435084 1.57810335 1.57282762
 1.568321   1.56443134 1.56104294 1.55806664 1.55543281 1.55308642
 1.55098345 1.54908833 1.54737201 1.54581055 1.54438409 1.54307598
 1.54187218]"
2111,"[0.72741371 1.23597275 1.35434876 1.38806341 1.4016751  1.40858475
 1.41264081 1.41526542 1.41708501 1.4184125  1.41941956 1.42020746
 1.42083938 1.42135669 1.42178746 1.42215141 1.42246274 1.42273194
 1.42296692 1.42317374 1.42335711 1.42352076 1.42366769 1.42380031
 1.42392058]"
2112,"[0.96915331 1.40388045 1.43047034 1.42081195 1.41286939 1.40771149
 1.40430791 1.4019601  1.40026937 1.39900605 1.39803256 1.3972629
 1.39664113 1.39612961 1.39570218 1.3953402  1.39503005 1.39476158
 1.3945271  1.39432064 1.39413757 1.39397419 1.39382753 1.39369519
 1.3935752 ]"
2113,"[0.899732   1.22989951 1.2729459  1.28862537 1.29517051 1.29836405
 1.30013378 1.30121168 1.30191636 1.30240275 1.30275314 1.30301439
 1.30321475 1.30337208 1.30349809 1.30360076 1.30368564 1.30375674
 1.30381695 1.30386847 1.30391294 1.30395164 1.30398556 1.30401549
 1.30404205]"
2114,"[0.46121606 1.18839026 1.3755515  1.44090483 1.47099637 1.48761188
 1.49793705 1.50489576 1.50986882 1.51358311 1.51645396 1.51873438
 1.52058659 1.52211902 1.52340675 1.52450327 1.52544772 1.52626932
 1.52699031 1.52762793 1.5281957  1.5287044  1.52916273 1.52957775
 1.52995527]"
2115,"[0.21844645 1.16832566 1.37412175 1.44025131 1.46998053 1.48624729
 1.49631322 1.50308227 1.50791375 1.51151961 1.51430537 1.51651757
 1.51831404 1.51980019 1.52104895 1.52211226 1.52302809 1.52382479
 1.52452394 1.52514225 1.52569285 1.52618618 1.52663067 1.52703317
 1.52739931]"
2116,"[0.51977621 1.15830796 1.34052812 1.40723944 1.44008844 1.4593638
 1.47196538 1.48082244 1.48737774 1.49242058 1.49641785 1.49966289
 1.50234903 1.50460877 1.50653589 1.50819862 1.50964775 1.51092188
 1.51205084 1.51305807 1.51396222 1.51477832 1.51551862 1.51619319
 1.51681042]"
2117,"[1.05354158 1.46500974 1.50964221 1.52134172 1.5279629  1.53241749
 1.53560197 1.53797245 1.53979487 1.54123378 1.54239549 1.54335118
 1.54415005 1.54482707 1.54540768 1.54591079 1.54635074 1.54673857
 1.54708292 1.54739064 1.54766721 1.54791711 1.54814396 1.54835081
 1.54854016]"
2118,"[0.51162926 1.34528533 1.46257932 1.48196472 1.48493776 1.48438539
 1.48305931 1.48166072 1.48037498 1.47924003 1.47825004 1.47738749
 1.47663358 1.47597132 1.47538632 1.47486662 1.47440238 1.47398551
 1.47360934 1.47326835 1.47295793 1.47267423 1.47241399 1.47217447
 1.47195333]"
2119,"[1.13032428 1.46069244 1.48995733 1.48370056 1.47697903 1.47208931
 1.46859005 1.46601697 1.46406455 1.46254044 1.46132143 1.46032622
 1.45949943 1.45880228 1.45820688 1.45769273 1.4572444  1.45685014
 1.45650079 1.45618914 1.45590945 1.45565705 1.45542818 1.45521969
 1.455029  ]"
2120,"[0.69938955 1.08490801 1.28035629 1.36638136 1.4090732  1.43374011
 1.44958828 1.4605535  1.46855958 1.47464713 1.47942437 1.48326906
 1.48642754 1.48906699 1.49130468 1.49322526 1.49489124 1.49634983
 1.49763728 1.49878189 1.49980609 1.50072783 1.50156172 1.50231968
 1.5030116 ]"
2121,"[0.71388671 1.05481255 1.22955449 1.28921538 1.31615025 1.33091983
 1.34010036 1.34631075 1.35077243 1.35412425 1.35673028 1.35881226
 1.36051257 1.36192659 1.36312055 1.36414181 1.36502513 1.36579655
 1.36647597 1.36707886 1.36761742 1.36810138 1.36853862 1.36893558
 1.36929756]"
2122,"[0.83576251 1.01251271 1.07266618 1.09721962 1.10970909 1.11692418
 1.12149981 1.12461104 1.12684165 1.12850812 1.12979452 1.13081417
 1.13164024 1.1323218  1.13289292 1.13337787 1.13379442 1.13415583
 1.13447218 1.13475126 1.1349992  1.13522085 1.13542013 1.13560023
 1.13576374]"
2123,"[0.80656909 1.33326276 1.39936939 1.41395587 1.42026523 1.42382893
 1.42610787 1.42767996 1.4288237  1.42968973 1.43036633 1.43090839
 1.43135173 1.43172065 1.43203215 1.4322985  1.43252872 1.4327296
 1.43290637 1.43306306 1.43320289 1.4333284  1.43344168 1.43354442
 1.43363801]"
2124,"[0.8852825  1.32628413 1.37232815 1.38631687 1.3947487  1.40042885
 1.40445577 1.40743181 1.40970879 1.41150157 1.41294697 1.41413557
 1.41512938 1.41597218 1.41669565 1.41732328 1.41787279 1.41835783
 1.41878906 1.41917493 1.4195222  1.41983636 1.42012192 1.42038261
 1.42062152]"
2125,"[0.93802058 1.34308573 1.43345777 1.46552882 1.48303464 1.49444097
 1.50253081 1.50857595 1.51326385 1.51700367 1.52005522 1.52259154
 1.52473231 1.52656295 1.52814603 1.52952838 1.53074578 1.53182598
 1.53279088 1.53365795 1.53444132 1.53515252 1.53580106 1.53639486
 1.53694055]"
2126,"[0.73193683 1.46419055 1.57251727 1.59942328 1.61037592 1.61626717
 1.62000687 1.62263299 1.62460029 1.62614019 1.62738409 1.62841296
 1.62927985 1.63002124 1.63066314 1.6312247  1.63172035 1.63216121
 1.63255601 1.63291166 1.63323378 1.63352692 1.63379486 1.63404073
 1.63426717]"
2127,"[1.03464634 1.59259297 1.66149214 1.66736397 1.66736378 1.66717437
 1.66723351 1.66745644 1.6677555  1.66807951 1.66840205 1.66871052
 1.66899953 1.66926746 1.66951454 1.6697419  1.66995102 1.6701435
 1.6703209  1.67048469 1.6706362  1.67077664 1.67090709 1.6710285
 1.67114174]"
2128,"[0.80711852 1.53251654 1.59063384 1.5812448  1.5725313  1.56629263
 1.56169164 1.5581637  1.55537222 1.55310802 1.55123453 1.54965867
 1.54831481 1.5471553  1.5461447  1.54525611 1.54446871 1.54376619
 1.54313555 1.5425663  1.54204992 1.54157937 1.54114882 1.54075339
 1.54038894]"
2129,"[0.77137165 1.51279832 1.59337    1.60498478 1.60577058 1.60437802
 1.60263969 1.60099822 1.59954954 1.59829511 1.59721207 1.59627399
 1.59545695 1.59474082 1.59410908 1.59354833 1.59304768 1.59259824
 1.59219273 1.59182516 1.59149052 1.59118466 1.59090407 1.59064577
 1.59040725]"
2130,"[0.80999679 1.23770333 1.29604727 1.31596885 1.32631077 1.3324803
 1.33651641 1.33933983 1.34141637 1.34300348 1.34425381 1.34526313
 1.34609434 1.34679036 1.34738147 1.34788955 1.34833086 1.34871766
 1.34905943 1.34936356 1.34963592 1.34988121 1.35010328 1.35030525
 1.35048973]"
2131,"[0.37218704 1.18148164 1.24611095 1.24303624 1.23786723 1.23463417
 1.23275576 1.23165551 1.23099927 1.23060312 1.23036408 1.23022265
 1.23014327 1.23010406 1.23009116 1.23009563 1.23011155 1.23013496
 1.23016317 1.23019433 1.23022717 1.2302608  1.2302946  1.23032815
 1.23036115]"
2132,"[0.40094066 0.52304168 0.60621184 0.64212371 0.66356702 0.6787241
 0.69012495 0.6989712  0.70599208 0.71167189 0.7163446  0.72024619
 0.7235468  0.72637144 0.72881362 0.73094441 0.73281864 0.73447923
 0.73596016 0.73728869 0.7384869  0.73957282 0.74056139 0.74146498
 0.74229402]"
2133,"[0.49741624 0.51007816 0.54782397 0.5998003  0.63599712 0.66024809
 0.67714859 0.68944704 0.69873535 0.70596877 0.71174611 0.71645837
 0.72037027 0.72366671 0.72648041 0.72890888 0.73102532 0.73288562
 0.7345332  0.73600228 0.73732014 0.73850882 0.7395863  0.74056739
 0.74146439]"
2134,"[0.70156747 1.32560159 1.40803191 1.43080309 1.4404115  1.4455055
 1.4486126  1.45069176 1.45217625 1.45328767 1.45415035 1.45483914
 1.45540171 1.45586979 1.45626533 1.45660398 1.45689719 1.45715353
 1.45737954 1.45758031 1.45775985 1.45792136 1.45806743 1.45820016
 1.45832131]"
2135,"[0.88536491 1.38268195 1.49975143 1.52853927 1.53853629 1.54275022
 1.54472093 1.54568629 1.54615597 1.54636502 1.54643109 1.54641682
 1.54635715 1.54627226 1.54617411 1.5460699  1.54596402 1.54585912
 1.54575679 1.54565794 1.54556305 1.54547235 1.54538589 1.54530359
 1.54522533]"
2136,"[0.81509644 1.32817741 1.4181028  1.44681502 1.45994802 1.46724295
 1.47181444 1.47492224 1.47716171 1.47884726 1.48015931 1.48120829
 1.48206536 1.48277831 1.48338039 1.48389542 1.48434088 1.48472989
 1.48507249 1.48537648 1.485648   1.48589197 1.48611237 1.48631244
 1.48649486]"
2137,"[0.88550821 1.4244746  1.50444408 1.53025942 1.54148627 1.54722678
 1.55050739 1.55253868 1.55387417 1.55479388 1.55545099 1.55593471
 1.55629969 1.55658083 1.55680125 1.55697668 1.55711815 1.55723355
 1.55732863 1.55740769 1.55747394 1.55752985 1.55757735 1.55761792
 1.55765276]"
2138,"[0.97122314 1.46322471 1.50577003 1.52153653 1.53099041 1.53695729
 1.54091584 1.54367211 1.54567305 1.54717715 1.548341   1.54926363
 1.55001012 1.55062467 1.55113821 1.55157294 1.55194512 1.55226694
 1.55254769 1.55279453 1.5530131  1.55320786 1.55338242 1.55353968
 1.55368204]"
2139,"[0.60006566 1.18266721 1.2851116  1.29247129 1.29016877 1.2874872
 1.28541709 1.28389698 1.28277259 1.28192386 1.28126881 1.28075251
 1.2803378  1.27999906 1.27971825 1.2794824  1.279282   1.27910998
 1.27896095 1.27883078 1.27871623 1.27861476 1.27852432 1.27844327
 1.27837027]"
2140,"[0.73666517 0.80325105 0.76014884 0.70585861 0.65994333 0.62417679
 0.59692525 0.57624069 0.56048348 0.54839161 0.53902599 0.53169747
 0.5259023  0.52127164 0.51753403 0.5144882  0.51198362 0.50990666
 0.50817073 0.50670923 0.50547041 0.50441376 0.50350724 0.50272532
 0.5020475 ]"
2141,"[0.50140433 0.72003848 0.74049864 0.72168815 0.69697156 0.67406103
 0.65439672 0.63783901 0.62390926 0.61212379 0.60207315 0.59342903
 0.58593264 0.57938044 0.57361172 0.56849869 0.56393894 0.55984964
 0.55616332 0.55282447 0.54978717 0.54701305 0.5444699  0.54213048
 0.5399716 ]"
2142,"[0.796054   0.71529593 0.64015834 0.60260951 0.59658881 0.60277578
 0.61132563 0.61928534 0.62606548 0.63171782 0.63642833 0.64038142
 0.64372995 0.64659408 0.64906691 0.65122057 0.6531113  0.65478329
 0.65627167 0.65760456 0.65880477 0.6598909  0.66087829 0.66177968
 0.66260574]"
2143,"[0.63589542 1.05849785 1.11069142 1.13068238 1.14400848 1.15318154
 1.15970884 1.16453045 1.16821412 1.17110978 1.17344083 1.17535508
 1.17695367 1.17830785 1.17946916 1.18047572 1.1813563  1.18213301
 1.1828231  1.18344021 1.18399529 1.1844972  1.1849532  1.18536929
 1.18575048]"
2144,"[0.66842517 1.24902453 1.34029851 1.36731949 1.37880601 1.38482379
 1.38842448 1.39078312 1.392432   1.39364221 1.39456449 1.39528865
 1.39587116 1.39634919 1.39674811 1.39708576 1.39737506 1.39762559
 1.39784456 1.39803751 1.39820878 1.3983618  1.3984993  1.39862352
 1.39873628]"
2145,"[0.73656207 1.41947601 1.50783965 1.52731274 1.53526971 1.53988157
 1.54302883 1.54535707 1.54716193 1.54860568 1.54978773 1.55077343
 1.55160781 1.55232309 1.55294292 1.5534851  1.55396327 1.55438807
 1.5547679  1.55510952 1.55541837 1.55569894 1.55595492 1.55618939
 1.55640494]"
2146,"[0.55416156 1.19150444 1.30294212 1.33791913 1.35409511 1.36319254
 1.36895073 1.3728952  1.37575416 1.37791568 1.37960418 1.38095795
 1.38206657 1.38299049 1.38377194 1.38444128 1.38502084 1.38552744
 1.38597395 1.38637042 1.38672476 1.38704332 1.38733123 1.3875927
 1.38783119]"
2147,"[0.99760737 1.37537464 1.44141913 1.46968405 1.48608704 1.49671913
 1.50410831 1.50951314 1.51362477 1.51685096 1.5194463  1.52157729
 1.52335713 1.52486525 1.52615898 1.5272807  1.52826235 1.52912849
 1.52989826 1.53058683 1.53120635 1.53176666 1.53227583 1.53274055
 1.53316636]"
2148,"[1.09955723 1.42460936 1.45182496 1.46401008 1.47499323 1.48372683
 1.49046974 1.49571993 1.49988215 1.50324526 1.50601094 1.50832116
 1.51027753 1.51195422 1.51340637 1.51467574 1.51579446 1.51678763
 1.51767509 1.51847276 1.51919354 1.51984797 1.52044477 1.5209912
 1.52149335]"
2149,"[0.80024478 1.34133111 1.41167162 1.44224321 1.46098413 1.47331241
 1.48191187 1.48820884 1.49300213 1.49676556 1.49979528 1.50228495
 1.50436612 1.50613109 1.50764646 1.50896145 1.51011318 1.51113017
 1.51203468 1.51284435 1.51357331 1.51423304 1.51483292 1.51538073
 1.51588295]"
2150,"[0.9857768  1.24678671 1.29844865 1.31979986 1.33126716 1.33840165
 1.343272   1.34681191 1.3495031  1.35161926 1.35332753 1.35473582
 1.355917   1.35692202 1.35778765 1.35854105 1.35920276 1.35978858
 1.36031087 1.36077945 1.36120221 1.36158556 1.36193476 1.3622542
 1.36254753]"
2151,"[0.39484604 1.08972572 1.21021014 1.24010786 1.25235169 1.2588061
 1.26275119 1.2654029  1.26730554 1.26873681 1.2698526  1.27074696
 1.27147995 1.27209173 1.27261012 1.27305503 1.27344109 1.27377928
 1.274078   1.27434378 1.27458181 1.27479623 1.27499038 1.27516701
 1.27532841]"
2152,"[1.04458961 1.55953524 1.63049867 1.63143982 1.62294567 1.61430636
 1.6069797  1.60098036 1.59607477 1.59202936 1.58865558 1.58580926
 1.5833815  1.58128978 1.57947104 1.57787652 1.57646813 1.57521572
 1.57409519 1.5730871  1.57217556 1.57134751 1.57059213 1.56990035
 1.56926455]"
2153,"[0.85676965 1.34971685 1.40460482 1.42470296 1.43588598 1.44274478
 1.44728424 1.45047547 1.45282689 1.45462474 1.45604051 1.45718246
 1.45812197 1.45890785 1.45957454 1.46014698 1.46064367 1.46107859
 1.46146251 1.46180384 1.46210926 1.46238412 1.46263276 1.46285875
 1.46306502]"
2154,"[0.32190871 1.06084493 1.26273019 1.32563586 1.35335994 1.36845885
 1.37782887 1.38416848 1.3887266  1.39215423 1.39482188 1.39695513
 1.39869883 1.40015012 1.40137643 1.40242607 1.40333447 1.40412822
 1.40482766 1.4054486  1.40600351 1.40650235 1.40695319 1.40736263
 1.4077361 ]"
2155,"[1.21783677 1.42447468 1.41030974 1.39868883 1.3926078  1.38903547
 1.38670465 1.3850662  1.38385137 1.38291432 1.38216929 1.38156255
 1.38105877 1.3806337  1.3802702  1.37995576 1.37968105 1.37943898
 1.37922404 1.37903191 1.37885913 1.37870292 1.378561   1.37843149
 1.37831283]"
2156,"[0.49908779 0.98170465 1.07407643 1.11143716 1.13294196 1.14706666
 1.15705265 1.16447636 1.17020515 1.17475615 1.1784565  1.181523
 1.18410488 1.1863081  1.18820995 1.18986809 1.19132639 1.19261883
 1.19377211 1.19480749 1.19574215 1.19659007 1.19736276 1.1980698
 1.19871919]"
2157,"[0.79116488 1.218683   1.36450061 1.42164555 1.44989599 1.46622376
 1.47668481 1.48388762 1.48911617 1.49306759 1.49614982 1.49861601
 1.50063094 1.50230611 1.5037195  1.50492717 1.50597041 1.50688024
 1.50768043 1.50838946 1.5090219  1.50958942 1.51010142 1.51056562
 1.51098834]"
2158,"[0.37803492 1.20439775 1.31885091 1.3455342  1.35699055 1.36361543
 1.36802957 1.3712108  1.37362181 1.37551542 1.37704329 1.37830255
 1.37935852 1.38025685 1.38103042 1.38170355 1.38229461 1.38281775
 1.38328404 1.38370227 1.38407949 1.38442146 1.3847329  1.38501771
 1.38527917]"
2159,"[0.65820871 1.17915251 1.27666647 1.29411236 1.29834668 1.29944645
 1.29960317 1.29944398 1.2991814  1.29889477 1.29861482 1.29835298
 1.29811264 1.2978938  1.29769508 1.29751464 1.29735056 1.29720104
 1.29706441 1.29693923 1.29682422 1.29671824 1.29662034 1.29652965
 1.29644545]"
2160,"[1.14549773 1.56160032 1.62515929 1.61929272 1.60761808 1.597307
 1.58895038 1.58222922 1.57677019 1.57227491 1.56852146 1.56534678
 1.56263024 1.56028153 1.558232   1.55642879 1.55483057 1.55340466
 1.5521249  1.5509701  1.54992295 1.54896918 1.54809691 1.54729617
 1.54655857]"
2161,"[0.69299358 1.13476784 1.20975976 1.23231918 1.24332299 1.24993669
 1.25435473 1.25750743 1.25986445 1.2616896  1.26314244 1.264325
 1.26530544 1.26613094 1.2668352  1.26744285 1.26797232 1.26843767
 1.26884981 1.2692173  1.26954697 1.26984436 1.27011394 1.27035943
 1.27058391]"
2162,"[0.78884874 1.35206182 1.47400515 1.51750886 1.53873705 1.55097967
 1.55883627 1.56426333 1.56821802 1.5712187  1.57356851 1.57545572
 1.57700305 1.57829371 1.57938601 1.580322   1.58113268 1.58184143
 1.5824662  1.58302097 1.5835168  1.58396256 1.58436541 1.58473124
 1.5850649 ]"
2163,"[1.00395709 1.34572357 1.41228289 1.43300427 1.44339615 1.44961239
 1.45371898 1.45662095 1.45877482 1.46043418 1.46175045 1.46281937
 1.46370427 1.46444866 1.46508342 1.46563101 1.46610816 1.46652762
 1.46689921 1.46723067 1.46752816 1.46779663 1.46804012 1.46826196
 1.46846491]"
2164,"[0.96916593 1.52120741 1.60470645 1.62192954 1.6240818  1.62253345
 1.62016153 1.61777193 1.61558817 1.6136542  1.61195763 1.6104705
 1.60916316 1.60800871 1.60698407 1.60606992 1.60525021 1.60451162
 1.60384308 1.60323538 1.60268076 1.60217272 1.60170574 1.6012751
 1.6008768 ]"
2165,"[0.20831511 0.87046322 1.01527351 1.06269599 1.0854928  1.09876256
 1.1074055  1.1134668  1.11794599 1.12138766 1.12411311 1.12632386
 1.12815254 1.12968997 1.13100037 1.13213042 1.13311486 1.13398006
 1.13474639 1.13542985 1.13604317 1.1365966  1.13709849 1.13755571
 1.13797395]"
2166,"[1.3604433  1.52447993 1.45197415 1.41587376 1.40274202 1.39804871
 1.39638487 1.39587694 1.39583373 1.39597979 1.39619835 1.39643787
 1.39667536 1.3969009  1.39711069 1.39730388 1.39748094 1.39764298
 1.39779129 1.39792718 1.39805192 1.39816665 1.39827242 1.39837014
 1.39846065]"
2167,"[0.618719   1.09621931 1.20526796 1.2415514  1.25880622 1.26874834
 1.27517518 1.27965726 1.2829554  1.28548116 1.28747593 1.28909039
 1.29042335 1.29154222 1.29249456 1.29331484 1.29402866 1.29465543
 1.2952101  1.29570442 1.2961477  1.29654744 1.29690974 1.29723962
 1.29754123]"
2168,"[0.79727923 1.25609234 1.33295987 1.34538087 1.34735329 1.34713155
 1.3464341  1.34568964 1.34500865 1.34441265 1.34389751 1.34345265
 1.34306702 1.34273085 1.34243595 1.34217564 1.34194445 1.34173796
 1.34155253 1.3413852  1.34123349 1.34109538 1.34096914 1.34085332
 1.34074672]"
2169,"[1.15847733 1.44515008 1.55473636 1.58838466 1.6027402  1.61048729
 1.61534802 1.61871188 1.62119857 1.62312379 1.62466546 1.6259319
 1.62699324 1.62789708 1.62867698 1.62935743 1.62995672 1.63048881
 1.6309646  1.63139272 1.63178007 1.6321323  1.63245401 1.63274905
 1.63302064]"
2170,"[0.84483896 1.05090082 1.17764384 1.22736154 1.25190025 1.26614365
 1.27533685 1.28172105 1.28639607 1.28995926 1.29276102 1.29501962
 1.29687777 1.29843251 1.29975206 1.30088572 1.30186997 1.30273237
 1.30349414 1.30417184 1.30477861 1.305325   1.30581955 1.30626929
 1.30668004]"
2171,"[0.67454806 0.99892859 1.00016277 1.01284894 1.02648699 1.0368127
 1.04444205 1.05020791 1.05468815 1.0582584  1.06116559 1.06357651
 1.06560709 1.06734013 1.06883621 1.07014059 1.07128777 1.07230447
 1.07321168 1.07402614 1.07476137 1.07542836 1.07603618 1.07659236
 1.0771032 ]"
2172,"[0.96497305 1.4417734  1.50439212 1.52079203 1.52661272 1.52883124
 1.52962893 1.5298141  1.52972266 1.5295062  1.52923717 1.5289514
 1.52866685 1.5283924  1.52813211 1.52788753 1.52765888 1.52744564
 1.52724696 1.52706185 1.52688928 1.52672822 1.52657773 1.52643692
 1.52630498]"
2173,"[1.19602644 1.52123741 1.58209341 1.59019473 1.58871316 1.58559871
 1.58250534 1.57977482 1.57743524 1.57544052 1.57373373 1.57226365
 1.57098791 1.56987249 1.5688902  1.56801936 1.56724252 1.56654559
 1.56591708 1.56534754 1.56482918 1.56435547 1.56392096 1.56352101
 1.56315169]"
2174,"[0.8240559  1.29838419 1.40643124 1.42205418 1.42322341 1.42210478
 1.42079019 1.41964783 1.41871041 1.41794695 1.41732092 1.41680187
 1.41636638 1.41599681 1.41567984 1.41540536 1.41516559 1.41495451
 1.41476736 1.41460036 1.41445049 1.41431526 1.41419267 1.41408104
 1.41397899]"
2175,"[0.83410632 1.44533142 1.55476192 1.58507012 1.59752827 1.60404895
 1.60800188 1.6106387  1.61251812 1.61392389 1.61501447 1.615885
 1.61659592 1.61718743 1.61768731 1.61811533 1.61848595 1.61881003
 1.6190958  1.61934971 1.61957679 1.6197811  1.61996591 1.62013387
 1.6202872 ]"
2176,"[0.40984835 1.21995663 1.47399615 1.56506088 1.60778553 1.63177466
 1.64689759 1.65721499 1.66466556 1.67028029 1.67465383 1.67815153
 1.68100945 1.68338651 1.68539346 1.6871097  1.68859359 1.68988896
 1.69102931 1.69204073 1.69294375 1.69375483 1.69448724 1.69515184
 1.69575759]"
2177,"[0.4389263  0.85389972 1.02007095 1.08796033 1.124313   1.14683685
 1.16211731 1.17314617 1.18147279 1.18797775 1.1931977  1.19747793
 1.20105049 1.20407703 1.20667354 1.20892541 1.21089685 1.21263709
 1.21418447 1.21556933 1.21681596 1.21794405 1.21896972 1.21990629
 1.22076489]"
2178,"[0.98413682 1.48877898 1.59969258 1.63989177 1.65912365 1.66978914
 1.67632999 1.68064627 1.68365676 1.68584903 1.68750136 1.68878216
 1.68979832 1.69062044 1.69129677 1.6918612  1.69233817 1.69274568
 1.69309724 1.69340315 1.69367141 1.69390829 1.69411878 1.69430689
 1.69447589]"
2179,"[0.77790653 1.41371519 1.56167547 1.61215419 1.63566704 1.6487266
 1.65684857 1.66231193 1.66620365 1.66909912 1.671328   1.6730913
 1.67451782 1.67569358 1.67667803 1.67751345 1.6782307  1.67885276
 1.67939709 1.67987719 1.68030361 1.68068477 1.68102741 1.68133702
 1.68161809]"
2180,"[0.57727377 1.14061896 1.22481795 1.25408192 1.27188102 1.28366844
 1.29185865 1.29780914 1.30230062 1.30579935 1.30859618 1.31088028
 1.31277927 1.31438211 1.31575254 1.31693736 1.31797168 1.31888232
 1.31969012 1.3204115  1.32105957 1.32164495 1.32217627 1.32266067
 1.3231041 ]"
2181,"[0.8949687  1.36467123 1.33869589 1.3021447  1.28217287 1.27182053
 1.26624843 1.263096   1.26123207 1.26009136 1.25937607 1.25892117
 1.25863098 1.25844785 1.25833581 1.2582718  1.25824065 1.25823219
 1.25823943 1.25825756 1.25828316 1.25831382 1.25834782 1.25838389
 1.25842115]"
2182,"[1.06294423 1.42531364 1.44620791 1.44088586 1.43524573 1.4309445
 1.42772453 1.42526565 1.42334099 1.42179948 1.42053986 1.41949274
 1.41860931 1.41785443 1.41720224 1.41663329 1.41613271 1.41568897
 1.41529295 1.4149374  1.41461643 1.41432525 1.41405992 1.41381716
 1.4135942 ]"
2183,"[0.616064   1.2545336  1.30456747 1.3050417  1.3039772  1.30373725
 1.30395098 1.30433988 1.30477518 1.3052028  1.30560195 1.30596633
 1.30629582 1.3065928  1.30686044 1.30710205 1.30732072 1.3075192
 1.30769995 1.30786506 1.30801637 1.30815546 1.30828368 1.30840222
 1.3085121 ]"
2184,"[0.07587573 0.7329534  0.97714752 1.07024358 1.11238601 1.13492017
 1.14855098 1.15755658 1.16390128 1.16859189 1.17219087 1.17503457
 1.17733541 1.17923372 1.18082568 1.18217932 1.18334403 1.18435654
 1.18524466 1.18602987 1.18672899 1.18735538 1.18791978 1.18843092
 1.18889597]"
2185,"[0.92221733 1.28952446 1.33875662 1.37519795 1.40144435 1.41953816
 1.43235981 1.44179549 1.44898275 1.45461897 1.45914721 1.46285957
 1.4659553  1.46857445 1.47081806 1.47276078 1.47445885 1.47595541
 1.47728409 1.47847148 1.47953885 1.48050344 1.48137934 1.4821782
 1.48290971]"
2186,"[1.14464782 1.45762605 1.48531207 1.49556742 1.50179428 1.5054734
 1.5077151  1.50914165 1.51008674 1.51073457 1.51119132 1.5115209
 1.51176326 1.51194426 1.51208113 1.51218565 1.51226608 1.51232828
 1.51237655 1.51241403 1.51244309 1.5124655  1.51248265 1.51249559
 1.51250515]"
2187,"[0.46559482 1.22619249 1.41947273 1.4891169  1.52319093 1.54302124
 1.55588331 1.5648616  1.57146836 1.57652625 1.58051914 1.58374941
 1.58641541 1.58865245 1.59055594 1.59219506 1.59362113 1.59487303
 1.59598076 1.59696781 1.59785284 1.59865085 1.59937407 1.6000325
 1.60063448]"
2188,"[0.51069682 1.52475605 1.66093867 1.67760711 1.6778406  1.67659167
 1.67585614 1.67565024 1.67577641 1.67608336 1.67647837 1.67690825
 1.67734342 1.67776795 1.67817373 1.67855705 1.67891674 1.679253
 1.67956679 1.67985942 1.68013237 1.68038712 1.68062512 1.68084774
 1.68105626]"
2189,"[0.8801297  1.53331897 1.6229811  1.63880174 1.64095299 1.63981706
 1.63790448 1.63592872 1.63409807 1.6324614  1.63101534 1.62974058
 1.6286147  1.62761658 1.62672772 1.62593241 1.62521746 1.62457181
 1.62398624 1.62345299 1.62296554 1.62251838 1.6221068  1.6217268
 1.62137493]"
2190,"[0.97886011 1.44683032 1.52050784 1.5296439  1.52881744 1.52646354
 1.52416472 1.52220028 1.52057012 1.51921987 1.51809365 1.51714515
 1.51633814 1.51564476 1.51504354 1.51451785 1.5140547  1.51364381
 1.513277   1.51294766 1.51265043 1.51238088 1.51213539 1.51191089
 1.51170485]"
2191,"[0.83588312 1.49288681 1.61840192 1.64479776 1.65094955 1.65196276
 1.65149108 1.65059984 1.64963609 1.64871651 1.64787675 1.64712267
 1.64644929 1.64584829 1.64531082 1.64482863 1.64439445 1.64400199
 1.64364586 1.64332149 1.64302499 1.64275303 1.64250278 1.64227181
 1.64205802]"
2192,"[0.68537436 1.45708707 1.58206548 1.61198896 1.62430602 1.63098159
 1.63516962 1.63804175 1.64013317 1.64172349 1.64297308 1.64398056
 1.64480989 1.64550436 1.6460943  1.6466016  1.64704245 1.64742907
 1.64777087 1.6480752  1.64834789 1.64859363 1.6488162  1.64901874
 1.64920383]"
2193,"[0.49939022 0.98249265 1.13564706 1.17278171 1.18803463 1.19658434
 1.20216431 1.20612362 1.20908664 1.21138917 1.21323013 1.2147355
 1.21598916 1.21704919 1.21795708 1.21874329 1.21943067 1.22003668
 1.22057494 1.22105616 1.22148893 1.2218802  1.22223565 1.22255997
 1.22285707]"
2194,"[0.43227857 1.01648363 1.17140285 1.19758346 1.19987018 1.19746506
 1.1944294  1.19166432 1.18932143 1.1873702  1.18574456 1.18438111
 1.18322746 1.18224225 1.1813933  1.18065554 1.18000938 1.17943937
 1.17893324 1.17848111 1.178075   1.17770838 1.17737589 1.17707306
 1.17679616]"
2195,"[0.38647981 1.02825388 1.16973459 1.19517878 1.1979617  1.19607643
 1.19344131 1.1909675  1.18883489 1.18703661 1.18552357 1.18424408
 1.1831538  1.18221692 1.18140518 1.18069628 1.18007265 1.17952031
 1.17902806 1.17858686 1.17818934 1.17782946 1.17750222 1.17720344
 1.17692963]"
2196,"[0.36957316 1.07187639 1.18518725 1.20007854 1.19840974 1.19432097
 1.19045186 1.18722166 1.18459309 1.18245237 1.18069305 1.17923052
 1.17800045 1.17695438 1.17605567 1.17527638 1.17459492 1.17399449
 1.17346179 1.17298624 1.17255929 1.17217399 1.17182463 1.17150648
 1.17121561]"
2197,"[0.87838335 1.36210197 1.46158203 1.49568678 1.51314131 1.52387152
 1.53116834 1.53646167 1.54048002 1.54363556 1.54617962 1.5482744
 1.5500293  1.55152087 1.55280424 1.55392015 1.55489938 1.55576558
 1.55653725 1.55722907 1.5578528  1.55841804 1.55893264 1.55940311
 1.5598349 ]"
2198,"[0.96508428 1.41225948 1.47988522 1.49336847 1.50160828 1.50801896
 1.51308436 1.51712197 1.52038405 1.52305937 1.52528559 1.52716301
 1.52876536 1.53014764 1.53135144 1.53240871 1.53334433 1.53417791
 1.53492513 1.53559864 1.53620874 1.53676393 1.53727125 1.53773662
 1.53816499]"
2199,"[0.97373581 1.38980506 1.46787213 1.49578396 1.51051438 1.51960454
 1.52572869 1.53010937 1.53338514 1.53592021 1.53793639 1.53957596
 1.54093405 1.54207657 1.5430505  1.54389023 1.54462145 1.54526375
 1.54583227 1.54633896 1.54679331 1.54720299 1.54757422 1.54791216
 1.54822106]"
2200,"[0.78467129 1.65759893 1.77029769 1.7707081  1.75867265 1.74765229
 1.73905771 1.73250168 1.72745651 1.72350822 1.72036187 1.71781105
 1.71571035 1.71395587 1.71247214 1.71120335 1.71010757 1.70915279
 1.70831426 1.70757254 1.70691221 1.7063209  1.70578856 1.70530697
 1.70486937]"
2201,"[0.62785886 1.17032278 1.26970266 1.30291706 1.32020988 1.33112092
 1.33870555 1.34429996 1.34859987 1.35200821 1.35477586 1.35706753
 1.35899596 1.36064092 1.36206045 1.36329781 1.36438584 1.36534998
 1.36621019 1.36698239 1.36767939 1.36831165 1.36888778 1.36941491
 1.36989903]"
2202,"[1.19090439 1.46705098 1.46390114 1.43369299 1.41166616 1.39706674
 1.38715221 1.3801373  1.37497623 1.37104911 1.36797524 1.36551158
 1.36349725 1.36182222 1.36040903 1.35920177 1.35815918 1.35725016
 1.35645092 1.35574293 1.35511157 1.35454515 1.35403424 1.35357112
 1.35314943]"
2203,"[0.59832804 1.20633188 1.29042073 1.2968958  1.29282664 1.28799788
 1.28386962 1.2805232  1.27781926 1.2756129  1.27378894 1.27226113
 1.27096556 1.26985462 1.26889244 1.2680516  1.26731092 1.26665375
 1.26606691 1.26553981 1.26506386 1.26463202 1.26423848 1.2638784
 1.26354772]"
2204,"[0.53511537 1.15346655 1.34552899 1.40892717 1.43670964 1.45163995
 1.46079908 1.46694096 1.47132698 1.47460797 1.47715107 1.47917812
 1.48083068 1.48220315 1.48336081 1.4843502  1.48520537 1.48595181
 1.48660893 1.48719183 1.48771237 1.48818002 1.48860243 1.48898586
 1.48933546]"
2205,"[0.5342057  1.19015306 1.30673307 1.32603475 1.32885987 1.32800629
 1.32631674 1.32454857 1.32291215 1.32145453 1.32017165 1.3190447
 1.3180524  1.31717498 1.31639536 1.31569912 1.31507425 1.31451076
 1.31400033 1.31353603 1.31311201 1.31272336 1.31236591 1.3120361
 1.31173091]"
2206,"[0.9362889  1.37776091 1.49477913 1.53030842 1.54518719 1.5527987
 1.55721904 1.56001978 1.56191072 1.56325067 1.564237   1.56498567
 1.5655685  1.56603195 1.56640716 1.56671568 1.56697278 1.56718959
 1.56737433 1.56753321 1.56767099 1.56779137 1.56789726 1.56799097
 1.56807438]"
2207,"[0.58618066 1.05006693 1.24811786 1.33098769 1.37405041 1.39995206
 1.41709915 1.42923222 1.43824521 1.44519246 1.45070476 1.45518151
 1.45888735 1.46200432 1.46466162 1.4669534  1.46894984 1.47070433
 1.47225815 1.47364373 1.4748869  1.47600847 1.47702539 1.47795161
 1.47879872]"
2208,"[0.99342868 0.83885695 0.96456237 1.02497096 1.05603773 1.0747752
 1.08725173 1.0961342  1.10277025 1.10791158 1.11200953 1.11535102
 1.11812696 1.12046921 1.12247169 1.12420313 1.12571491 1.12704623
 1.12822752 1.12928273 1.13023098 1.13108773 1.13186559 1.13257495
 1.13322447]"
2209,"[0.56556781 1.44198829 1.56557641 1.56794662 1.55238814 1.53667737
 1.52359049 1.51307679 1.50463269 1.49778165 1.49215075 1.48746168
 1.48350847 1.48013782 1.47723444 1.4747105  1.47249824 1.47054468
 1.46880797 1.46725462 1.46585758 1.46459478 1.46344806 1.46240235
 1.46144503]"
2210,"[0.40439187 1.09669709 1.3065384  1.35648754 1.36711256 1.36700164
 1.36387911 1.36009304 1.35639662 1.35301822 1.3500035  1.34733468
 1.34497457 1.34288299 1.34102269 1.33936103 1.3378702  1.33652671
 1.33531082 1.33420592 1.333198   1.33227522 1.3314275  1.33064627
 1.32992415]"
2211,"[0.36647418 1.09478663 1.30688613 1.35677151 1.36723022 1.36700309
 1.36380708 1.35997508 1.35624993 1.35285363 1.34982792 1.34715263
 1.34478904 1.34269599 1.34083554 1.33917466 1.33768521 1.33634352
 1.33512968 1.33402699 1.33302138 1.33210094 1.33125557 1.33047666
 1.32975682]"
2212,"[0.31356289 1.07641252 1.29998521 1.35490321 1.36758811 1.36842772
 1.36578695 1.36226326 1.35871737 1.35542845 1.35246801 1.34983231
 1.34749216 1.34541213 1.34355788 1.34189867 1.34040788 1.33906282
 1.33784429 1.33673604 1.33572433 1.33479749 1.33394558 1.33316009
 1.33243372]"
2213,"[0.83919039 1.62628298 1.73078631 1.72838647 1.71234211 1.6968543
 1.68390435 1.67333955 1.66469586 1.65754976 1.65156961 1.64650524
 1.6421688  1.6384183  1.63514522 1.63226559 1.62971363 1.6274372
 1.62539451 1.6235517  1.62188107 1.62035978 1.6189688  1.61769221
 1.61651654]"
2214,"[0.50386191 1.09356156 1.18977175 1.22723237 1.24708448 1.25932131
 1.26759565 1.27355304 1.27804164 1.28154209 1.28434667 1.28664314
 1.2885575  1.29017741 1.2915657  1.29276856 1.29382069 1.29474867
 1.2955732  1.29631061 1.29697398 1.29757392 1.29811907 1.29861662
 1.29907251]"
2215,"[0.04754629 0.62021894 0.77553766 0.82634952 0.84887945 0.86125726
 0.86903312 0.87436288 0.87824264 0.88119327 0.88351302 0.88538484
 0.88692716 0.88822002 0.88931946 0.89026591 0.89108925 0.89181205
 0.89245167 0.8930217  0.89353293 0.893994   0.89441195 0.89479258
 0.89514066]"
2216,"[0.51907842 0.97111587 1.06782889 1.10372871 1.12226205 1.13358832
 1.14123046 1.14673493 1.15088842 1.15413372 1.15673918 1.15887694
 1.16066249 1.16217619 1.16347569 1.16460344 1.16559136 1.16646392
 1.1672402  1.1679353  1.16856131 1.16912805 1.16964355 1.17011445
 1.17054631]"
2217,"[1.05022999 1.41208996 1.50625843 1.53897155 1.55460263 1.56372981
 1.5697395  1.57401288 1.57721628 1.57971145 1.58171233 1.58335394
 1.58472587 1.58589001 1.58689055 1.58775991 1.58852243 1.58919675
 1.5897974  1.59033588 1.59082138 1.59126139 1.59166202 1.59202836
 1.59236463]"
2218,"[0.88892665 1.66232876 1.74874113 1.74094799 1.72590709 1.71366136
 1.70451749 1.6976894  1.69249298 1.68844888 1.68523346 1.6826272
 1.68047853 1.67868057 1.67715637 1.67584941 1.67471736 1.67372802
 1.67285649 1.67208326 1.67139284 1.67077278 1.67021299 1.6697052
 1.66924255]"
2219,"[0.69097133 0.79116439 0.86903489 0.895149   0.90510667 0.90992083
 0.91265174 0.91437759 0.91555471 0.91640386 0.91704309 0.91754059
 0.91793826 0.9182631  0.91853329 0.91876145 0.91895663 0.91912548
 0.91927295 0.91940286 0.91951816 0.91962118 0.91971378 0.91979746
 0.91987345]"
2220,"[0.54687225 1.34605688 1.49809919 1.53798233 1.5534341  1.56108547
 1.56552101 1.56838099 1.57036864 1.57182784 1.57294431 1.57382634
 1.5745411  1.57513237 1.57562985 1.5760544  1.57642111 1.57674115
 1.57702297 1.5772731  1.57749665 1.57769767 1.57787943 1.5780446
 1.57819537]"
2221,"[0.89752022 1.40468826 1.52040803 1.56169478 1.58066435 1.59097729
 1.59725838 1.60140326 1.60430508 1.60643052 1.60804365 1.60930349
 1.61031082 1.61113222 1.61181322 1.61238591 1.61287347 1.61329305
 1.61365756 1.61397689 1.61425874 1.6145092  1.61473309 1.61493436
 1.61511618]"
2222,"[0.67234615 1.36771039 1.50520025 1.53864689 1.54941654 1.55339498
 1.55488276 1.55533814 1.5553352  1.55512413 1.55482186 1.55448552
 1.55414365 1.55381048 1.5534928  1.55319347 1.55291325 1.55265182
 1.55240826 1.55218144 1.55197011 1.55177304 1.55158906 1.55141706
 1.55125603]"
2223,"[0.71039281 1.23256694 1.35910346 1.40004749 1.418471   1.42856945
 1.43483866 1.4390721  1.44210765 1.44438382 1.44615046 1.44755959
 1.44870875 1.44966318 1.45046814 1.45115595 1.45175029 1.45226889
 1.45272529 1.45312999 1.45349127 1.45381573 1.45410871 1.45437456
 1.45461688]"
2224,"[1.02017973 1.47725057 1.5243357  1.53449714 1.53874904 1.54080915
 1.5418462  1.54236483 1.54260681 1.54269577 1.54269824 1.5426515
 1.54257711 1.54248787 1.54239149 1.54229265 1.54219421 1.54209788
 1.54200465 1.54191508 1.54182942 1.54174774 1.54167001 1.54159611
 1.5415259 ]"
2225,"[0.83017213 1.66779374 1.74929542 1.74101827 1.72586543 1.71322751
 1.70350362 1.69602601 1.69017967 1.68551838 1.68173178 1.67860354
 1.67598057 1.67375245 1.67183804 1.67017654 1.66872167 1.66743765
 1.66629638 1.66527556 1.66435724 1.66352685 1.66277243 1.66208409
 1.66145356]"
2226,"[0.69682423 1.26542423 1.35271775 1.37640007 1.38716554 1.39335529
 1.39738675 1.40022379 1.40232921 1.40395368 1.40524503 1.4062961
 1.40716818 1.40790335 1.40853147 1.40907431 1.40954812 1.40996526
 1.41033531 1.41066582 1.41096279 1.41123109 1.41147466 1.41169678
 1.41190015]"
2227,"[1.17717586 1.3791819  1.4407708  1.47100665 1.48748188 1.49754237
 1.5042372  1.50898166 1.5125061  1.51522099 1.51737311 1.5191191
 1.52056289 1.52177599 1.52280916 1.52369938 1.5244742  1.52515455
 1.52575662 1.52629312 1.52677415 1.52720785 1.52760085 1.5279586
 1.52828563]"
2228,"[1.07004273 1.59940569 1.67802423 1.68811616 1.68900893 1.68845721
 1.6877297  1.6870623  1.68648978 1.68600466 1.68559236 1.68523927
 1.68493424 1.68466843 1.68443492 1.68422827 1.68404415 1.68387909
 1.68373031 1.68359553 1.68347285 1.68336074 1.68325788 1.68316318
 1.6830757 ]"
2229,"[0.93791865 1.62285384 1.74390133 1.75555654 1.74959234 1.74154745
 1.73426875 1.7281489  1.72307392 1.7188518  1.71530881 1.71230569
 1.70973453 1.70751233 1.70557493 1.70387242 1.70236551 1.701023
 1.69981985 1.69873576 1.69775413 1.69686127 1.69604578 1.69529814
 1.69461027]"
2230,"[1.09872222 1.42891676 1.49311821 1.51410939 1.52294679 1.52720126
 1.52943524 1.53067587 1.53138752 1.53180012 1.53203585 1.53216337
 1.53222305 1.53223949 1.53222811 1.53219885 1.53215821 1.53211054
 1.53205874 1.5320048  1.53195005 1.53189541 1.5318415  1.53178872
 1.53173735]"
2231,"[0.48029175 0.84985759 0.98814905 1.04899255 1.08239811 1.10334808
 1.11766281 1.12804365 1.13590744 1.14206633 1.14701823 1.15108501
 1.15448374 1.15736607 1.15984109 1.16198924 1.16387112 1.16553327
 1.16701198 1.16833597 1.1695283  1.17060764 1.17158932 1.17248599
 1.17330822]"
2232,"[0.45269278 0.79842598 0.96571906 1.03273763 1.06817405 1.08994776
 1.10463406 1.11518957 1.12313347 1.12932402 1.13428175 1.13834031
 1.14172322 1.14458577 1.14703916 1.14916507 1.15102482 1.15266538
 1.15412326 1.15542733 1.15660066 1.15766197 1.15862654 1.159507
 1.16031389]"
2233,"[0.51468138 0.81529017 0.97859601 1.04371984 1.07743849 1.09785566
 1.11149033 1.12122117 1.12850665 1.13416185 1.13867699 1.14236419
 1.14543145 1.14802262 1.15024034 1.15215976 1.15383718 1.15531559
 1.15662836 1.15780183 1.15885702 1.15981095 1.1606775  1.16146815
 1.16219244]"
2234,"[0.56031704 0.82396666 0.98550757 1.05224357 1.08700366 1.10808892
 1.12217504 1.13222626 1.13974853 1.14558467 1.15024189 1.15404322
 1.15720392 1.15987285 1.16215618 1.16413164 1.16585742 1.16737795
 1.16872773 1.16993394 1.17101829 1.17199833 1.17288841 1.17370036
 1.17444401]"
2235,"[0.86323241 1.66190384 1.82673418 1.87084075 1.88578588 1.89160984
 1.89400106 1.89493145 1.89518962 1.89512499 1.89490425 1.89461118
 1.89428936 1.89396186 1.89364084 1.89333252 1.89303983 1.89276382
 1.89250452 1.8922614  1.89203361 1.8918202  1.89162016 1.89143251
 1.89125631]"
2236,"[0.69091453 1.27407538 1.38286725 1.41115814 1.42195491 1.4271681
 1.43008774 1.43189568 1.43309895 1.4339443  1.43456368 1.43503294
 1.4353983  1.43568929 1.43592551 1.43612041 1.43628349 1.43642163
 1.43653991 1.43664214 1.43673125 1.43680952 1.43687874 1.43694033
 1.43699544]"
2237,"[0.8982902  1.44065551 1.56394608 1.58328363 1.58340407 1.57961792
 1.57533372 1.57137759 1.56791294 1.56492227 1.56234373 1.56011173
 1.55816827 1.55646502 1.55496258 1.55362899 1.55243832 1.55136946
 1.55040508 1.54953092 1.54873512 1.54800776 1.5473405  1.5467263
 1.54615914]"
2238,"[0.72973331 1.21815926 1.33967195 1.37516974 1.38950347 1.39672334
 1.40091529 1.40359558 1.40543178 1.40675624 1.40775039 1.40852053
 1.40913263 1.40962951 1.41004009 1.41038451 1.4106772  1.41092875
 1.41114708 1.41133823 1.41150689 1.41165673 1.41179067 1.41191109
 1.41201989]"
2239,"[0.49689532 1.19415113 1.38332236 1.44123579 1.46606219 1.47917833
 1.4870773  1.49227351 1.49591471 1.4985898  1.50062843 1.502228
 1.50351319 1.50456629 1.5054436  1.50618484 1.50681875 1.50736665
 1.50784461 1.50826499 1.50863744 1.50896958 1.50926753 1.50953623
 1.50977974]"
2240,"[0.99446977 1.34750092 1.31639454 1.30017685 1.29811352 1.29936318
 1.30113188 1.3027905  1.30422287 1.30543615 1.30646336 1.30733819
 1.30808923 1.30873941 1.30930688 1.30980593 1.3102479  1.31064184
 1.31099502 1.31131337 1.31160172 1.31186407 1.31210376 1.31232358
 1.31252587]"
2241,"[0.70472551 1.24807609 1.39463033 1.43329283 1.44794775 1.45502451
 1.45901005 1.46149904 1.46317192 1.46435942 1.46523859 1.46591154
 1.46644075 1.4668663  1.46721495 1.46750517 1.46775006 1.46795918
 1.46813959 1.46829669 1.46843458 1.46855651 1.46866503 1.46876218
 1.46884962]"
2242,"[0.37974456 1.16815152 1.35450591 1.41931478 1.45075256 1.46909419
 1.48105103 1.48944044 1.49564228 1.50040905 1.50418491 1.50724851
 1.50978328 1.51191484 1.51373203 1.51529945 1.51666517 1.51786567
 1.51892918 1.51987783 1.52072925 1.52149764 1.52219456 1.52282953
 1.52341044]"
2243,"[0.09257906 1.11298536 1.32667676 1.38787137 1.41355973 1.42697195
 1.43499926 1.44026624 1.44395584 1.44666942 1.44874138 1.45037105
 1.45168399 1.45276289 1.4536643  1.45442808 1.45508312 1.45565082
 1.45614737 1.45658522 1.4569741  1.4573217  1.45763422 1.45791667
 1.45817316]"
2244,"[1.53025745 1.52764412 1.39849213 1.34979008 1.33433506 1.32796042
 1.32465107 1.32265003 1.3213125  1.32035502 1.31963509 1.31907358
 1.31862307 1.31825341 1.3179445  1.31768242 1.31745723 1.3172616
 1.31709005 1.31693838 1.3168033  1.31668223 1.31657309 1.3164742
 1.31638416]"
2245,"[0.857901   1.16696869 1.24406918 1.2768008  1.29412114 1.30472099
 1.31184569 1.31695279 1.32078849 1.32377286 1.3261599  1.32811202
 1.32973778 1.33111251 1.33229002 1.33330983 1.33420157 1.3349879
 1.33568642 1.33631106 1.33687292 1.33738101 1.33784268 1.33826401
 1.33865006]"
2246,"[0.54576257 1.19553867 1.3426451  1.40121607 1.43166913 1.45015868
 1.46253824 1.47139497 1.47804067 1.48320934 1.48734313 1.490724
 1.49354016 1.49592201 1.4979627  1.49973055 1.5012768  1.50264062
 1.50385247 1.5049364  1.50591163 1.50679372 1.5075954  1.50832717
 1.50899781]"
2247,"[0.77530842 1.27407841 1.40769187 1.46334963 1.49181689 1.50865642
 1.51966955 1.52739677 1.53310313 1.5374832  1.540948   1.54375558
 1.54607577 1.54802477 1.54968471 1.55111522 1.55236064 1.55345461
 1.55442311 1.55528648 1.55606094 1.55675952 1.55739283 1.55796958
 1.55849703]"
2248,"[0.83030375 0.83795293 1.03820345 1.11307977 1.14509895 1.16206737
 1.17240792 1.17932175 1.18425377 1.18794276 1.19080314 1.19308447
 1.19494568 1.19649261 1.19779842 1.19891526 1.19988128 1.20072504
 1.20146832 1.20212804 1.20271751 1.20324738 1.20372623 1.20416109
 1.20455775]"
2249,"[0.79357925 1.22334269 1.367327   1.42063993 1.4458548  1.46005562
 1.46901215 1.47511705 1.47951845 1.48282878 1.4854019  1.48745535
 1.48912969 1.49051953 1.49169072 1.49269045 1.49355335 1.49430542
 1.49496648 1.49555196 1.496074   1.49654229 1.49696466 1.49734749
 1.49769605]"
2250,"[0.55623114 1.09702744 1.17315458 1.17101789 1.1605094  1.15142393
 1.1445172  1.13931988 1.1353475  1.1322469  1.12977601 1.12776937
 1.12611226 1.12472356 1.12354473 1.12253266 1.12165507 1.12088733
 1.12021038 1.11960926 1.1190721  1.11858933 1.11815318 1.11775729
 1.11739639]"
2251,"[0.49471585 0.98651869 1.14384776 1.19108183 1.21146385 1.22251921
 1.22939355 1.23406318 1.23743572 1.23998309 1.24197395 1.24357212
 1.24488304 1.24597759 1.24690516 1.24770119 1.24839176 1.24899651
 1.24953048 1.25000539 1.25043052 1.25081331 1.25115977 1.25147484
 1.25176259]"
2252,"[1.36634062 1.37407496 1.29740561 1.28463199 1.28420411 1.28529521
 1.28638628 1.28728288 1.28799785 1.28857032 1.28903459 1.28941662
 1.28973538 1.29000477 1.29023509 1.29043402 1.29060742 1.29075981
 1.29089472 1.29101495 1.29112274 1.29121989 1.29130789 1.29138796
 1.29146111]"
2253,"[0.65882765 0.96241178 1.06834109 1.12274621 1.1530698  1.17197263
 1.18478532 1.19401164 1.20096053 1.20637733 1.21071582 1.21426747
 1.21722776 1.21973258 1.22187924 1.22373926 1.22536634 1.22680157
 1.22807693 1.2292177  1.23024407 1.23117241 1.23201611 1.23278622
 1.23349197]"
2254,"[1.50757532 1.45513293 1.320799   1.2575214  1.23419992 1.22495373
 1.22079197 1.21871118 1.21758879 1.21695136 1.21657782 1.21635613
 1.21622567 1.21615185 1.21611408 1.21609965 1.21610048 1.21611135
 1.21612876 1.21615038 1.2161746  1.21620034 1.21622684 1.21625356
 1.21628014]"
2255,"[0.51684452 0.66509945 0.7954821  0.85957568 0.89514991 0.9174621
 0.93267983 0.94369227 0.95201791 0.95852685 0.96375197 0.96803717
 0.9716141  0.97464428 0.97724376 0.97949801 0.98147134 0.98321304
 0.98476156 0.98614728 0.98739454 0.98852307 0.98954904 0.99048579
 0.99134446]"
2256,"[0.65759469 1.19647322 1.35150704 1.41267499 1.44314332 1.46109807
 1.47287756 1.48118353 1.48734882 1.49210383 1.49588148 1.49895431
 1.50150235 1.50364921 1.50548259 1.50706637 1.50844822 1.50966438
 1.51074295 1.51170601 1.51257114 1.51335255 1.51406183 1.51470851
 1.51530053]"
2257,"[0.08920618 0.85957376 1.12571023 1.21485011 1.25357803 1.27418057
 1.28673675 1.29512674 1.30110837 1.30558077 1.30904792 1.31181305
 1.31406906 1.31594432 1.31752753 1.31888185 1.32005352 1.32107711
 1.32197899 1.32277964 1.32349518 1.32413849 1.32471998 1.32524814
 1.32572999]"
2258,"[0.89165957 1.31182195 1.39025958 1.41166353 1.42066894 1.42549941
 1.42848364 1.43050137 1.4319531  1.43304601 1.43389761 1.43457938
 1.43513723 1.43560194 1.43599492 1.43633151 1.43662299 1.43687781
 1.43710245 1.43730196 1.43748031 1.4376407  1.43778569 1.43791739
 1.43803756]"
2259,"[0.96276083 1.37281323 1.46927971 1.50308669 1.51907214 1.52787471
 1.53325302 1.53679635 1.53926691 1.54106687 1.54242491 1.54347902
 1.54431667 1.54499554 1.54555505 1.54602286 1.54641894 1.54675798
 1.54705102 1.54730648 1.54753091 1.54772945 1.54790617 1.54806438
 1.54820675]"
2260,"[0.53680218 0.81058375 1.00660606 1.08986657 1.12569358 1.14309006
 1.15239303 1.15773419 1.16096327 1.16298902 1.16429239 1.16514371
 1.16570256 1.16606704 1.16629956 1.16644092 1.16651851 1.16655105
 1.16655158 1.16652932 1.16649089 1.16644105 1.1663833  1.16632021
 1.16625367]"
2261,"[0.25949896 0.63263787 0.79331067 0.86216493 0.89888795 0.92150784
 0.93678009 0.94776187 0.95602856 0.96247145 0.9676316  0.97185598
 0.97537715 0.9783567  0.98091034 0.98312309 0.9850588  0.98676632
 0.98828369 0.98964095 0.99086213 0.99196669 0.99297056 0.99388689
 0.99472663]"
2262,"[0.71447597 1.19623915 1.33407323 1.37840974 1.3985157  1.40972161
 1.41680032 1.42165592 1.42518511 1.42786229 1.42996089 1.43164919
 1.43303622 1.43419569 1.43517913 1.43602368 1.43675672 1.43739891
 1.43796611 1.43847071 1.4389225  1.43932934 1.43969761 1.44003254
 1.44033846]"
2263,"[1.02136976 1.48283134 1.50717759 1.48689108 1.47037927 1.45914708
 1.45142764 1.44592566 1.4418567  1.43874839 1.43630781 1.43434669
 1.43273979 1.43140109 1.43026985 1.4293021  1.4284653  1.42773491
 1.42709208 1.42652213 1.42601344 1.42555674 1.42514451 1.42477059
 1.42442994]"
2264,"[1.28667259 1.47981108 1.48337609 1.47204561 1.46410554 1.45886523
 1.45524726 1.45262581 1.45064821 1.44910695 1.4478737  1.44686538
 1.44602607 1.44531683 1.44470976 1.44418437 1.44372527 1.4433207
 1.44296153 1.44264054 1.44235197 1.44209114 1.44185425 1.44163816
 1.44144024]"
2265,"[1.34445465 1.4242519  1.38738649 1.38044962 1.38077108 1.38196597
 1.38305492 1.38393114 1.384625   1.38517912 1.3856281  1.38599748
 1.38630574 1.38656637 1.38678928 1.38698191 1.3871499  1.38729761
 1.38742843 1.38754507 1.38764968 1.38774401 1.38782949 1.38790729
 1.38797839]"
2266,"[0.61803068 1.28571997 1.34829596 1.34778558 1.34435936 1.34218971
 1.34093268 1.34018939 1.33973435 1.33944683 1.33926058 1.33913782
 1.33905612 1.33900169 1.33896575 1.3389426  1.33892842 1.33892059
 1.33891731 1.33891728 1.33891961 1.33892361 1.33892881 1.33893486
 1.33894148]"
2267,"[1.22611189 1.81120577 1.88687966 1.86666174 1.83945965 1.81705013
 1.79963259 1.78604987 1.7752821  1.76658764 1.75944482 1.75348518
 1.74844441 1.74412947 1.74039675 1.73713755 1.73426825 1.7317236
 1.72945197 1.72741204 1.72557035 1.72389954 1.72237704 1.72098404
 1.7197048 ]"
2268,"[0.42673594 1.22845201 1.41983569 1.4783433  1.49838298 1.50535939
 1.50737225 1.50736539 1.50652154 1.50535117 1.50408469 1.50282773
 1.50162758 1.50050331 1.49946024 1.49849696 1.49760897 1.49679055
 1.49603565 1.49533838 1.49469326 1.49409525 1.49353983 1.49302294
 1.49254094]"
2269,"[0.69003074 1.13575368 1.25866927 1.29588514 1.31223477 1.32105264
 1.32644876 1.33004447 1.33259135 1.33447981 1.33593063 1.33707717
 1.33800433 1.33876849 1.33940847 1.33995182 1.34041858 1.34082367
 1.3411784  1.3414915  1.34176982 1.34201879 1.34224278 1.34244532
 1.34262934]"
2270,"[0.47406887 1.14964677 1.38471617 1.46541869 1.50237605 1.52284518
 1.535651   1.54435099 1.55061968 1.55533887 1.55901367 1.5619529
 1.56435542 1.56635481 1.56804397 1.56948946 1.57074014 1.57183272
 1.57279524 1.57364952 1.57441277 1.57509875 1.57571859 1.57628138
 1.57679463]"
2271,"[0.45610358 0.6283487  0.90651352 1.01569685 1.06879652 1.09942533
 1.11919175 1.13295792 1.14308014 1.15082981 1.15695071 1.16190607
 1.1659991  1.16943644 1.17236371 1.17488644 1.17708297 1.17901265
 1.18072127 1.18224474 1.18361157 1.18484474 1.1859629  1.18698144
 1.18791308]"
2272,"[0.91318904 1.36766944 1.43518995 1.42589159 1.41168479 1.40057417
 1.39240542 1.38633414 1.3817103  1.37809918 1.37521409 1.37286287
 1.37091363 1.36927359 1.3678759  1.36667139 1.36562313 1.36470293
 1.36388894 1.36316394 1.36251423 1.36192874 1.36139847 1.36091601
 1.36047521]"
2273,"[0.79150016 0.81844055 0.79772232 0.83980941 0.87083411 0.8918153
 0.90661275 0.91752482 0.92587451 0.93245685 0.93777313 0.94215333
 0.94582285 0.94894058 0.95162159 0.9539512  0.95599396 0.95779958
 0.95940695 0.96084691 0.96214426 0.96331913 0.96438805 0.96536469
 0.96626048]"
2274,"[0.60981799 0.78971541 0.87980964 0.93752075 0.97110242 0.99229013
 1.00670137 1.01708345 1.02489726 1.03098121 1.03584772 1.03982642
 1.0431385  1.04593767 1.04833397 1.0504082  1.05222095 1.05381859
 1.05523715 1.05650506 1.05764506 1.05867552 1.05961148 1.06046535
 1.06124745]"
2275,"[0.76299111 0.86532592 0.89793839 0.91560187 0.93049949 0.94229083
 0.95145845 0.9586506  0.96438848 0.96904825 0.97289579 0.97612021
 0.97885808 0.98120974 0.98325029 0.98503683 0.98661349 0.98801485
 0.98926836 0.99039607 0.99141589 0.99234251 0.99318808 0.99396272
 0.99467498]"
2276,"[0.57294528 0.82895349 0.9235172  0.98433599 1.02298284 1.04839484
 1.06607008 1.07898241 1.08879403 1.09648727 1.10267423 1.10775412
 1.11199761 1.11559432 1.11868091 1.12135823 1.12370231 1.1257715
 1.12761133 1.12925783 1.13073987 1.13208087 1.1333     1.13441312
 1.13543346]"
2277,"[0.36300159 0.83301797 0.95351218 1.00099125 1.02675775 1.04292436
 1.05398518 1.06201332 1.06809761 1.0728636  1.07669555 1.07984224
 1.08247159 1.08470101 1.08661499 1.08827584 1.08973052 1.09101508
 1.09215765 1.09318049 1.09410143 1.09493497 1.09569295 1.0963852
 1.09701988]"
2278,"[0.63645021 0.98042977 1.12014165 1.16805783 1.19112262 1.20455389
 1.21330962 1.21945509 1.22399917 1.22749192 1.23025823 1.23250211
 1.234358   1.23591802 1.23724736 1.23839345 1.23939156 1.24026852
 1.24104503 1.24173736 1.24235846 1.24291875 1.24342671 1.24388933
 1.2443124 ]"
2279,"[0.55698246 0.81011003 0.95344285 1.01018555 1.04063627 1.05962042
 1.0725664  1.08194686 1.08904974 1.09461112 1.0990817  1.10275257
 1.10582    1.10842103 1.11065425 1.11259233 1.11429003 1.11578936
 1.11712311 1.11831724 1.11939253 1.12036586 1.12125107 1.12205958
 1.12280093]"
2280,"[0.53443256 0.77940658 0.87821168 0.92867334 0.95752985 0.97598535
 0.98874309 0.99806477 1.00516284 1.01074266 1.01524136 1.01894373
 1.02204303 1.0246749  1.02693727 1.0289026  1.03062561 1.03214838
 1.03350382 1.03471802 1.0358119  1.03680248 1.0377037  1.03852712
 1.03928237]"
2281,"[0.38969718 0.66728672 0.76668961 0.83518289 0.87579688 0.90179556
 0.91968089 0.93267983 0.94253123 0.9502444  0.95644214 0.96152829
 0.96577568 0.96937502 0.97246351 0.9751423  0.97748758 0.9795578
 0.98139855 0.98304589 0.98452871 0.98587044 0.98709026 0.98820405
 0.98922502]"
2282,"[0.6367739  0.96723872 1.03627875 1.07609915 1.10035695 1.11610663
 1.12701466 1.13497223 1.14101738 1.14575847 1.14957299 1.15270662
 1.15532575 1.1575469  1.15945402 1.16110909 1.16255883 1.16383912
 1.16497796 1.16599751 1.16691554 1.16774649 1.16850214 1.16919229
 1.16982509]"
2283,"[0.01007775 0.68139694 0.92480693 1.00480953 1.03732075 1.05304269
 1.06171535 1.06699184 1.07044799 1.07284408 1.07458107 1.07588616
 1.07689582 1.07769607 1.07834339 1.07887615 1.07932118 1.07969776
 1.08002003 1.08029857 1.08054146 1.08075493 1.08094386 1.08111215
 1.08126292]"
2284,"[0.79236216 1.33834839 1.3748711  1.3791682  1.38247562 1.38565161
 1.38843744 1.39078969 1.39275823 1.39441055 1.39580787 1.39700013
 1.39802668 1.39891825 1.39969885 1.40038737 1.4009988  1.40154512
 1.40203602 1.4024794  1.40288174 1.40324841 1.40358392 1.40389202
 1.40417592]"
2285,"[0.77758756 0.99648901 1.14738473 1.21202058 1.24540659 1.26549021
 1.27882781 1.28830561 1.29537786 1.300853   1.30521504 1.30877098
 1.31172474 1.31421695 1.31634772 1.31819021 1.31979912 1.32121615
 1.32247364 1.32359707 1.32460677 1.32551915 1.32634762 1.32710325
 1.32779522]"
2286,"[0.8619981  0.94020586 0.92061273 0.94512751 0.96287556 0.97431822
 0.9821013  0.98769621 0.99190015 0.99517039 0.99778526 0.99992308
 1.00170313 1.00320809 1.00449704 1.00561331 1.00658939 1.0074501
 1.00821474 1.00889853 1.00951364 1.01006992 1.01057542 1.01103679
 1.01145956]"
2287,"[1.61884909 1.57554274 1.51538288 1.4813901  1.4604765  1.44668416
 1.43704117 1.42997307 1.42459318 1.42037229 1.41697805 1.41419245
 1.41186711 1.40989778 1.40820923 1.40674588 1.4054658  1.4043368
 1.40333378 1.40243688 1.40163018 1.40090078 1.40023812 1.39963349
 1.39907959]"
2288,"[0.95733795 1.29363523 1.25600922 1.19296937 1.14580941 1.11213397
 1.08758697 1.06916882 1.05496631 1.0437484  1.03470239 1.02727645
 1.0210857  1.01585505 1.01138352 1.00752133 1.00415487 1.00119659
 0.99857805 0.99624504 0.99415413 0.99227014 0.99056429 0.98901285
 0.98759605]"
2289,"[0.46105401 1.12309921 1.32004084 1.38986669 1.42394935 1.44395537
 1.45707704 1.46633572 1.47321442 1.4785245  1.48274669 1.48618376
 1.48903578 1.49144023 1.49349469 1.49527032 1.49682023 1.49818484
 1.4993955  1.50047685 1.50144853 1.50232642 1.50312347 1.50385034
 1.50451591]"
2290,"[0.07065543 0.75235417 1.03032391 1.12238135 1.1615396  1.18199667
 1.1942707  1.20236249 1.20806524 1.21228697 1.21553185 1.2181005
 1.22018259 1.22190341 1.22334888 1.2245798  1.22564041 1.22656361
 1.22737436 1.22809195 1.22873152 1.22930509 1.22982235 1.23029118
 1.23071807]"
2291,"[1.16900439 1.24346987 1.1507872  1.11820322 1.10733573 1.10218351
 1.0990784  1.09694688 1.09537107 1.09415022 1.09317311 1.09237192
 1.09170242 1.09113431 1.09064603 1.0902218  1.08984975 1.08952081
 1.08922789 1.08896537 1.08872877 1.08851442 1.08831932 1.08814101
 1.0879774 ]"
2292,"[0.57548825 1.00522846 1.09336001 1.115588   1.12501904 1.13050698
 1.13427219 1.13708718 1.13929814 1.1410908  1.1425776  1.14383226
 1.14490584 1.14583517 1.14664755 1.14736378 1.14799996 1.14856876
 1.14908034 1.14954289 1.14996312 1.15034656 1.15069783 1.1510208
 1.15131875]"
2293,"[0. 0. 0. 0. 0. 0. 0. 0. 0. 0. 0. 0. 0. 0. 0. 0. 0. 0. 0. 0. 0. 0. 0. 0.
 0.]"
2294,"[0.48963042 0.71884684 0.91347703 1.01566338 1.07031556 1.10357733
 1.12579922 1.14164907 1.15350595 1.16270177 1.17003783 1.17602424
 1.18100075 1.18520224 1.18879618 1.19190512 1.19462081 1.19701327
 1.19913686 1.20103442 1.20274015 1.20428169 1.20568164 1.20695862
 1.20812813]"
2295,"[0.32546537 0.51435633 0.62466084 0.70785319 0.7688557  0.81165222
 0.84218956 0.86470318 0.88184555 0.89527139 0.90604065 0.91485475
 0.9221928  0.92839157 0.93369397 0.93827919 0.94228212 0.9458061
 0.94893158 0.95172207 0.95422834 0.95649146 0.95854499 0.96041662
 0.96212938]"
2296,"[0.31914303 0.4569157  0.55706868 0.61494049 0.64922327 0.67125002
 0.68638357 0.69733456 0.70558603 0.71200629 0.71713309 0.72131528
 0.72478816 0.72771576 0.73021565 0.73237419 0.73425615 0.73591101
 0.73737721 0.73868502 0.73985862 0.74091753 0.74187767 0.74275217
 0.74355193]"
2297,"[0.43293501 0.86179907 0.92721081 0.95869779 0.97961159 0.99410695
 1.00456026 1.01238648 1.01843727 1.0232425  1.02714457 1.03037288
 1.03308616 1.03539745 1.03738922 1.039123   1.04064557 1.04199311
 1.04319403 1.04427091 1.04524197 1.04612202 1.04692323 1.04765573
 1.04832796]"
2298,"[0.54830026 1.11020767 1.24185411 1.28020712 1.29622874 1.304636
 1.30971147 1.3130725  1.31544766 1.31720851 1.31856269 1.31963465
 1.32050323 1.32122067 1.32182286 1.32233524 1.32277634 1.32315995
 1.32349653 1.32379419 1.32405925 1.32429676 1.32451079 1.32470462
 1.32488099]"
2299,"[0.0893556  0.73436893 0.94070655 1.01134917 1.04195284 1.05816225
 1.0680059  1.07456482 1.0792303  1.08271202 1.08540687 1.08755315
 1.08930218 1.09075454 1.0919796  1.09302671 1.09393195 1.09472227
 1.09541821 1.09603571 1.0965873  1.09708299 1.09753087 1.09793752
 1.09830838]"
2300,"[0.01588865 0.08946851 0.21168368 0.32707708 0.39675936 0.43984034
 0.46833435 0.488309   0.50297352 0.51414151 0.52290104 0.52993893
 0.53570756 0.54051584 0.54458128 0.54806111 0.55107162 0.55370053
 0.55601522 0.55806821 0.55990106 0.56154702 0.56303303 0.56438113
 0.56560951]"
2301,"[0.38512425 0.33975933 0.31948344 0.37029107 0.42216975 0.45816757
 0.48281847 0.50032686 0.51325348 0.52312361 0.53087464 0.53710562
 0.54221384 0.54647168 0.5500714  0.55315215 0.55581695 0.55814357
 0.56019173 0.56200801 0.56362926 0.56508497 0.56639902 0.56759095
 0.56867689]"
2302,"[0.6706286  1.26370231 1.3433292  1.34865275 1.3455379  1.34201092
 1.33909202 1.33678269 1.33495164 1.33347994 1.33227821 1.33128185
 1.33044421 1.32973122 1.32911761 1.32858434 1.32811688 1.3277039
 1.32733653 1.32700769 1.32671168 1.32644386 1.32620041 1.32597817
 1.32577452]"
2303,"[0.3079644  1.11684959 1.31408836 1.38265886 1.41733975 1.43836274
 1.4524792  1.46260996 1.47023119 1.47617052 1.48092808 1.48482385
 1.48807203 1.49082137 1.49317837 1.49522128 1.49700885 1.49858607
 1.49998796 1.50124217 1.50237084 1.5033919  1.50432003 1.50516735
 1.50594397]"
2304,"[0.88771514 1.09737223 1.29578287 1.35876422 1.37986097 1.38635363
 1.38723643 1.38587037 1.38363045 1.3811132  1.37858446 1.37616116
 1.37389043 1.37178613 1.36984626 1.36806163 1.36642019 1.36490918
 1.36351623 1.36222978 1.36103931 1.35993537 1.35890952 1.35795423
 1.35706285]"
2305,"[0.37782438 1.0260858  1.28099222 1.37971931 1.42512277 1.44870244
 1.46206617 1.47014062 1.47525726 1.47861751 1.48088385 1.48244216
 1.48352758 1.48428886 1.48482316 1.48519565 1.48545106 1.48562074
 1.48572702 1.48578608 1.48580977 1.48580687 1.48578398 1.48574609
 1.48569698]"
2306,"[1.10654576 1.7124725  1.75969576 1.72728777 1.69413827 1.66771378
 1.64716182 1.63099903 1.61805884 1.60751099 1.59877127 1.59142408
 1.58516848 1.57978251 1.57509949 1.57099212 1.56736169 1.5641306
 1.56123702 1.55863115 1.55627248 1.55412766 1.55216907 1.55037363
 1.54872187]"
2307,"[0.61882216 0.9694391  1.10104284 1.16259657 1.19688738 1.21823729
 1.23265666 1.24299493 1.25074776 1.25676702 1.26157056 1.26549012
 1.26874758 1.27149667 1.2738472  1.2758796  1.2776541  1.27921668
 1.28060305 1.28184134 1.282954   1.28395918 1.28487171 1.2857038
 1.28646561]"
2308,"[0.50099845 1.06239084 1.17644155 1.21112766 1.22689814 1.23577726
 1.24144018 1.24535598 1.24822105 1.25040643 1.25212744 1.25351739
 1.25466317 1.25562374 1.25644057 1.2571436  1.25775503 1.25829163
 1.25876633 1.25918924 1.2595684  1.25991024 1.26022001 1.26050202
 1.26075984]"
2309,"[0.60998874 0.97908891 1.0755062  1.10934442 1.12581029 1.1355293
 1.14195741 1.14653228 1.14995828 1.15262179 1.15475281 1.15649701
 1.15795122 1.15918238 1.16023824 1.16115381 1.16195535 1.16266294
 1.1632922  1.16385547 1.16436261 1.16482162 1.16523905 1.16562031
 1.16596991]"
2310,"[1.17232147 1.49117738 1.52016573 1.52776009 1.53277796 1.535901
 1.53784719 1.53909685 1.53992652 1.54049417 1.5408926  1.54117821
 1.54138648 1.54154045 1.54165548 1.54174207 1.54180757 1.54185721
 1.5418948  1.5419231  1.54194422 1.54195972 1.54197079 1.54197837
 1.54198318]"
2311,"[1.29540179 1.40767475 1.38132339 1.35213468 1.33449319 1.3239843
 1.31737745 1.3129773  1.30989638 1.30764765 1.30594916 1.30462937
 1.30357929 1.30272692 1.30202315 1.30143352 1.30093318 1.30050388
 1.3001319  1.29980679 1.29952043 1.29926645 1.29903978 1.29883632
 1.29865277]"
2312,"[0.79801293 1.41232795 1.45453501 1.48144426 1.50218153 1.51667364
 1.52693209 1.53444714 1.54014246 1.54458743 1.54814336 1.55104762
 1.55346146 1.55549771 1.5572375  1.5587405  1.56005153 1.56120484
 1.56222707 1.56313922 1.56395804 1.56469708 1.56536739 1.5659781
 1.56653677]"
2313,"[0.21051146 0.26548816 0.27347629 0.27315164 0.27094005 0.2684688
 0.26617356 0.26414964 0.26239196 0.26086861 0.25954411 0.25838637
 0.25736828 0.25646751 0.25566582 0.25494831 0.25430279 0.2537192
 0.25318924 0.25270597 0.25226357 0.25185715 0.25148254 0.25113618
 0.25081504]"
2314,"[0.00343578 0.55807393 0.82426336 0.93259194 0.98589305 1.01623417
 1.03544444 1.04857689 1.05807556 1.06524556 1.07084039 1.07532299
 1.07899245 1.08205013 1.08463636 1.08685182 1.08877054 1.09044815
 1.09192726 1.09324101 1.09441558 1.09547192 1.09642698 1.09729462
 1.0980863 ]"
2315,"[0.00343578 0.55807393 0.82426336 0.93259194 0.98589305 1.01623417
 1.03544444 1.04857689 1.05807556 1.06524556 1.07084039 1.07532299
 1.07899245 1.08205013 1.08463636 1.08685182 1.08877054 1.09044815
 1.09192726 1.09324101 1.09441558 1.09547192 1.09642698 1.09729462
 1.0980863 ]"
2316,"[0.39449088 0.61887452 0.73158079 0.78808233 0.81110285 0.82101149
 0.82550261 0.82754857 0.8284096  0.82866745 0.82860961 0.82838591
 0.82807757 0.82772984 0.8273684  0.82700781 0.82665628 0.82631822
 0.82599581 0.82568989 0.8254005  0.82512721 0.82486934 0.82462606
 0.8243965 ]"
2317,"[0.80277247 1.4102457  1.54290721 1.57226996 1.58076849 1.58348888
 1.58424478 1.5842536  1.58396744 1.58357136 1.5831456  1.58272566
 1.58232681 1.58195485 1.58161103 1.58129453 1.58100356 1.58073602
 1.58048975 1.5802627  1.58005296 1.57985882 1.57967874 1.57951134
 1.57935541]"
2318,"[0.8502906  1.24720445 1.31253936 1.32252524 1.3234568  1.32267182
 1.32162862 1.32065332 1.31980855 1.31909092 1.31848216 1.31796317
 1.31751746 1.31713165 1.31679509 1.31649932 1.3162376  1.31600454
 1.3157958  1.31560784 1.31543776 1.31528317 1.31514207 1.3150128
 1.31489394]"
2319,"[0.78068323 0.78703434 0.97277218 1.05417501 1.09672958 1.12242728
 1.13950875 1.15164504 1.16069605 1.16769837 1.17327328 1.17781496
 1.18158521 1.18476454 1.18748139 1.18982957 1.19187918 1.19368365
 1.19528439 1.19671401 1.19799851 1.19915889 1.20021229 1.20117283
 1.20205227]"
2320,"[0.84648584 1.07476875 1.18869222 1.22555502 1.24175776 1.25054863
 1.25598941 1.25966475 1.26230531 1.26429061 1.26583604 1.26707243
 1.26808364 1.26892585 1.26963803 1.27024806 1.27077641 1.27123842
 1.27164583 1.27200777 1.27233144 1.2726226  1.27288591 1.27312518
 1.27334355]"
2321,"[0.61740557 1.16249295 1.32254753 1.38374054 1.41508402 1.43390375
 1.44637766 1.45522102 1.46180339 1.4668866  1.47092671 1.47421282
 1.47693674 1.47923058 1.48118825 1.48287829 1.48435182 1.48564781
 1.4867964  1.4878213  1.48874141 1.48957199 1.49032545 1.49101204
 1.49164026]"
2322,"[1.204787   1.35013918 1.26826566 1.22069263 1.20214866 1.19484522
 1.19175983 1.1903978  1.1898042  1.18957716 1.18953293 1.18958177
 1.18967759 1.1897958  1.18992297 1.1900517  1.19017792 1.19029946
 1.19041526 1.1905249  1.19062832 1.19072567 1.19081722 1.1909033
 1.19098426]"
2323,"[0.32275422 0.47691554 0.52170915 0.56251193 0.59130218 0.61044865
 0.62358778 0.63300896 0.64003811 0.64545983 0.64975783 0.65324308
 0.65612317 0.65854143 0.66059968 0.66237212 0.66391402 0.66526735
 0.66646453 0.667531   0.66848696 0.66934869 0.67012943 0.67084004
 0.67148954]"
2324,"[0.90210399 1.55905804 1.6683483  1.68131382 1.68081265 1.67838199
 1.67597339 1.67391083 1.67219614 1.67077215 1.66958061 1.66857353
 1.66771354 1.66697193 1.66632661 1.66576043 1.66525998 1.66481463
 1.6644159  1.66405691 1.66373208 1.66343679 1.66316723 1.66292019
 1.66269299]"
2325,"[0.92581163 1.65525019 1.77150835 1.78373041 1.78014284 1.77473913
 1.76988906 1.76587509 1.76259311 1.75989349 1.75764822 1.75575831
 1.75414911 1.75276435 1.75156128 1.75050703 1.74957603 1.74874815
 1.74800734 1.7473407  1.7467377  1.74618972 1.7456896  1.74523136
 1.74481   ]"
2326,"[0.75887834 0.92558353 1.01593576 1.06022318 1.08468804 1.10003509
 1.11051675 1.11811327 1.12386433 1.12836601 1.13198368 1.13495343
 1.13743442 1.13953776 1.14134337 1.14291012 1.14428238 1.14549417
 1.14657204 1.147537   1.14840587 1.14919231 1.14990751 1.15056071
 1.15115964]"
2327,"[0.84523992 1.17552435 1.19262774 1.19021021 1.19036368 1.19155083
 1.19288818 1.19411735 1.19518559 1.19609989 1.19688173 1.19755337
 1.19813419 1.19864012 1.19908396 1.199476   1.19982451 1.20013614
 1.20041631 1.20066947 1.20089926 1.20110874 1.20130044 1.20147651
 1.20163876]"
2328,"[0.95783964 1.28332091 1.29392387 1.28353427 1.27716523 1.27349591
 1.27122895 1.26972707 1.26867394 1.26790156 1.26731443 1.26685499
 1.26648683 1.2661859  1.26593578 1.26572489 1.26554488 1.26538956
 1.26525429 1.26513547 1.26503034 1.2649367  1.26485279 1.2647772
 1.26470876]"
2329,"[0.07333553 0.78366978 1.00021228 1.07480461 1.10970667 1.12964091
 1.14249571 1.15146708 1.15808268 1.16316254 1.16718581 1.17045113
 1.17315428 1.17542895 1.17736954 1.17904464 1.18050524 1.18179007
 1.18292906 1.1839457  1.18485872 1.18568317 1.18643136 1.1871134
 1.18773769]"
2330,"[0.80986481 0.80175967 0.87324541 0.9215017  0.95033443 0.96892035
 0.98176828 0.99113894 0.99825957 1.00384644 1.00834329 1.01203882
 1.01512858 1.01774957 1.02000053 1.02195439 1.02366615 1.02517805
 1.02652309 1.02772737 1.02881186 1.02979354 1.03068635 1.03150181
 1.03224955]"
2331,"[0.53871528 1.20402586 1.25833652 1.24716476 1.23620365 1.22872677
 1.22366214 1.22010672 1.21751169 1.21555089 1.21402516 1.21280832
 1.21181749 1.21099639 1.21030565 1.20971702 1.20920973 1.20876824
 1.20838067 1.20803781 1.20773243 1.20745874 1.2072121  1.20698871
 1.20678545]"
2332,"[0.45480291 0.86637128 0.96184418 0.98302372 0.98950107 0.99201037
 0.9931401  0.99369981 0.99399395 0.99415323 0.99423954 0.99428451
 0.99430525 0.99431147 0.99430889 0.99430099 0.99428992 0.99427703
 0.9942632  0.99424899 0.99423475 0.99422072 0.99420705 0.9941938
 0.99418105]"
2333,"[0.02656558 0.6667044  0.84610856 0.90193486 0.92539418 0.93770012
 0.945163   0.95014525 0.95370052 0.95636314 0.95843127 0.96008389
 0.9614348  0.96255976 0.9635111  0.96432619 0.96503236 0.96565009
 0.96619504 0.96667937 0.96711267 0.9675026  0.96785538 0.96817607
 0.96846888]"
2334,"[0.98097014 1.04671709 1.00189057 0.98549262 0.98136969 0.98103463
 0.98180893 0.9828554  0.98390415 0.98487138 0.98573753 0.98650539
 0.9871848  0.98778703 0.98832269 0.98880117 0.98923047 0.98961736
 0.98996753 0.99028577 0.99057612 0.99084198 0.99108625 0.9913114
 0.99151956]"
2335,"[0.4924623  1.00403352 1.16613765 1.21202988 1.22834904 1.2351025
 1.23814142 1.23954499 1.24016401 1.24038443 1.24039531 1.24029475
 1.2401359  1.23994841 1.2397492  1.23954797 1.23935027 1.23915915
 1.23897625 1.23880226 1.23863737 1.23848146 1.2383342  1.23819517
 1.23806393]"
2336,"[0.98817229 1.55548117 1.63796986 1.63648982 1.62469582 1.61318631
 1.60347244 1.59548551 1.58890922 1.58344425 1.57885175 1.57494913
 1.57159793 1.56869263 1.56615204 1.56391301 1.56192582 1.56015092
 1.55855647 1.55711663 1.5558102  1.55461962 1.55353029 1.55252991
 1.5516081 ]"
2337,"[0.7479994  1.17831158 1.21265082 1.22313976 1.23098143 1.23690321
 1.24138541 1.24484212 1.24756782 1.2497628  1.25156376 1.25306566
 1.25433595 1.25542358 1.25636483 1.25718707 1.25791134 1.25855403
 1.25912808 1.25964388 1.26010981 1.26053273 1.26091831 1.26127127
 1.26159557]"
2338,"[0.86848851 1.41072196 1.5392153  1.56793945 1.5767585  1.58021242
 1.58179202 1.58258992 1.58301917 1.58325853 1.58339354 1.58346836
 1.58350719 1.58352396 1.58352697 1.58352135 1.58351033 1.58349599
 1.58347969 1.58346233 1.58344451 1.58342662 1.58340893 1.5833916
 1.58337475]"
2339,"[0.06213683 0.66932199 0.81768667 0.85949321 0.87750348 0.88741253
 0.8936764  0.89799578 0.90115589 0.90356901 0.90547244 0.90701247
 0.90828424 0.90935231 0.91026203 0.91104623 0.91172922 0.91232942
 0.91286104 0.91333519 0.91376073 0.91414477 0.9144931  0.91481048
 0.91510086]"
2340,"[0.00043009 0.06029617 0.15544456 0.20448006 0.22947414 0.24376823
 0.25282176 0.25902214 0.26352435 0.2669412  0.2696241  0.27178786
 0.27357087 0.27506622 0.27633885 0.2774354  0.27839031 0.27922953
 0.27997301 0.28063634 0.28123188 0.28176957 0.28225748 0.28270225
 0.28310938]"
2341,"[0.38278519 0.66519807 0.84151933 0.92245753 0.96640341 0.9936116
 1.01200441 1.0252285  1.03517704 1.04292477 1.04912505 1.05419706
 1.05842174 1.06199423 1.0650542  1.06770423 1.0700213  1.07206429
 1.07387901 1.0755016  1.076961   1.07828059 1.07947951 1.08057358
 1.08157594]"
2342,"[0.56994254 0.75388609 0.87417595 0.93352745 0.96562921 0.98543298
 0.9988039  1.00841746 1.01565395 1.02129412 1.02581174 1.02951052
 1.03259396 1.03520344 1.03744019 1.03937859 1.0410745  1.04257066
 1.04390036 1.04508986 1.04616021 1.04712843 1.04800846 1.04881181
 1.04954808]"
2343,"[0.30719233 1.11579287 1.26759599 1.28262008 1.28164759 1.2783191
 1.27498122 1.2720655  1.26959685 1.26751446 1.26574887 1.26423988
 1.262939   1.26180801 1.26081688 1.25994192 1.25916433 1.25846902
 1.25784381 1.25727877 1.2567657  1.25629784 1.25586951 1.25547596
 1.25511315]"
2344,"[0.11132119 0.97251196 1.24232223 1.35553576 1.40999923 1.43989124
 1.45814026 1.47021101 1.47869224 1.48493419 1.48969831 1.493442
 1.49645461 1.49892716 1.50099039 1.50273652 1.50423235 1.50552734
 1.50665888 1.5076557  1.50854025 1.50933027 1.51004    1.51068098
 1.51126264]"
2345,"[0.69059842 1.45099772 1.6329858  1.68056461 1.69472382 1.69878784
 1.69937102 1.69868124 1.69754346 1.69628788 1.69505012 1.69388399
 1.69280757 1.69182313 1.69092612 1.69010936 1.68936501 1.68868543
 1.68806357 1.6874931  1.6869684  1.68648455 1.68603721 1.68562259
 1.68523738]"
2346,"[1.02549696 1.54041954 1.66382141 1.69005425 1.69575552 1.69626279
 1.6953089  1.69398301 1.69263562 1.69137966 1.69024498 1.68923154
 1.68832911 1.6875248  1.68680595 1.68616115 1.6855805  1.68505549
 1.68457892 1.68414467 1.68374755 1.68338314 1.68304767 1.6827379
 1.68245106]"
2347,"[0.90544207 1.45990705 1.63304847 1.69180424 1.71592445 1.72746023
 1.73361158 1.73715508 1.73931295 1.74068093 1.74157335 1.7421668
 1.7425657  1.74283438 1.74301393 1.7431313  1.74320468 1.74324657
 1.74326573 1.74326839 1.74325905 1.74324099 1.74321663 1.74318776
 1.74315574]"
2348,"[0.10106833 0.59216599 0.79005996 0.85793511 0.88454882 0.89635567
 0.90206355 0.90496323 0.90645674 0.90720126 0.90752885 0.90761744
 0.90756691 0.9074354  0.9072577  0.90705508 0.90684071 0.9066228
 0.90640646 0.90619484 0.90598979 0.90579238 0.90560311 0.90542215
 0.90524944]"
2349,"[0.52568361 0.85660964 0.91960411 0.94549042 0.9612999  0.97168987
 0.97892935 0.98422574 0.98825484 0.99141697 0.99396199 0.99605307
 0.99780095 0.99928326 1.00055599 1.00166049 1.00262792 1.00348225
 1.00424216 1.00492246 1.00553499 1.0060894  1.00659356 1.00705401
 1.00747618]"
2350,"[0.62645807 0.91398237 0.95294656 0.96534715 0.97451266 0.98121667
 0.98615196 0.98987697 0.99276593 0.99506247 0.99692744 0.9984698
 0.99976537 1.00086829 1.00181814 1.00264444 1.00336966 1.00401117
 1.00458258 1.00509475 1.00555638 1.00597458 1.00635518 1.00670302
 1.00702215]"
2351,"[0.64603799 1.29768189 1.48730203 1.54549738 1.56967609 1.58227028
 1.58986211 1.59490285 1.59848211 1.60115079 1.60321534 1.60485919
 1.6061986  1.60731072 1.60824874 1.60905048 1.60974358 1.61034867
 1.61088149 1.61135425 1.61177654 1.61215602 1.61249889 1.61281019
 1.61309408]"
2352,"[0.47426235 0.63651811 0.8139856  0.8910321  0.93315249 0.95953172
 0.9775348  0.99057516 1.00044281 1.00816338 1.01436536 1.0194547
 1.02370499 1.02730722 1.03039865 1.03308042 1.03542872 1.03750195
 1.03934568 1.04099594 1.04248162 1.04382613 1.04504864 1.04616502
 1.0471885 ]"
2353,"[0.46945276 1.2149188  1.44802216 1.52643121 1.56092852 1.57939099
 1.59063394 1.59811125 1.6034077  1.60733969 1.61036621 1.6127634
 1.61470659 1.61631214 1.61766011 1.61880729 1.61979505 1.6206542
 1.62140814 1.62207496 1.62266883 1.62320104 1.62368067 1.62411509
 1.6245104 ]"
2354,"[1.07422318 1.46437329 1.52782235 1.55036487 1.56406579 1.57303081
 1.57920704 1.58366674 1.58701661 1.58961545 1.59168561 1.59337101
 1.59476838 1.59594491 1.5969486  1.59781459 1.59856918 1.59923242
 1.59981985 1.60034368 1.60081367 1.60123767 1.60162208 1.60197218
 1.60229235]"
2355,"[0.80947896 0.96796388 0.91346331 0.88550723 0.8758162  0.87242087
 0.87132128 0.87113464 0.87132785 0.8716764  0.87207994 0.87249219
 0.87289182 0.87326956 0.87362203 0.8739488  0.87425085 0.87452979
 0.87478746 0.87502573 0.87524637 0.87545105 0.87564126 0.87581836
 0.87598356]"
2356,"[0.59771967 1.22859804 1.38256018 1.43487839 1.45956842 1.4737635
 1.48294487 1.48935845 1.49408729 1.49771607 1.50058759 1.50291595
 1.5048416  1.5064605  1.50784043 1.50903058 1.51006753 1.51097902
 1.51178651 1.51250681 1.51315331 1.51373679 1.51426603 1.51474824
 1.51518943]"
2357,"[0.10842978 0.8143079  0.99122866 1.04650847 1.07205476 1.08658143
 1.09590655 1.10238362 1.10713798 1.11077317 1.11364121 1.11596091
 1.11787531 1.11948181 1.12084897 1.12202644 1.12305107 1.12395074
 1.12474696 1.12545657 1.12609296 1.12666689 1.1271871  1.12766081
 1.12809396]"
2358,"[0.55372582 0.73515381 0.74888353 0.73738264 0.72451388 0.71435658
 0.70692224 0.7015517  0.69764214 0.69475303 0.69258112 0.69092024
 0.68962952 0.68861143 0.68779745 0.68713862 0.68659942 0.68615368
 0.68578182 0.68546903 0.68520394 0.68497772 0.68478346 0.68461568
 0.68447   ]"
2359,"[0.90240348 1.26402887 1.3092011  1.31733959 1.31896091 1.31899676
 1.3185991  1.31809969 1.31760412 1.31714558 1.31673201 1.31636239
 1.31603269 1.31573819 1.31547437 1.31523717 1.31502307 1.31482906
 1.31465258 1.31449145 1.31434383 1.31420813 1.314083   1.31396728
 1.31385996]"
2360,"[0.38577875 1.08054115 1.18557009 1.20929051 1.2176041  1.22145461
 1.22355984 1.22484093 1.22568098 1.22626311 1.22668403 1.22699886
 1.22724091 1.22743133 1.22758404 1.22770856 1.22781154 1.22789779
 1.22797082 1.22803327 1.22808713 1.22813395 1.22817494 1.22821106
 1.22824308]"
2361,"[0.43344411 1.00253896 1.04540687 1.0318816  1.01704098 1.00546468
 0.99667589 0.98990238 0.98456717 0.98027529 0.97675727 0.97382603
 0.97134887 0.96922952 0.96739672 0.96579672 0.96438827 0.96313921
 0.96202416 0.96102281 0.96011872 0.95929846 0.95855096 0.95786699
 0.95723883]"
2362,"[0.71263319 1.52524792 1.74978241 1.8263415  1.85913324 1.87558062
 1.88478559 1.89035959 1.89393887 1.89634307 1.89801603 1.89921352
 1.9000905  1.90074488 1.9012407  1.90162113 1.90191604 1.90214652
 1.90232779 1.90247101 1.90258449 1.9026745  1.90274585 1.90280222
 1.90284652]"
2363,"[8.87412520e-05 3.50995570e-01 7.02625230e-01 8.41289313e-01
 9.05441686e-01 9.39717289e-01 9.60119033e-01 9.73279052e-01
 9.82301316e-01 9.88786504e-01 9.93626458e-01 9.97350104e-01
 1.00028760e+00 1.00265400e+00 1.00459448e+00 1.00621011e+00
 1.00757309e+00 1.00873623e+00 1.00973893e+00 1.01061111e+00
 1.01137586e+00 1.01205123e+00 1.01265154e+00 1.01318826e+00
 1.01367070e+00]"
2364,"[5.85718809e-06 8.97145222e-02 3.38511400e-01 4.61689637e-01
 5.25943928e-01 5.63843543e-01 5.88331836e-01 6.05255843e-01
 6.17562582e-01 6.26871849e-01 6.34137571e-01 6.39953788e-01
 6.44707781e-01 6.48661867e-01 6.51999549e-01 6.54852775e-01
 6.57318705e-01 6.59470376e-01 6.61363700e-01 6.63042166e-01
 6.64540092e-01 6.65884904e-01 6.67098774e-01 6.68199818e-01
 6.69202972e-01]"
2365,"[0.34487054 0.99034735 1.15294872 1.2033543  1.22624248 1.23923182
 1.24760992 1.25346894 1.25779993 1.26113332 1.26377902 1.26593037
 1.26771432 1.26921772 1.270502   1.27161186 1.27258061 1.27343358
 1.27419035 1.27486636 1.27547387 1.27602281 1.27652125 1.27697587
 1.27739219]"
2366,"[0.75984511 1.32673395 1.39480165 1.38387385 1.36694832 1.35284953
 1.34184736 1.33324115 1.32639958 1.32086133 1.31630101 1.31248824
 1.30925737 1.30648715 1.30408715 1.30198882 1.30013928 1.29849722
 1.29702989 1.29571104 1.29451937 1.29343745 1.29245088 1.29154765
 1.29071768]"
2367,"[0.79372478 1.33791364 1.46589287 1.48947516 1.49658779 1.49975945
 1.50149862 1.50256162 1.50325497 1.50372753 1.50406014 1.50430007
 1.50447652 1.50460827 1.50470783 1.50478376 1.50484204 1.50488697
 1.50492167 1.50494844 1.50496902 1.50498472 1.50499654 1.50500527
 1.50501152]"
2368,"[0.31968283 0.85743775 1.00719662 1.04978163 1.06762729 1.07722432
 1.08319411 1.08726411 1.09021718 1.09245821 1.0942174  1.09563533
 1.09680266 1.09778054 1.09861168 1.09932685 1.09994877 1.10049458
 1.10097746 1.10140771 1.10179349 1.10214137 1.10245668 1.10274378
 1.1030063 ]"
2369,"[0.66961929 1.18786976 1.20647722 1.18203558 1.16038661 1.14478033
 1.13388762 1.12625227 1.12081908 1.11688292 1.11397973 1.11180219
 1.11014384 1.10886356 1.10786314 1.10707305 1.10644322 1.10593706
 1.10552742 1.10519388 1.10492094 1.10469664 1.10451171 1.10435885
 1.10423231]"
2370,"[0.83291604 0.75105337 0.65912819 0.61393365 0.60703805 0.61346012
 0.62197775 0.62967731 0.63610621 0.64139127 0.64575098 0.64938159
 0.65243854 0.65504076 0.6572787  0.65922147 0.6609224  0.66242305
 0.66375621 0.66494801 0.66601951 0.66698784 0.66786706 0.66866883
 0.66940287]"
2371,"[0.37655842 0.56930995 0.59385899 0.58797611 0.57752634 0.56801784
 0.56032355 0.5542701  0.54951352 0.54574472 0.54272352 0.54027111
 0.53825584 0.53658048 0.53517264 0.53397787 0.53295471 0.53207124
 0.53130258 0.53062918 0.53003548 0.52950897 0.52903954 0.52861892
 0.5282403 ]"
2372,"[0.37655842 0.56930995 0.59385899 0.58797611 0.57752634 0.56801784
 0.56032355 0.5542701  0.54951352 0.54574472 0.54272352 0.54027111
 0.53825584 0.53658048 0.53517264 0.53397787 0.53295471 0.53207124
 0.53130258 0.53062918 0.53003548 0.52950897 0.52903954 0.52861892
 0.5282403 ]"
2373,"[0.68721291 1.1577975  1.26943051 1.3075593  1.32593835 1.33659696
 1.34350796 1.34833457 1.35188851 1.35461083 1.35676091 1.35850095
 1.35993741 1.36114298 1.36216895 1.3630525  1.36382125 1.36449615
 1.36509333 1.36562545 1.36610257 1.36653277 1.36692264 1.36727758
 1.36760207]"
2374,"[0.44625661 1.07824516 1.26553749 1.33956785 1.37263749 1.3897804
 1.39978024 1.40614646 1.41047341 1.41356553 1.41586396 1.4176273
 1.4190156  1.4201324  1.42104726 1.4218084  1.4224502  1.42299769
 1.42346956 1.42387995 1.42423975 1.4245575  1.42483993 1.42509246
 1.42531947]"
2375,"[0.39944358 1.08151932 1.26941981 1.32866245 1.35439909 1.3683149
 1.37694089 1.38278799 1.38700525 1.39018794 1.39267397 1.39466894
 1.39630497 1.39767078 1.39882813 1.39982128 1.40068284 1.40143732
 1.40210349 1.40269598 1.40322638 1.40370395 1.40413621 1.40452931
 1.40488834]"
2376,"[0.80448668 1.23565292 1.30525012 1.32841178 1.34030911 1.34764325
 1.35264271 1.35627813 1.35904433 1.36122137 1.36298013 1.36443101
 1.36564857 1.36668503 1.36757807 1.36835558 1.36903866 1.36964354
 1.37018294 1.37066695 1.3711037  1.37149979 1.37186064 1.37219077
 1.37249394]"
2377,"[1.08513708 1.25581424 1.12427047 1.03260248 0.98711354 0.96545624
 0.95453215 0.94854661 0.94500087 0.942757   0.94125775 0.94021044
 0.93945145 0.93888432 0.9384495  0.93810872 0.93783657 0.93761564
 0.93743373 0.93728204 0.93715414 0.93704522 0.93695163 0.93687058
 0.93679986]"
2378,"[0.98103581 1.22491749 1.31163607 1.36888883 1.40259089 1.42389528
 1.43837436 1.44878733 1.45660852 1.46268564 1.467537   1.47149585
 1.47478565 1.4775615  1.47993431 1.48198537 1.48377562 1.48535157
 1.48674936 1.48799746 1.4891186  1.49013114 1.49105009 1.4918878
 1.49265456]"
2379,"[0.65109282 0.83463931 0.95836025 1.01332317 1.04420825 1.06396044
 1.07765862 1.08770516 1.09538276 1.10143789 1.10633398 1.11037374
 1.11376316 1.11664719 1.11913079 1.12129175 1.12318901 1.12486798
 1.12636422 1.12770598 1.12891598 1.1300127  1.13101132 1.13192442
 1.13276253]"
2380,"[0.36340254 0.80767116 0.94141188 0.98434333 1.00406308 1.0152063
 1.02232197 1.02724228 1.03083985 1.03358112 1.03573729 1.03747647
 1.03890828 1.04010715 1.04112537 1.04200073 1.04276119 1.0434279
 1.04401712 1.04454158 1.04501136 1.04543456 1.04581777 1.04616638
 1.04648486]"
2381,"[0.50012128 0.81731555 0.9781498  1.04572901 1.08170418 1.10385594
 1.11881164 1.12956649 1.13766313 1.14397414 1.1490292  1.15316796
 1.15661809 1.15953777 1.1620403  1.16420892 1.16610615 1.16777984
 1.16926723 1.17059774 1.17179492 1.17287782 1.17386204 1.17476047
 1.17558384]"
2382,"[0.31851896 0.85195867 1.01388429 1.05902253 1.07625762 1.08464274
 1.08941868 1.0924423  1.09450457 1.09599038 1.09710651 1.09797287
 1.09866328 1.09922546 1.09969152 1.1000838  1.10041829 1.10070671
 1.10095786 1.10117844 1.10137364 1.10154758 1.1017035  1.10184405
 1.10197138]"
2383,"[0.01841316 0.53029166 0.73453309 0.81505864 0.85741867 0.88340248
 0.90091757 0.91350333 0.92297456 0.9303554  0.93626663 0.94110604
 0.94514007 0.94855383 0.95147982 0.95401541 0.95623369 0.95819062
 0.95992974 0.96148546 0.96288528 0.9641515  0.96530236 0.9663529
 0.9673157 ]"
2384,"[0.00241531 0.13190037 0.24250042 0.28567693 0.30698193 0.31965022
 0.32807129 0.33408563 0.33860093 0.34211781 0.34493555 0.34724436
 0.34917103 0.35080335 0.35220411 0.35341938 0.35448376 0.35542374
 0.35625995 0.35700868 0.35768299 0.35829346 0.35884874 0.35935601
 0.35982123]"
2385,"[0.17451131 0.91143324 1.12002029 1.19682151 1.23203678 1.25092179
 1.26223494 1.26957826 1.27463982 1.27829407 1.28103088 1.28314233
 1.28481166 1.28615874 1.28726483 1.28818667 1.28896495 1.2896295
 1.2902026  1.29070123 1.29113851 1.2915247  1.29186796 1.29217485
 1.29245066]"
2386,"[0.38823932 0.95297379 1.1489071  1.21789727 1.24899391 1.26563476
 1.2756489  1.28219613 1.28674566 1.29005726 1.29255717 1.29450044
 1.29604771 1.29730461 1.29834309 1.29921363 1.29995261 1.30058682
 1.3011364  1.30161673 1.30203975 1.30241485 1.30274953 1.30304982
 1.30332062]"
2387,"[0.64994593 1.11171007 1.22570057 1.2623536  1.27937045 1.28897874
 1.29508581 1.29928617 1.30234191 1.30465996 1.30647621 1.30793634
 1.30913497 1.3101361  1.31098453 1.31171255 1.31234395 1.31289668
 1.31338453 1.31381825 1.31420633 1.3145556  1.31487159 1.31515882
 1.31542103]"
2388,"[4.34866504e-07 6.73853332e-02 2.80273551e-01 3.68955678e-01
 4.10495624e-01 4.33810085e-01 4.48566280e-01 4.58699318e-01
 4.66072635e-01 4.71673060e-01 4.76069210e-01 4.79610870e-01
 4.82524675e-01 4.84963781e-01 4.87035353e-01 4.88816591e-01
 4.90364510e-01 4.91722121e-01 4.92922483e-01 4.93991418e-01
 4.94949391e-01 4.95812826e-01 4.96595062e-01 4.97307038e-01
 4.97957815e-01]"
2389,"[0. 0. 0. 0. 0. 0. 0. 0. 0. 0. 0. 0. 0. 0. 0. 0. 0. 0. 0. 0. 0. 0. 0. 0.
 0.]"
2390,"[2.05940864e-10 2.03812889e-05 3.49773948e-04 9.87543092e-04
 1.59422965e-03 2.06769719e-03 2.42311265e-03 2.69195566e-03
 2.89942424e-03 3.06306189e-03 3.19478974e-03 3.30277526e-03
 3.39271822e-03 3.46868098e-03 3.53361987e-03 3.58972886e-03
 3.63866568e-03 3.68170364e-03 3.71983534e-03 3.75384507e-03
 3.78436012e-03 3.81188785e-03 3.83684276e-03 3.85956662e-03
 3.88034373e-03]"
2391,"[0.00732724 0.68566739 0.8914611  0.96172101 0.995181   1.01437652
 1.02672463 1.03529919 1.04158611 1.04638638 1.05016815 1.05322261
 1.05574012 1.05785017 1.05964388 1.06118717 1.06252887 1.06370595
 1.06474687 1.06567391 1.06650473 1.06725355 1.06793191 1.0685493
 1.06911356]"
2392,"[1.26815094e-07 1.78482588e-03 3.52873370e-02 1.08639070e-01
 1.73067938e-01 2.18837104e-01 2.51122545e-01 2.74603989e-01
 2.92265293e-01 3.05951750e-01 3.16830556e-01 3.25664617e-01
 3.32969187e-01 3.39102849e-01 3.44321903e-01 3.48813918e-01
 3.52719055e-01 3.56144000e-01 3.59171302e-01 3.61865776e-01
 3.64278989e-01 3.66452454e-01 3.68419955e-01 3.70209249e-01
 3.71843350e-01]"
2393,"[0.6992744  1.19440773 1.26619291 1.27879146 1.28069196 1.28029555
 1.27941357 1.27849981 1.27766958 1.27694343 1.27631484 1.27577073
 1.27529785 1.27488451 1.274521   1.27419933 1.273913   1.27365671
 1.27342611 1.27321762 1.27302828 1.27285561 1.27269756 1.27255236
 1.27241853]"
2394,"[0.46901161 1.06489503 1.26588839 1.33131122 1.36011471 1.37570252
 1.38531655 1.39178758 1.39642044 1.39989216 1.40258636 1.40473568
 1.40648898 1.40794572 1.40917483 1.4102255  1.41113376 1.41192661
 1.41262464 1.41324383 1.41379678 1.41429355 1.41474226 1.41514955
 1.41552087]"
2395,"[0.88223849 0.78965146 0.90953237 0.9878861  1.0203106  1.03624919
 1.0452478  1.05086232 1.05463183 1.05730645 1.05928724 1.06080487
 1.06200005 1.06296286 1.06375331 1.06441274 1.0649705  1.0654479
 1.06586079 1.06622116 1.06653825 1.06681928 1.06706998 1.06729491
 1.06749782]"
2396,"[0.7723222  1.22963691 1.26945051 1.27311234 1.27439981 1.27525273
 1.27587433 1.27634018 1.27669747 1.27697759 1.27720169 1.27738425
 1.27753535 1.27766217 1.27776994 1.27786252 1.27794282 1.27801307
 1.27807501 1.27812998 1.27817909 1.2782232  1.27826303 1.27829915
 1.27833207]"
2397,"[1.00641516 1.43039064 1.53015633 1.5508546  1.55272796 1.55019029
 1.5468271  1.54358375 1.54068931 1.5381655  1.53597598 1.53407276
 1.53241048 1.5309502  1.52965959 1.52851216 1.52748627 1.5265642
 1.52573135 1.52497567 1.52428711 1.52365725 1.52307899 1.52254634
 1.52205416]"
2398,"[0.73853394 1.66080671 1.79759782 1.80101442 1.78603756 1.7706697
 1.75766986 1.74705484 1.73839068 1.73125187 1.72529914 1.72027532
 1.71598736 1.71228963 1.70907116 1.70624638 1.70374849 1.70152469
 1.6995328  1.69773876 1.69611479 1.694638   1.69328942 1.69205318
 1.69091588]"
2399,"[0.70895593 0.77800595 0.7165594  0.69461529 0.69079914 0.6911891
 0.69242255 0.69371176 0.69487498 0.69588507 0.69675474 0.69750476
 0.69815511 0.69872282 0.69922181 0.69966333 0.70005645 0.70040853
 0.70072554 0.70101239 0.70127313 0.70151113 0.7017292  0.70192974
 0.70211476]"
2400,"[0.81771969 1.10387993 1.21408321 1.25055957 1.26702768 1.27610372
 1.28177178 1.28562072 1.28839443 1.29048344 1.29211109 1.29341378
 1.29447931 1.29536663 1.29611677 1.29675908 1.29731516 1.29780122
 1.29822964 1.29861007 1.29895013 1.29925589 1.29953229 1.29978335
 1.3000124 ]"
2401,"[0.58653592 0.62358042 0.77062416 0.83939669 0.87750376 0.90144896
 0.91780537 0.92965497 0.93862092 0.94563496 0.95126844 0.95589051
 0.95974998 0.96302052 0.96582694 0.96826119 0.97039252 0.97227403
 0.97394711 0.97544452 0.97679249 0.9780123  0.97912136 0.98013409
 0.98106249]"
2402,"[0.35839851 0.56003398 0.64892859 0.68283886 0.69698004 0.70427995
 0.70863834 0.71150781 0.7135311  0.71503115 0.71618637 0.71710286
 0.71784746 0.71846426 0.71898352 0.71942667 0.71980929 0.72014298
 0.72043658 0.7206969  0.7209293  0.72113804 0.72132657 0.72149769
 0.7216537 ]"
2403,"[0.59263661 1.27919818 1.4456513  1.49522915 1.51404418 1.52271565
 1.52728791 1.52993649 1.53157874 1.53265013 1.53337687 1.53388508
 1.53424911 1.53451489 1.53471189 1.53485962 1.53497136 1.53505639
 1.5351213  1.53517087 1.53520862 1.53523716 1.5352585  1.53527414
 1.53528527]"
2404,"[0.40462294 1.23912564 1.45060614 1.5199822  1.54789616 1.56125553
 1.5685082  1.57281895 1.57555827 1.57738982 1.57866409 1.57957925
 1.58025372 1.58076154 1.58115078 1.58145366 1.58169237 1.58188257
 1.58203555 1.58215957 1.5822608  1.5823439  1.58241244 1.5824692
 1.58251634]"
2405,"[0.40480159 1.24854134 1.44569836 1.49365701 1.50850131 1.51364511
 1.51533079 1.51562971 1.51534018 1.51480255 1.51417177 1.51352099
 1.51288496 1.51227959 1.51171126 1.51118154 1.51068955 1.51023326
 1.50981012 1.50941746 1.50905268 1.50871332 1.50839709 1.50810194
 1.50782597]"
2406,"[0.77154165 1.43178431 1.56977758 1.59996828 1.60859724 1.61146107
 1.61242335 1.61267226 1.61263506 1.61248257 1.61228801 1.61208397
 1.61188502 1.61169736 1.6115232  1.61136284 1.61121572 1.61108087
 1.61095723 1.61084372 1.61073932 1.61064311 1.61055426 1.61047202
 1.61039572]"
2407,"[0.77058126 1.05024545 1.10651954 1.12107619 1.12527174 1.12662189
 1.12705844 1.1271659  1.12714769 1.12708201 1.12700094 1.12691799
 1.1268388  1.12676548 1.12669856 1.12663788 1.12658297 1.12653329
 1.12648827 1.12644738 1.12641016 1.12637619 1.12634509 1.12631654
 1.12629026]"
2408,"[0.52528839 1.20391862 1.42651098 1.50739878 1.54644093 1.56898598
 1.58355429 1.59370464 1.60116619 1.60687489 1.61137964 1.61502285
 1.61802887 1.62055069 1.62269609 1.62454319 1.62614996 1.62756029
 1.62880804 1.62991971 1.63091635 1.63181491 1.63262916 1.63337041
 1.63404803]"
2409,"[0.60609747 1.05766459 1.17295615 1.21649339 1.23889185 1.25242946
 1.26145689 1.26789003 1.27269923 1.27642672 1.27939855 1.28182221
 1.28383587 1.28553502 1.28698774 1.28824383 1.28934056 1.29030636
 1.29116329 1.29192873 1.29261656 1.293238   1.29380218 1.29431667
 1.29478773]"
2410,"[1.06742366 1.44221893 1.4038788  1.37105479 1.35779254 1.35282435
 1.35102768 1.35049012 1.35047409 1.35067597 1.35096338 1.35127642
 1.35158762 1.35188471 1.35216276 1.3524204  1.35265799 1.35287669
 1.35307797 1.35326336 1.35343438 1.3535924  1.35373871 1.35387444
 1.35400062]"
2411,"[0.6411683  1.1760532  1.21410539 1.18514182 1.15901249 1.14091838
 1.12864574 1.12012409 1.11401395 1.10949292 1.10605171 1.10336681
 1.10122661 1.09948863 1.09805436 1.09685395 1.09583679 1.09496548
 1.09421186 1.09355439 1.09297638 1.09246466 1.0920088  1.09160036
 1.09123251]"
2412,"[0.93050682 0.87569683 1.02379228 1.08214024 1.1110694  1.1280834
 1.13920644 1.147017   1.15279048 1.157226   1.16073735 1.16358449
 1.16593865 1.16791711 1.1696028  1.171056   1.17232155 1.17343349
 1.17441812 1.17529605 1.17608372 1.17679432 1.17743862 1.17802548
 1.17856222]"
2413,"[0.24193114 0.81952543 1.02982505 1.12018947 1.16871886 1.19855776
 1.21861686 1.2329728  1.24373163 1.2520836  1.25874934 1.26418951
 1.2687118  1.27252932 1.2757942  1.27861788 1.28108384 1.28325578
 1.28518317 1.28690503 1.28845247 1.28985067 1.29112018 1.29227795
 1.29333808]"
2414,"[0.12294034 0.73591393 0.8987613  0.95270186 0.97831547 0.99309302
 1.00266296 1.00934905 1.01427719 1.01805689 1.02104602 1.02346822
 1.02547028 1.02715246 1.02858555 1.02982093 1.03089679 1.03184208
 1.03267918 1.03342562 1.03409536 1.03469961 1.03524753 1.03574662
 1.03620314]"
2415,"[0.67539606 1.10413031 1.25894757 1.33414468 1.37408203 1.39824486
 1.41428389 1.42565199 1.43410709 1.4406306  1.4458108  1.45002065
 1.45350755 1.45644184 1.45894449 1.46110372 1.46298536 1.46463947
 1.4661048  1.4674118  1.46858475 1.46964318 1.47060304 1.47147746
 1.47227732]"
2416,"[0.90022912 1.1895344  1.26564738 1.27937996 1.28169697 1.28152197
 1.28077535 1.27994979 1.27917929 1.27849471 1.27789569 1.27737295
 1.2769157  1.2765139  1.27615895 1.27584364 1.27556203 1.27530922
 1.27508114 1.27487445 1.27468635 1.27451448 1.27435687 1.27421184
 1.27407798]"
2417,"[0.71124496 1.17532182 1.27417461 1.30121479 1.31225839 1.31801839
 1.3214941  1.32379895 1.32543087 1.32664311 1.32757711 1.3283177
 1.32891868 1.32941574 1.32983345 1.33018924 1.33049582 1.33076266
 1.33099698 1.33120433 1.33138909 1.33155474 1.33170409 1.33183941
 1.33196258]"
2418,"[1.50204936e-05 8.35690646e-02 2.27331412e-01 2.75965200e-01
 2.92493700e-01 2.98729008e-01 3.01225403e-01 3.02205628e-01
 3.02520130e-01 3.02527949e-01 3.02392561e-01 3.02192638e-01
 3.01967476e-01 3.01737075e-01 3.01511580e-01 3.01295953e-01
 3.01092372e-01 3.00901519e-01 3.00723270e-01 3.00557087e-01
 3.00402234e-01 3.00257901e-01 3.00123271e-01 2.99997554e-01
 2.99880009e-01]"
2419,"[0.60768335 1.12177251 1.1922265  1.20877829 1.21653306 1.22131237
 1.22460317 1.22701362 1.22885513 1.23030697 1.23148029 1.23244775
 1.23325884 1.23394845 1.23454182 1.23505769 1.23551027 1.23591047
 1.23626686 1.23658624 1.23687408 1.23713481 1.23737208 1.23758891
 1.23778783]"
2420,"[0.9275017  1.41034518 1.48372143 1.51420194 1.52996898 1.53914447
 1.54500958 1.54903102 1.55193779 1.55412605 1.55582713 1.55718415
 1.55828995 1.55920716 1.55997945 1.56063812 1.56120617 1.56170085
 1.56213532 1.56251983 1.56286242 1.56316952 1.56344632 1.56369705
 1.56392519]"
2421,"[0.39193206 1.26103935 1.48145608 1.54233054 1.56708732 1.57961708
 1.58690935 1.59157585 1.59477203 1.59707522 1.59880144 1.60013627
 1.601195   1.60205258 1.6027596  1.60335135 1.60385307 1.60428329
 1.60465587 1.60498136 1.60526794 1.60552202 1.6057487  1.60595209
 1.60613553]"
2422,"[0.56739    1.12724933 1.17281864 1.17107453 1.16864113 1.16747918
 1.16701776 1.16688922 1.1669163  1.16701475 1.16714368 1.16728278
 1.16742194 1.16755622 1.16768337 1.16780253 1.16791359 1.16801684
 1.16811273 1.1682018  1.16828458 1.16836162 1.1684334  1.16850039
 1.16856301]"
2423,"[0.79042239 1.20184324 1.24455765 1.25567153 1.26193926 1.26609776
 1.26904422 1.27123061 1.27291248 1.27424404 1.27532324 1.27621496
 1.2769638  1.27760134 1.27815054 1.27862849 1.27904815 1.27941954
 1.2797505  1.28004728 1.2803149  1.28055745 1.28077828 1.28098018
 1.28116548]"
2424,"[0.20556926 0.56858552 0.75144394 0.82500104 0.86364937 0.88732017
 0.90325869 0.9147028  0.92331012 0.93001494 0.93538304 0.93977669
 0.9434384  0.94653656 0.94919167 0.95149225 0.95350472 0.95527993
 0.95685744 0.95826848 0.95953806 0.9606864  0.96173006 0.96268272
 0.96355576]"
2425,"[0.45309394 1.09201876 1.18347505 1.21234515 1.22638446 1.23463421
 1.24004215 1.24385209 1.24667721 1.24885377 1.2505811  1.25198475
 1.25314758 1.25412648 1.25496177 1.25568282 1.25631151 1.25686449
 1.25735462 1.25779204 1.25818479 1.25853937 1.2588611  1.25915431
 1.25942265]"
2426,"[0.60231534 0.72672984 0.84391924 0.9111372  0.94883449 0.97238526
 0.98836101 0.99986449 1.00852412 1.01526951 1.02066762 1.0250829
 1.02875989 1.03186858 1.0345307  1.03683564 1.03885052 1.04062669
 1.04220405 1.04361415 1.04488217 1.04602852 1.04706986 1.04801997
 1.04889031]"
2427,"[0.50781038 1.20802216 1.40654431 1.46196404 1.48270991 1.49232165
 1.49743415 1.50042014 1.50228438 1.50350726 1.50434025 1.50492455
 1.50534398 1.50565056 1.50587787 1.50604822 1.50617689 1.50627455
 1.50634881 1.50640523 1.50644787 1.5064798  1.50650333 1.50652023
 1.50653187]"
2428,"[0.18864309 0.54541837 0.74236944 0.82174552 0.86352672 0.88911755
 0.90633958 0.91869675 0.92798445 0.93521469 0.94100018 0.94573305
 0.9496757  0.95301022 0.95586688 0.95834129 0.9605052  0.96241351
 0.96410888 0.96562503 0.9669889  0.96822231 0.9693431  0.970366
 0.97130328]"
2429,"[0.04407779 0.65095757 0.91913737 1.0398941  1.10176221 1.13771045
 1.16075035 1.17662855 1.18817971 1.19693716 1.20379423 1.20930348
 1.21382383 1.21759795 1.22079555 1.22353875 1.22591759 1.2279999
 1.22983768 1.23147151 1.23293347 1.23424926 1.23543971 1.23652189
 1.2375099 ]"
2430,"[0.58844279 1.22595491 1.32817296 1.34467011 1.34765266 1.34783991
 1.34736533 1.34676129 1.34617545 1.34564669 1.34518037 1.34477167
 1.34441323 1.34409773 1.34381869 1.34357062 1.34334892 1.3431498
 1.3429701  1.3428072  1.34265891 1.3425234  1.3423991  1.34228471
 1.3421791 ]"
2431,"[0.3884557  1.16083782 1.40906223 1.5041593  1.54917767 1.57423225
 1.58984141 1.60037311 1.60790538 1.61353509 1.61788955 1.62135102
 1.62416461 1.62649419 1.6284532  1.63012254 1.63156135 1.63281383
 1.63391364 1.63488685 1.63575396 1.63653129 1.637232   1.63786682
 1.63844456]"
2432,"[0.04813902 0.67221373 0.91250234 0.99619231 1.03306763 1.05267949
 1.06454874 1.07240436 1.07794841 1.0820528  1.08520525 1.08769796
 1.08971583 1.09138122 1.09277813 1.09396602 1.09498814 1.09587665
 1.09665596 1.0973449  1.09795822 1.09850766 1.09900265 1.09945086
 1.09985859]"
2433,"[0.03968489 0.57514437 0.78084677 0.86614932 0.91182568 0.94006878
 0.9591895  0.97296548 0.9833507  0.99145391 0.99794968 1.00327142
 1.00771    1.0114678  1.01468987 1.01748291 1.01992707 1.02208376
 1.02400079 1.02571594 1.02725947 1.02865586 1.02992518 1.03108399
 1.03214612]"
2434,"[0.4708172  0.76245508 0.98501178 1.07041011 1.10834631 1.12837438
 1.14037569 1.14825053 1.15377186 1.1578404  1.16095541 1.16341349
 1.16540094 1.16704023 1.16841502 1.1695843  1.17059079 1.1714662
 1.17223452 1.17291425 1.17351985 1.17406282 1.17455238 1.17499605
 1.17539999]"
2435,"[0.63304455 1.29952064 1.46128173 1.51148672 1.53327172 1.54500398
 1.55222422 1.55707697 1.5605469  1.56314408 1.56515731 1.56676162
 1.56806894 1.56915406 1.57006876 1.57084996 1.57152472 1.57211326
 1.57263104 1.57309002 1.57349963 1.5738674  1.57419939 1.57450057
 1.57477502]"
2436,"[5.85718809e-06 8.97145222e-02 3.38511400e-01 4.61689637e-01
 5.25943928e-01 5.63843543e-01 5.88331836e-01 6.05255843e-01
 6.17562582e-01 6.26871849e-01 6.34137571e-01 6.39953788e-01
 6.44707781e-01 6.48661867e-01 6.51999549e-01 6.54852775e-01
 6.57318705e-01 6.59470376e-01 6.61363700e-01 6.63042166e-01
 6.64540092e-01 6.65884904e-01 6.67098774e-01 6.68199818e-01
 6.69202972e-01]"
2437,"[0.53288874 1.14509039 1.32791221 1.39647951 1.42953656 1.44860584
 1.46094191 1.46955666 1.47590686 1.48077913 1.48463448 1.4877606
 1.4903462  1.49252012 1.49437332 1.49597182 1.49736472 1.49858924
 1.49967417 1.50064206 1.50151087 1.50229507 1.50300644 1.50365467
 1.50424781]"
2438,"[0.24096693 0.98825233 1.17550191 1.22948285 1.25192474 1.26378008
 1.27101933 1.27587335 1.27934508 1.28194756 1.28396915 1.28558389
 1.28690286 1.28800022 1.28892731 1.28972079 1.29040753 1.29100766
 1.29153656 1.29200617 1.29242592 1.29280334 1.29314451 1.2934544
 1.29373713]"
2439,"[0.64619647 1.34144712 1.53861805 1.60082948 1.62708989 1.6407717
 1.64893833 1.65428231 1.658016   1.66075497 1.66284116 1.66447817
 1.66579406 1.66687311 1.66777283 1.66853375 1.66918518 1.66974882
 1.67024104 1.67067442 1.6710588  1.67140193 1.67171005 1.67198819
 1.67224048]"
2440,"[0.91542922 0.92467692 0.87458707 0.84854225 0.83692518 0.83166225
 0.82921262 0.82807963 0.82759722 0.82744959 0.82747831 0.82760008
 0.82776951 0.82796122 0.82816079 0.82836004 0.82855434 0.8287412
 0.8289194  0.82908846 0.82924835 0.82939932 0.82954173 0.82967604
 0.82980275]"
2441,"[0.43326832 0.58015727 0.76676453 0.85469061 0.90243277 0.93201072
 0.95202856 0.96643904 0.97729303 0.98575508 0.99253356 0.99808334
 1.00270951 1.00662417 1.00997927 1.01288649 1.01542968 1.01767304
 1.01966655 1.02144967 1.02305399 1.02450507 1.02582385 1.0270276
 1.02813072]"
2442,"[0.19397498 0.53768644 0.7278662  0.80557684 0.84670634 0.87196071
 0.88897971 0.90120182 0.91039348 0.91755206 0.9232821  0.92797084
 0.93187754 0.93518224 0.93801376 0.9404667  0.94261207 0.9445042
 0.94618534 0.94768887 0.94904147 0.95026477 0.95137643 0.95239104
 0.95332078]"
2443,"[0.33781092 0.9714095  1.13334922 1.1802151  1.19917179 1.20896401
 1.21485667 1.21877115 1.22155406 1.22363189 1.22524159 1.22652496
 1.22757192 1.22844219 1.22917697 1.22980559 1.23034949 1.23082471
 1.23124347 1.23161527 1.23194758 1.23224638 1.2325165  1.23276186
 1.23298573]"
2444,"[0.50298229 1.12728071 1.32718481 1.38560643 1.40914489 1.42095355
 1.42781723 1.43223138 1.4352823  1.43750621 1.43919436 1.44051714
 1.44158032 1.44245281 1.44318128 1.44379842 1.4443278  1.44478678
 1.44518847 1.44554292 1.44585797 1.44613982 1.44639344 1.44662285
 1.44683136]"
2445,"[0.3354929  1.02915581 1.20969794 1.27341292 1.30141766 1.31595971
 1.32451319 1.3300357  1.33386129 1.33665805 1.33879002 1.34046975
 1.34182862 1.34295178 1.34389669 1.34470349 1.345401   1.34601051
 1.34654804 1.34702591 1.34745374 1.34783915 1.3481883  1.34850616
 1.34879684]"
2446,"[0.31831141 1.10345284 1.30910096 1.38220443 1.41310221 1.42765839
 1.43496765 1.43873581 1.44064831 1.44153853 1.4418461  1.44181488
 1.44158561 1.44124205 1.44083516 1.44039649 1.43994571 1.43949513
 1.43905236 1.43862203 1.43820679 1.43780804 1.43742634 1.43706172
 1.43671387]"
2447,"[0.82047871 1.32329227 1.40583189 1.40525408 1.3893338  1.37246223
 1.35759625 1.34504898 1.33453808 1.32569805 1.31820467 1.31179575
 1.3062653  1.30145241 1.29723107 1.29350187 1.29018575 1.28721923
 1.2845509  1.28213875 1.27994816 1.27795038 1.27612137 1.27444086
 1.27289167]"
2448,"[0.48869529 0.93655981 1.13597346 1.20492738 1.2376655  1.25640975
 1.26846449 1.27684126 1.28299025 1.28769141 1.29140008 1.2943994
 1.2968745  1.2989514  1.30071879 1.30224093 1.30356546 1.30472844
 1.30575768 1.30667497 1.30749761 1.30823951 1.30891198 1.30952434
 1.31008428]"
2449,"[0.74873075 1.06792629 1.06367909 1.05623494 1.0561715  1.05797794
 1.05998161 1.06178808 1.06333664 1.06464956 1.06576486 1.06671843
 1.0675402  1.06825416 1.06887929 1.06943064 1.06992019 1.07035754
 1.07075047 1.0711053  1.07142724 1.07172061 1.071989   1.07223546
 1.07246253]"
2450,"[0.72167975 0.802263   0.91929996 0.9905195  1.03069437 1.05602595
 1.07335543 1.08592176 1.09543637 1.10288338 1.10886696 1.11377782
 1.1178795  1.12135603 1.12433974 1.12692819 1.12919482 1.131196
 1.13297569 1.13456864 1.13600275 1.13730058 1.13848067 1.13955832
 1.14054628]"
2451,"[0.49897615 0.57143321 0.72112013 0.79972138 0.84293273 0.86978211
 0.88797408 0.90107812 0.91095195 0.91865197 0.92482134 0.92987326
 0.934085   0.93764937 0.94070456 0.94335211 0.94566831 0.94771159
 0.94952739 0.95115164 0.95261309 0.953935   0.95513642 0.9562331
 0.95723813]"
2452,"[0.67362739 1.17659758 1.33443959 1.39815536 1.43085306 1.45056532
 1.46370779 1.47308326 1.48010314 1.48555366 1.4899069  1.4934632
 1.49642262 1.49892354 1.50106469 1.50291838 1.50453879 1.5059673
 1.50723604 1.50837039 1.5093906  1.51031305 1.51115116 1.51191596
 1.51261667]"
2453,"[0.53073963 0.6793376  0.6730518  0.67432275 0.68089795 0.68740409
 0.69282501 0.6972059  0.70075614 0.703667   0.70608607 0.70812297
 0.7098588  0.71135415 0.71265479 0.71379585 0.71480463 0.71570263
 0.71650696 0.71723145 0.71788733 0.71848386 0.71902868 0.71952823
 0.71998787]"
2454,"[0.29187995 0.67957377 0.74082339 0.72659702 0.70445299 0.68536518
 0.67011599 0.6579852  0.64821787 0.64023103 0.6336002  0.6280182
 0.62326055 0.61916078 0.61559343 0.61246251 0.60969346 0.60722758
 0.60501809 0.60302729 0.60122445 0.59958433 0.59808595 0.59671179
 0.5954471 ]"
2455,"[0.68963728 0.67744907 0.71262326 0.71570462 0.71346906 0.71142318
 0.7099571  0.70891979 0.70816764 0.70760569 0.7071739  0.70683387
 0.70656033 0.70633623 0.70614973 0.70599237 0.705858   0.70574207
 0.70564112 0.70555247 0.70547407 0.70540425 0.70534173 0.70528542
 0.70523446]"
2456,"[0.00065416 0.25943618 0.34456875 0.34236726 0.33147583 0.32211146
 0.31493222 0.30944791 0.30518288 0.30179503 0.29904964 0.29678505
 0.29488791 0.29327708 0.29189324 0.29069215 0.28964022 0.28871154
 0.28788582 0.28714694 0.28648197 0.28588042 0.28533367 0.28483458
 0.28437721]"
2457,"[0.00302091 0.26797193 0.34362137 0.34103607 0.32991657 0.32024221
 0.31274965 0.30698119 0.30246797 0.29886579 0.29593541 0.29351054
 0.29147373 0.28974042 0.28824848 0.2869514  0.28581374 0.28480809
 0.28391289 0.28311103 0.28238873 0.28173476 0.28113991 0.28059655
 0.2800983 ]"
2458,"[0.76126847 1.25856705 1.3978008  1.42709002 1.43338209 1.43387891
 1.43276448 1.43124902 1.429718   1.42829405 1.42700862 1.42586066
 1.42483817 1.42392643 1.42311112 1.42237936 1.42171999 1.42112344
 1.4205816  1.42008759 1.41963557 1.41922055 1.41883831 1.41848517
 1.41815802]"
2459,"[0.72204858 1.17089026 1.25899588 1.28363622 1.29512016 1.30200802
 1.3066767  1.3100713  1.31265683 1.31469349 1.31633978 1.31769821
 1.31883817 1.31980839 1.32064411 1.32137143 1.32201013 1.32257545
 1.32307932 1.32353123 1.32393882 1.32430828 1.32464472 1.32495238
 1.32523478]"
2460,"[0.82387609 1.18526936 1.29170533 1.32473427 1.34002059 1.34875412
 1.35438899 1.35832111 1.36121912 1.36344273 1.36520237 1.36662932
 1.36780964 1.36880212 1.36964822 1.37037809 1.3710141  1.37157326
 1.37206869 1.37251069 1.37290746 1.37326559 1.37359047 1.37388652
 1.37415741]"
2461,"[0.69891104 0.83709014 0.87925421 0.93627018 0.98152678 1.0135253
 1.0365496  1.05371333 1.06693679 1.07741129 1.08590141 1.09291617
 1.09880604 1.10381953 1.10813748 1.11189445 1.11519257 1.11811072
 1.12071072 1.12304174 1.12514334 1.1270477  1.12878126 1.13036598
 1.13182018]"
2462,"[0.37332039 0.89415635 1.16544498 1.26484614 1.30939765 1.3326767
 1.34625512 1.35483931 1.36060609 1.3646673  1.36763689 1.36987568
 1.37160681 1.3729742  1.37407406 1.3749727  1.37571698 1.37634085
 1.37686934 1.37732129 1.37771105 1.37804976 1.37834614 1.37860711
 1.37883823]"
2463,"[0.34222398 0.62693331 0.8148189  0.90966829 0.95744566 0.98462775
 1.00170051 1.01324163 1.02148658 1.0276328  1.03237096 1.03612381
 1.039163   1.04167023 1.04377125 1.04555561 1.04708867 1.04841919
 1.04958421 1.05061239 1.05152617 1.0523434  1.05307843 1.05374294
 1.05434651]"
2464,"[0.60166178 0.7724775  1.02823308 1.13712444 1.19218845 1.22415939
 1.24461464 1.25865224 1.26880351 1.27644645 1.28238724 1.28712541
 1.2909853  1.2941859  1.29687991 1.29917686 1.30115717 1.30288119
 1.30439497 1.30573431 1.30692734 1.30799655 1.30896005 1.30983264
 1.31062648]"
2465,"[0.18985695 0.57879825 0.78713163 0.89106195 0.94354892 0.9733658
 0.99204602 1.00464118 1.0136179  1.02029571 1.02543431 1.02949788
 1.03278411 1.03549185 1.03775844 1.03968156 1.04133242 1.04276407
 1.04401677 1.04512163 1.04610299 1.0469802  1.04776881 1.04848143
 1.04912842]"
2466,"[0.2434274  0.57569018 0.78479321 0.88896668 0.94173194 0.97182372
 0.99074838 1.00355352 1.01270921 1.01953986 1.02480977 1.02898697
 1.0323723  1.03516707 1.03751062 1.03950224 1.04121441 1.04270125
 1.04400387 1.04515408 1.04617682 1.04709193 1.04791536 1.04866011
 1.04933682]"
2467,"[0.65894372 0.8145919  1.0562706  1.15569354 1.20505289 1.23344705
 1.25152302 1.26389235 1.272822   1.27953826 1.28475544 1.28891489
 1.29230259 1.29511131 1.29747537 1.29949098 1.30122879 1.30274177
 1.30407034 1.30524588 1.30629311 1.30723171 1.3080776  1.30884373
 1.30954078]"
2468,"[0.45537114 0.79313481 1.04759813 1.15049917 1.20157868 1.23094848
 1.24963249 1.26240859 1.2716256  1.27855372 1.28393254 1.28821879
 1.29170827 1.29460028 1.29703362 1.29910767 1.30089539 1.30245144
 1.30381752 1.30502601 1.30610239 1.30706696 1.30793611 1.3087232
 1.30943922]"
2469,"[0.54994811 0.77764836 1.0074863  1.11979704 1.17768365 1.21152842
 1.23326332 1.24821424 1.2590437  1.26720719 1.27355861 1.27862813
 1.28276055 1.28618894 1.289076   1.29153851 1.2936623  1.29551178
 1.29713619 1.29857374 1.29985455 1.30100266 1.30203746 1.30297477
 1.30382763]"
2470,"[1.12466328 1.38800967 1.39374398 1.3725007  1.35776462 1.34870032
 1.34299266 1.33923722 1.33665789 1.33481833 1.33346347 1.33243795
 1.33164339 1.33101533 1.3305102  1.33009776 1.3297565  1.32947081
 1.32922913 1.32902278 1.32884509 1.32869092 1.32855623 1.32843783
 1.32833313]"
2471,"[8.04941000e-08 2.24019688e-02 2.29303701e-01 3.61259723e-01
 4.27975134e-01 4.66050306e-01 4.90075060e-01 5.06401481e-01
 5.18129362e-01 5.26920064e-01 5.33733111e-01 5.39156990e-01
 5.43570745e-01 5.47228616e-01 5.50307029e-01 5.52932004e-01
 5.55195812e-01 5.57167487e-01 5.58899656e-01 5.60433111e-01
 5.61799937e-01 5.63025708e-01 5.64131048e-01 5.65132770e-01
 5.66044711e-01]"
2472,"[0.41914254 0.66168738 0.73499827 0.78771589 0.82833503 0.85714608
 0.87769162 0.89279393 0.90425806 0.91321293 0.92038007 0.92623537
 0.93110277 0.93520932 0.93871833 0.94174999 0.9443946  0.94672123
 0.94878354 0.95062386 0.95227599 0.95376722 0.95511984 0.95635225
 0.9574797 ]"
2473,"[3.00989278e-10 6.70658012e-05 2.73873177e-03 1.30870327e-02
 2.83910560e-02 4.37142248e-02 5.69837653e-02 6.79400516e-02
 7.68965693e-02 8.42508804e-02 9.03481679e-02 9.54598934e-02
 9.97931634e-02 1.03505109e-01 1.06715500e-01 1.09516453e-01
 1.11979575e-01 1.14161154e-01 1.16105918e-01 1.17849786e-01
 1.19421887e-01 1.20846066e-01 1.22142008e-01 1.23326094e-01
 1.24412062e-01]"
2474,"[0.39610363 0.92170398 1.11863823 1.19199775 1.22542072 1.2433065
 1.25404943 1.26106256 1.26593267 1.26947817 1.27215682 1.27424169
 1.27590443 1.27725764 1.27837794 1.27931906 1.28011968 1.2808083
 1.28140631 1.28193009 1.28239235 1.2828031  1.28317032 1.28350046
 1.28379875]"
2475,"[0.85599765 0.70403311 0.76429774 0.83279878 0.87283576 0.89808101
 0.91528923 0.92772384 0.93711106 0.94444071 0.95031841 0.9551345
 0.95915153 0.96255236 0.9654682  0.96799558 0.97020707 0.97215827
 0.97389248 0.97544392 0.97683998 0.97810285 0.9792507  0.98029853
 0.98125885]"
2476,"[1.38933755 1.47206017 1.34934863 1.23010023 1.14525155 1.08723786
 1.04720944 1.01899619 0.99860657 0.98349015 0.9720066  0.96308466
 0.95601092 0.95030004 0.94561468 0.94171543 0.93842902 0.93562773
 0.93321583 0.9311204  0.92928514 0.92766599 0.92622804 0.92494334
 0.92378928]"
2477,"[0.05242447 0.82648483 1.01462202 1.07357431 1.10099224 1.11666677
 1.12677051 1.13381107 1.13899228 1.14296205 1.14609939 1.14864053
 1.15074021 1.15250402 1.1540064  1.15530136 1.156429   1.15741974
 1.15829703 1.15907929 1.15978115 1.16041437 1.16098856 1.16151158
 1.16198998]"
2478,"[0.1002822  0.74464731 0.98981474 1.07730793 1.11476825 1.1340994
 1.14551767 1.15293418 1.15809273 1.16186829 1.16474178 1.16699708
 1.1688116  1.17030148 1.17154575 1.1725999  1.17350404 1.17428779
 1.17497351 1.17557839 1.17611584 1.17659646 1.17702878 1.17741969
 1.17777483]"
2479,"[0.9135577  1.3567234  1.34654096 1.2944033  1.25368997 1.2251226
 1.20503058 1.19056005 1.17984788 1.17170621 1.16536898 1.16033115
 1.15625148 1.15289373 1.1500905  1.14772069 1.14569493 1.14394612
 1.14242306 1.14108611 1.13990415 1.1388525  1.13791131 1.13706451
 1.13629892]"
2480,"[0.03249629 0.67683171 0.94012088 1.0388285  1.08559204 1.11203684
 1.12887569 1.14049859 1.14899325 1.15546953 1.16056938 1.16468912
 1.16808645 1.17093605 1.17336052 1.17544842 1.17726531 1.17886074
 1.18027291 1.18153168 1.18266077 1.18367924 1.1846026  1.18544358
 1.18621273]"
2481,"[0. 0. 0. 0. 0. 0. 0. 0. 0. 0. 0. 0. 0. 0. 0. 0. 0. 0. 0. 0. 0. 0. 0. 0.
 0.]"
2482,"[0.45602782 1.12486178 1.25887372 1.27577837 1.27005219 1.26070509
 1.25178642 1.24406214 1.23752503 1.23200224 1.22731064 1.22329355
 1.21982485 1.2168049  1.21415524 1.21181378 1.20973107 1.20786737
 1.20619049 1.20467413 1.20329662 1.20203994 1.20088904 1.19983125
 1.19885579]"
2483,"[0.88568974 1.03676898 1.08191077 1.10153251 1.10955191 1.11351102
 1.11579306 1.11725974 1.11827765 1.11902461 1.1195961  1.12004764
 1.12041357 1.12071629 1.12097097 1.1211883  1.12137598 1.12153974
 1.1216839  1.12181182 1.1219261  1.12202884 1.1221217  1.12220605
 1.12228302]"
2484,"[0.87170226 1.08361337 1.19761151 1.23355518 1.24845597 1.25615012
 1.2607272  1.26372283 1.26582078 1.26736549 1.26854727 1.26947905
 1.27023173 1.27085196 1.27137161 1.27181313 1.27219281 1.27252271
 1.27281199 1.27306767 1.27329527 1.27349916 1.27368285 1.27384918
 1.27400051]"
